word	word_with_punct	word_index_in_text	word_index_in_sent	sent_index_in_text	word_limit_char_indices	text_id	text_id_numeric	text_domain	text_domain_numeric	word_length	STTS_punctuation_before	STTS_punctuation_after	is_in_quote	is_in_parentheses	is_clause_beginning	is_sent_beginning	is_clause_end	is_sent_end	is_abbreviation	is_expert_technical_term	is_general_technical_term	contains_symbol	contains_hyphen	contains_abbreviation	STTS_PoS_tag	type	type_length_chars	PoS_tag	lemma	lemma_length_chars	syllables	type_length_syllables	annotated_type_frequency_normalized	type_frequency_normalized	lemma_frequency_normalized	familiarity_normalized	regularity_normalized	document_frequency_normalized	sentence_frequency_normalized	cumulative_syllable_corpus_frequency_normalized	cumulative_syllable_lexicon_frequency_normalized	cumulative_character_corpus_frequency_normalized	cumulative_character_lexicon_frequency_normalized	cumulative_character_bigram_corpus_frequency_normalized	cumulative_character_bigram_lexicon_frequency_normalized	cumulative_character_trigram_corpus_frequency_normalized	cumulative_character_trigram_lexicon_frequency_normalized	initial_letter_frequency_normalized	initial_bigram_frequency_normalized	initial_trigram_frequency_normalized	avg_cond_prob_in_bigrams	avg_cond_prob_in_trigrams	neighbors_coltheart_higher_freq_cum_freq_normalized	neighbors_coltheart_higher_freq_count_normalized	neighbors_coltheart_all_cum_freq_normalized	neighbors_coltheart_all_count_normalized	neighbors_levenshtein_higher_freq_cum_freq_normalized	neighbors_levenshtein_higher_freq_count_normalized	neighbors_levenshtein_all_cum_freq_normalized	neighbors_levenshtein_all_count_normalized	sent_surprisal_llama-7b	text_surprisal_llama-7b	sent_surprisal_llama-13b	text_surprisal_llama-13b	sent_surprisal_gpt2-base	text_surprisal_gpt2-base	sent_surprisal_gpt2-large	text_surprisal_gpt2-large	sent_surprisal_bert-base	text_surprisal_bert-base
Der	Der	1	1	1	1,3	p3	9	physics	1	3			0	0	0	1	0	0	0	0	0	0	0	0	ART	Der	3.0	art	d	1.0	der	1.0	2141.38019221	2185.87714719	80100.3069113	2185.87714719	0.428085856899	5425.85915635	4106.146075	38163.5169	19310.096833	1132849.1948	2496722.14659	301670.887228	455146.876258	217819.682397	167619.157698	19121.5915224	4739.26497064	2226.87516835	0.0321666594225	0.0561990820768	26530.3631386	0.428085856899	27381.593239	33.8187826951	31474.0214343	0.856171713799	32362.4890195	46.2332725451	15.97158432006836	15.69015121459961	15.488348007202148	15.688224792480469	3.3578615188598633	3.3578598499298096	3.4370577335357666	3.437056303024292	0.003153234953060746	0.0028773832600563765
entscheidende	entscheidende	2	2	1	4,16	p3	9	physics	1	13			0	0	0	0	0	0	0	0	0	0	0	0	ADJA	entscheidende	13.0	adja	entscheidend	12.0	ent-schei-den-de	4.0	21.6884845764	21.6884845764	80.1648246347	116.135172217	155.823251911	167.923148685	41.0772895507	43529.3281	65648.2504131	5741798.54207	11945498.2491	1130617.32466	2039953.25302	332846.485579	564178.631666	45007.5949345	2892.41652449	2177.579442	0.00380117951396	0.123542216795	0.0	0.0	3.99761362904	0.856171713799	22.0972385262	0.428085856899	53.3423904489	3.4246868552	9.565711975097656	9.601140022277832	9.670992851257324	9.750300407409668	8.724937438964844	8.72494125366211	8.580065727233887	8.58006477355957	0.8933455944061279	1.086491584777832
Durchbruch	Durchbruch	3	3	1	17,26	p3	9	physics	1	10			0	0	0	0	0	0	0	0	0	0	0	0	NN	Durchbruch	10.0	nn	Durchbruch	10.0	durch-bruch	2.0	7.97070202109	7.97070202109	9.01711213258	17.1513157336	38.0996412641	74.1282368069	14.975286897	3477.53145347	3342.06628481	1834755.58316	4398208.46069	363117.290711	717452.204214	116203.875581	95768.7993904	19121.5915224	897.590973444	345.266286317	0.00718004713538	0.180552372693	0.0	0.0	0.00817507899599	0.428085856899	0.0	0.0	0.523205055744	2.9966009983	5.753701210021973	5.717625141143799	3.3513104915618896	3.3243277072906494	4.796459197998047	4.796453952789307	4.861762046813965	4.861760139465332	1.6984596252441406	1.8026719093322754
zur	zur	4	4	1	27,29	p3	9	physics	1	3			0	0	0	0	0	0	0	0	0	0	0	0	APPRART	zur	3.0	apprart	zur	3.0	zur	1.0	1694.48949889	1694.48949889	1790.59572757	1694.48949889	0.428085856899	4293.00824488	2973.92127499	1805.646048	102.740605656	568301.260359	1400712.76295	166723.967158	135076.927028	153939.647823	92110.8057432	19838.2434724	15326.7362026	2405.29626744	0.0478070617353	0.273718659164	2374.50074486	0.428085856899	4321.90266265	25.685151414	11272.452926	0.856171713799	13220.8522034	30.8221816968	3.677757978439331	3.708419561386109	3.0518455505371094	3.037944793701172	4.732326984405518	4.732328414916992	3.804070472717285	3.804063320159912	0.07612306624650955	0.08216172456741333
Aufstellung	Aufstellung	5	5	1	30,40	p3	9	physics	1	11			0	0	0	0	0	0	0	0	0	0	0	0	NN	Aufstellung	11.0	nn	Aufstellung	11.0	auf-stel-lung	3.0	19.6774151434	19.6774151434	20.7565255708	55.165433065	177.655630613	160.106906029	36.5924626976	12787.5484914	17288.6754167	2705374.543	6586531.13468	346251.105383	907296.295345	125026.322732	323749.347169	19822.5963712	5396.67212318	1676.8558535	0.0172957705287	0.115671742067	21.1162290466	0.428085856899	21.1489293626	1.7123434276	21.1162290466	0.428085856899	21.1816296786	2.5685151414	9.064507484436035	9.035579681396484	9.334970474243164	9.34078884124756	9.540144920349121	9.540141105651855	9.919476509094238	9.919480323791504	4.860815048217773	4.885760307312012
eines	eines	6	6	1	41,45	p3	9	physics	1	5			0	0	0	0	0	0	0	0	0	0	0	0	ART	eines	5.0	art	eine	4.0	ei-nes	2.0	964.814648028	996.591180085	17543.4333976	7303.86082739	14.1268332777	2911.67645798	1770.37376144	17195.1259819	8521.04898158	2656542.58071	5696942.18272	367047.786942	545487.118897	215066.422067	203192.664321	45007.5949345	21503.4825387	20569.6023896	0.0495844122944	0.245308794672	6240.92070617	1.2842575707	6269.57435805	14.9830049915	10843.2040532	1.7123434276	11254.5822033	25.685151414	1.6169476509094238	1.6204204559326172	1.92078709602356	1.947229623794556	1.8056927919387817	1.8056907653808594	1.756518840789795	1.7565109729766846	1.507882833480835	1.3806405067443848
Ordnungsschemas	Ordnungsschemas	7	7	1	46,60	p3	9	physics	1	15			0	0	0	0	0	0	0	0	1	0	0	0	NN	Ordnungsschemas	15.0	nn	Ordnungsschema	14.0	ord-nungs-sche-mas	4.0	0.00817507899599	0.00817507899599	0.106276026948	3.74418618016	56.0792472538	0.126068429944	0.0155184320176	4821.69429215	17145.2666547	4104580.38476	9433027.25195	471177.822953	1127507.51291	183278.085196	470552.40199	3462.11325449	897.026892993	204.842954403	0.000928505	0.058823529	0.0	0.0	0.0	0.0	0.0654006319679	0.428085856899	0.0654006319679	0.428085856899	17.868511199951172	17.790315628051758	15.511232376098633	15.532325744628906	16.475393295288086	16.475400924682617	15.994600296020508	15.994586944580078	4.575259496923536	4.9516169594135135
gelang	gelang	8	8	1	61,66	p3	9	physics	1	6			0	0	0	0	0	0	0	0	0	0	0	0	VVFIN	gelang	6.0	vvfin	gelingen	8.0	ge-lang	2.0	41.6275022476	41.6275022476	123.705295367	227.299896405	28.6817524123	272.559945538	78.6629318974	43721.295305	95027.7827721	1923607.26309	4498643.82401	237243.596516	606024.452264	97085.3742384	147434.909545	23747.2147199	15623.9820749	965.893758456	0.0257635944717	0.164119905876	0.0	0.0	3.13923033446	2.9966009983	0.0	0.0	34.3762071781	5.13703028279	2.5847225189208984	2.5891404151916504	1.811007022857666	1.8409631252288816	4.436901092529297	4.436897277832031	3.313532829284668	3.3135433197021484	0.28290650248527527	0.7990842461585999
dem	dem	9	9	1	67,69	p3	9	physics	1	3			0	0	0	0	0	0	0	0	0	0	0	0	ART	dem	3.0	nn	d	1.0	dem 	1.0	5100.87323987	5616.24656993	80100.3069113	5616.24656993	0.428085856899	6562.36605229	9206.65119996	6667.98683292	1002.148991	1098350.78654	2107258.1957	260311.257794	170837.935256	214520.302265	48324.4719561	110461.430317	53801.2331077	5810.24119451	0.0776634434188	0.228051977566	43473.0753814	1.2842575707	43630.2003997	29.966009983	43473.0753814	1.2842575707	43925.3698019	41.0962422623	2.688337564468384	2.692519426345825	2.463028907775879	2.458639621734619	1.8874274492263794	1.8874287605285645	2.3242714405059814	2.3242671489715576	1.28730046749115	1.8318442106246948
Quarkmodell	Quarkmodell,	10	10	1	70,80	p3	9	physics	1	11		$,	0	0	0	0	0	0	0	1	0	0	0	0	NN	Quarkmodell	11.0	nn	Quarkmodell	11.0	quark-mo-dell	3.0																													23.78080368041992	23.79057502746582	23.73429679870605	23.61994171142578	25.162403106689453	25.16240119934082	24.73996925354004	24.73997688293457	28.763234505895525	27.991473436821252
das	das	11	11	1	82,84	p3	9	physics	1	3			0	0	1	0	0	0	0	0	0	0	0	0	PRELS	das	3.0	prels	die	3.0	das	1.0	865.29941141	7683.24989344	10789.1994813	7683.24989344	0.428085856899	6503.8703008	12246.2154424	9530.4416929	290.670296835	734069.119328	1662118.68252	216547.190476	169684.671958	215247.31204	124039.161294	110461.430317	19319.7963127	7903.50287175	0.0288325249482	0.178984875387	0.0	0.0	15300.9683536	34.6749544089	0.0	0.0	16474.0513142	50.942216971	1.8608286380767824	1.8149306774139404	0.9981321096420288	0.99578595161438	0.6580908298492432	0.6580961346626282	1.0555580854415894	1.0555559396743774	0.03987153246998787	0.09570763260126114
die	die	12	12	1	85,87	p3	9	physics	1	3			0	0	0	0	0	0	0	0	0	0	0	0	ART	die	3.0	art	d	1.0	die	1.0	20527.116504	24520.1275636	80100.3069113	24520.1275636	0.428085856899	9091.29875697	30440.211361	33694.5118659	1928.95487119	1361337.08551	2613060.47141	356516.797331	303924.26305	343523.065172	189343.230678	110461.430317	29991.8223867	29048.3692201	0.0938387928357	0.266249299869	0.0	0.0	15201.9436218	35.5311261227	0.0	0.0	15852.8515865	58.2196765383	2.724400043487549	2.701216220855713	2.583534002304077	2.6208512783050537	2.5805392265319824	2.5805418491363525	3.033407688140869	3.033414363861084	0.4255248010158539	0.43153518438339233
Vielzahl	Vielzahl	13	13	1	88,95	p3	9	physics	1	8			0	0	0	0	0	0	0	0	0	0	0	0	NN	Vielzahl	8.0	nn	Vielzahl	8.0	viel-zahl	2.0	8.40398120788	8.40398120788	8.41215628688	50.97161754	52.2264745417	64.5470361312	15.9063928181	1610.35158587	1218.76043459	1992550.67999	4669066.08789	151644.216442	315573.335388	32885.873927	69816.0943159	10632.1480387	666.138136909	386.820212853	0.00102035541772	0.055090119666	0.0	0.0	0.179851737912	1.2842575707	0.0	0.0	0.179851737912	1.2842575707	9.071462631225586	9.086088180541992	8.297345161437988	8.364791870117188	8.691622734069824	8.691621780395508	8.707521438598633	8.707518577575684	3.1214542388916016	3.112884998321533
der	der	14	14	1	96,98	p3	9	physics	1	3			0	0	0	0	0	0	0	0	0	0	0	0	ART	der	3.0	art	d	1.0	der	1.0	24738.5901996	26530.3631386	80100.3069113	26530.3631386	0.428085856899	9372.80956103	30912.3596552	38163.5169	19310.096833	1332151.97174	2710999.66609	487983.455471	535760.152056	398226.025843	178781.068331	110461.430317	53801.2331077	27238.2432288	0.129811235347	0.318759302208	0.0	0.0	25590.4497812	36.8153836934	0.0	0.0	33289.1996244	55.22307554	0.3994628190994262	0.3947411179542541	0.5287165641784668	0.5221721529960632	0.7532602548599243	0.7532618641853333	0.7938394546508789	0.793839156627655	0.12612184882164001	0.11231404542922974
bisher	bisher	15	15	1	99,104	p3	9	physics	1	6			0	0	0	0	0	0	0	0	0	0	0	0	ADV	bisher	6.0	adv	bisher	6.0	bis-her	2.0	194.812132475	194.812132475	208.816042795	198.082164073	10.7021464225	1325.73560929	356.101459509	4073.67456402	5468.36873603	2039366.74138	4625979.2464	384652.214604	670414.98643	224645.513655	176592.265345	20337.830725	2547.64074292	1522.82919014	0.00867596110418	0.173756621289	0.0	0.0	15.9087037262	4.28085856899	0.0	0.0	16.0558551481	7.27745956729	2.686333417892456	2.715517044067383	3.2397241592407227	3.240041732788086	6.335853576660156	6.3358564376831055	4.235008239746094	4.2350077629089355	2.333101272583008	1.2818920612335205
gefundenen	gefundenen	16	16	1	105,114	p3	9	physics	1	10			0	0	0	0	0	0	0	0	0	0	0	0	ADJA	gefundenen	10.0	adja	gefinden	8.0	ge-fun-de-nen	4.0	3.80958681213	3.80958681213	6.7362650927	75.6521810289	71.4903381022	35.0470235244	7.15399716013	71192.920689	151612.171337	4332473.6284	8999226.02077	913576.817216	1597166.9278	456649.947295	576688.156577	23747.2147199	15623.9820749	792.295955976	0.0288110928516	0.184475824796	4.83147168663	0.428085856899	6.95699222559	3.8527727121	4.83147168663	0.428085856899	9.06616260656	4.28085856899	3.954379558563232	3.9843289852142334	3.1903796195983887	3.194654941558838	4.007820129394531	4.007821083068848	4.92327880859375	4.923277378082275	2.6621268577873707	2.4373682402074337
als	als	17	17	1	115,117	p3	9	physics	1	3			0	0	0	0	0	0	0	0	0	0	0	0	KOKOM	als	3.0	kokom	als	3.0	als	1.0	3463.41309205	4153.65136184	4541.08470562	4153.65136184	0.428085856899	5247.34625955	6981.83567532	4603.69763565	302.228614971	681961.550037	1925878.64622	141980.120382	218560.946583	127440.529836	138813.260388	41334.1231877	9001.42415599	4724.78690573	0.0390845361957	0.243678478051	0.0	0.0	3467.69683344	19.2638635605	0.0	0.0	4065.34415852	32.9626109813	9.400423049926758	9.385869979858398	10.036083221435549	10.060208320617676	9.138054847717285	9.138050079345703	9.052793502807617	9.052789688110352	5.824933052062988	6.5015482902526855
Elementarteilchen	"""Elementarteilchen"""	18	18	1	119,135	p3	9	physics	1	17	$(	$(	1	0	0	0	0	0	0	0	1	0	0	0	NN	Elementarteilchen	17.0	nn	Elementarteilchen	17.0	e-le-men-tar-teil-chen	6.0	0.474154581768	0.474154581768	0.506854897752	5.11759945149	65.4971361056	4.16025818814	0.900069057022	30253.2532379	84744.3043177	6354310.23723	14299947.7735	1063765.03574	2249201.19179	427189.439642	691001.635288	14903.9783425	524.202415381	220.048601335	0.00247898727586	0.145431114379	0.0	0.0	0.0	0.0	0.0	0.0	0.032700315984	0.428085856899	8.04815673828125	8.008468627929688	7.524665355682373	7.449611663818359	14.070948600769043	14.070953369140625	14.358163833618164	14.358169555664062	45.054154632736754	45.9538381601451
angenommenen	angenommenen	19	19	1	137,148	p3	9	physics	1	12			0	0	0	0	0	0	0	0	0	0	0	0	ADJA	angenommenen	12.0	adja	angenehmen	10.0	an-ge-nom-me-nen	5.0	5.5100032433	5.5100032433	10.8810301437	90.9150535144	193.066721462	64.1688308414	10.3973494518	72592.7231153	152090.343239	4914399.27104	10662362.6915	1002262.71471	2002932.38812	451446.574915	630068.750589	41334.1231877	8435.34898599	1078.74254892	0.0288287921588	0.198998114233	0.0	0.0	1.40611358731	2.9966009983	0.0	0.0	5.32197642639	3.8527727121	6.509453773498535	6.458144664764404	4.1885986328125	4.133496284484863	7.879983901977539	7.87998104095459	10.834989547729492	10.83497428894043	6.369171102531254	7.499237147159874
Teilchen	Teilchen	20	20	1	149,156	p3	9	physics	1	8			0	0	0	0	0	0	0	0	1	0	0	0	NN	Teilchen	8.0	nn	Teilchen	8.0	teil-chen	2.0	4.51264360579	4.51264360579	4.81512152864	8.44485660286	24.4008938433	26.2222334283	7.99199248908	8326.98013882	17786.1111825	2913834.55293	6304234.19721	656196.938372	1228507.94955	388513.018286	579645.373676	8191.78885746	1519.16675475	560.68779294	0.0458030658424	0.334724721978	0.0	0.0	6.59728874977	3.4246868552	0.0	0.0	8.00340233708	5.56511613969	1.703526258468628	1.7372784614562988	1.5116727352142334	1.4915642738342283	2.551764726638794	2.5517568588256836	1.1922906637191772	1.192294716835022	1.012070655822754	0.4391086995601654
als	als	21	21	1	157,159	p3	9	physics	1	3			0	0	0	0	0	0	0	0	0	0	0	0	KOKOM	als	3.0	kokom	als	3.0	als	1.0	3463.41309205	4153.65136184	4541.08470562	4153.65136184	0.428085856899	5247.34625955	6981.83567532	4603.69763565	302.228614971	681961.550037	1925878.64622	141980.120382	218560.946583	127440.529836	138813.260388	41334.1231877	9001.42415599	4724.78690573	0.0390845361957	0.243678478051	0.0	0.0	3467.69683344	19.2638635605	0.0	0.0	4065.34415852	32.9626109813	2.715592861175537	2.6799256801605225	2.5023889541625977	2.4882445335388184	3.797384023666382	3.797384023666382	3.1451406478881836	3.1451406478881836	0.02927575632929802	0.08488176763057709
Systeme	Systeme	22	22	1	160,166	p3	9	physics	1	7			0	0	0	0	0	0	0	0	0	0	0	0	NN	Systeme	7.0	nn	System	6.0	syste-me	2.0	23.8467054313	23.8467054313	165.251046825	59.3183731949	4.70894442589	99.2158543657	42.1946166559	4046.68045317	17633.7126174	2232387.96747	5100222.17656	322899.515436	681615.42479	178043.15701	309995.376673	26995.0755041	394.153258713	192.711137173	0.0814777949969	0.402648132107	34.3353317832	0.428085856899	35.3490415787	2.5685151414	133.106636213	0.856171713799	142.524327216	4.70894442589	7.864253044128418	7.869559288024902	6.441975593566895	6.395827293395996	9.65256118774414	9.652566909790039	7.271782398223877	7.271773815155029	5.375328063964844	6.639373779296875
mit	mit	23	23	1	167,169	p3	9	physics	1	3			0	0	0	0	0	0	0	0	0	0	0	0	APPR	mit	3.0	appr	mit	3.0	mit	1.0	6311.02200856	6389.55999248	6727.32973136	6389.55999248	0.428085856899	6848.28925141	10606.5379154	9545.0750843	6105.78857696	754691.189375	1756517.60717	154872.35076	192565.004837	138846.449102	106042.43187	21052.512481	9522.82251927	6974.74032209	0.0635514315396	0.282257671036	0.0	0.0	1501.70478601	30.3940958399	0.0	0.0	1518.70077524	44.5209291175	4.36111307144165	4.3375349044799805	3.483743667602539	3.518263339996338	3.476957082748413	3.4769530296325684	2.5355613231658936	2.5355618000030518	0.18537048995494843	0.2349826693534851
innerer	innerer	24	24	1	170,176	p3	9	physics	1	7			0	0	0	0	0	0	0	0	0	0	0	0	ADJA	innerer	7.0	adja	inner	5.0	in-ne-rer	3.0	10.8892052227	10.8973803017	147.012445585	91.0213295414	9.41788885179	84.0876427725	20.6550330155	36242.1607839	40425.0036387	3540394.40194	7639046.99527	660703.483369	1094557.7445	273536.45914	206634.046524	37971.7622471	15391.66268	396.78563415	0.00933617695192	0.188982438295	67.0111225302	0.428085856899	72.8154286173	2.1404292845	118.816598128	0.856171713799	124.653604531	3.4246868552	7.452026844024658	7.403179168701172	5.11614465713501	5.091457366943359	8.295371055603027	8.295368194580078	7.898853778839111	7.898853778839111	3.100819335799315	4.110917445323139
Struktur	Struktur	25	25	1	177,184	p3	9	physics	1	8			0	0	0	0	0	0	0	0	0	0	0	0	NN	Struktur	8.0	nn	Struktur	8.0	struk-tur	2.0	41.8972798545	41.8972798545	60.3402580694	134.18574664	155.395166055	161.115453468	77.8094181364	963.25320794	7125.91717395	1674796.10147	4374764.76682	199000.290845	370138.871052	154390.904008	201110.882799	26995.0755041	6635.67892073	1106.52146734	0.0321641260368	0.188139646413	0.0	0.0	0.171676658916	1.7123434276	0.0	0.0	0.670356477671	3.4246868552	0.9921098947525024	0.9959978461265564	0.2760630249977112	0.2827358841896057	1.623832106590271	1.6238393783569336	1.5141860246658325	1.514190435409546	0.7964139580726624	1.7834389209747314
ansieht	ansieht,	26	26	1	185,191	p3	9	physics	1	7		$,	0	0	0	0	1	0	0	0	0	0	0	0	VVFIN	ansieht	7.0	vvfin	ansehen	7.0	an-sieht	2.0	6.60546382876	6.60546382876	101.673457473	49.6063793477	25.2570655571	69.0854996092	12.5078562062	12942.1882857	19287.8363685	2617183.65471	5968552.38487	331473.79989	490366.355876	161277.467928	128318.735606	41334.1231877	8435.34898599	343.018139593	0.0429813254374	0.301339739937	0.0	0.0	4.4962934478	2.1404292845	0.0	0.0	4.77424613366	3.4246868552	7.494447231292725	7.527606010437012	5.518710136413574	5.548015594482422	9.054144859313965	9.054125785827637	6.837313175201416	6.837325572967529	29.284017212688923	27.656677456572652
die	die	27	27	1	193,195	p3	9	physics	1	3			0	0	1	0	0	0	0	0	0	0	0	0	PRELS	die	3.0	art	d	1.0	die	1.0	20527.116504	24520.1275636	80100.3069113	24520.1275636	0.428085856899	9091.29875697	30440.211361	33694.5118659	1928.95487119	1361337.08551	2613060.47141	356516.797331	303924.26305	343523.065172	189343.230678	110461.430317	29991.8223867	29048.3692201	0.0938387928357	0.266249299869	0.0	0.0	15201.9436218	35.5311261227	0.0	0.0	15852.8515865	58.2196765383	2.161768913269043	2.1441071033477783	0.8119092583656311	0.8001770377159119	0.9774549007415771	0.9774589538574219	1.0105526447296143	1.0105524063110352	0.0859932079911232	0.1685110479593277
aus	aus	28	28	1	196,198	p3	9	physics	1	3			0	0	0	0	0	0	0	0	0	0	0	0	APPR	aus	3.0	adv	aus	3.0	aus	1.0	0.00817507899599	2877.24357788	3047.3996721	2877.24357788	0.428085856899	4921.08116286	5006.30824262	7041.84954557	10996.2414062	691880.798486	1839111.63623	154052.594714	244752.951652	136403.612872	161007.799724	41334.1231877	16266.7803613	4798.31356622	0.0510223759777	0.292714090181	9745.02934146	0.856171713799	9978.06814332	29.966009983	9745.02934146	0.856171713799	10279.6059321	50.0860452572	2.757869243621826	2.7192025184631348	1.1737346649169922	1.1769359111785889	4.172488689422607	4.172499656677246	3.0739755630493164	3.0739755630493164	0.00786789320409298	0.003913839813321829
wenigen	wenigen	29	29	1	199,205	p3	9	physics	1	7			0	0	0	0	0	0	0	0	0	0	0	0	PIDAT	wenigen	7.0	pis	wenige	6.0	we-ni-gen	3.0	61.6400956298	61.6400956298	323.054596685	263.384695093	11.1302322794	380.85272686	116.52790602	27499.7394807	68342.1947106	3051801.60061	6385894.9991	705904.647824	1299741.43614	406473.405238	510484.250721	34258.3961147	9994.2302745	2369.39949557	0.0015342213844	0.0649681798969	192.678436857	0.428085856899	195.572414821	2.5685151414	192.678436857	0.428085856899	250.247343146	4.70894442589	4.969173431396484	4.983938217163086	5.180466175079346	5.189691066741943	7.280396461486816	7.28040075302124	6.179363250732422	6.1793622970581055	6.381998538970947	3.145625352859497
noch	"""noch"	30	30	1	207,210	p3	9	physics	1	4	$(		1	0	0	0	0	0	0	0	0	0	0	0	ADV	noch	4.0	adv	noch	4.0	noch	1.0	2356.90797486	2397.39096605	2486.88355582	2397.48089192	2.5685151414	3828.69821739	4304.84407855	2607.83384956	127.141499499	938991.453748	2163116.55066	201470.145711	326751.513284	110323.394108	48553.4978895	21439.2836433	2874.48040118	2436.48419381	0.0271297649574	0.205260480356	2502.6941586	0.428085856899	3963.63800073	19.6919494174	2502.6941586	0.428085856899	3966.12322475	27.3974948416	13.417780876159668	13.429929733276367	9.755399703979492	9.76921272277832	15.228917121887207	15.228912353515625	13.322721481323242	13.322720527648926	29.275894165039062	29.277321338653564
elementareren	"elementareren"""	31	31	1	211,223	p3	9	physics	1	13		$(	1	0	0	0	0	0	0	0	1	0	0	0	ADJA	elementareren	13.0	adja	elementar	9.0	e-le-men-ta-re-ren	6.0	0.0981009479519	0.0981009479519	14.298213164	4.86417200262	12.4144898501	0.882479009606	0.186221184212	44567.4813817	132523.822978	6284101.11373	13893968.6984	996756.774486	2069067.80024	419060.361816	576486.528138	45007.5949345	274.290250474	162.267142991	4.09966666667e-06	0.0288219599167	0.0	0.0	0.0	0.0	0.0	0.0	0.024525236988	0.428085856899	3.578939914703369	3.554627656936645	0.8643579483032227	0.8708056211471558	11.55911922454834	11.559103012084961	10.213122367858887	10.213118553161621	22.724440311842045	22.107020566994834
Teilchen	Teilchen	32	32	1	225,232	p3	9	physics	1	8			0	0	0	0	0	0	0	0	1	0	0	0	NN	Teilchen	8.0	nn	Teilchen	8.0	teil-chen	2.0	4.51264360579	4.51264360579	4.81512152864	8.44485660286	24.4008938433	26.2222334283	7.99199248908	8326.98013882	17786.1111825	2913834.55293	6304234.19721	656196.938372	1228507.94955	388513.018286	579645.373676	8191.78885746	1519.16675475	560.68779294	0.0458030658424	0.334724721978	0.0	0.0	6.59728874977	3.4246868552	0.0	0.0	8.00340233708	5.56511613969	0.8696381449699402	0.8904963731765747	1.2756553888320925	1.2658528089523315	1.4042261838912964	1.4042277336120605	0.7411834001541138	0.7411849498748779	5.573267936706543	0.5789288878440857
zusammengesetzt	zusammengesetzt	33	33	1	233,247	p3	9	physics	1	15			0	0	0	0	0	0	0	0	0	0	0	0	VVPP	zusammengesetzt	15.0	vvpp	zusammensetzen	14.0	zu-sam-men-ge-setzt	5.0	6.98969254157	7.01421777856	16.268407202	45.9929944315	163.100711479	67.4466100199	13.175148783	68694.2323191	128094.418617	4755115.75393	10999965.325	589687.994595	1233700.631	182053.71179	235430.954032	19838.2434724	15326.7362026	754.788693542	0.0607267111865	0.396083615105	0.0	0.0	0.0572255529719	1.2842575707	0.0	0.0	2.64055051571	2.1404292845	1.3159692287445068	1.3252151012420654	1.9000012874603271	1.8770966529846191	2.411440134048462	2.4114389419555664	2.6457269191741943	2.645737648010254	0.006293248552537989	0.0033226830273633823
sind	sind.	34	34	1	248,251	p3	9	physics	1	4		$.	0	0	0	0	1	1	0	0	0	0	0	0	VAFIN	sind	4.0	vafin	sein	4.0	sind	1.0	2296.19983824	2298.63601178	17044.4184006	2302.62545033	5.99320199659	4304.10226671	4116.7606825	2333.22477101	26.1132372709	1332047.00373	2728807.18157	249282.495798	286785.417683	144872.038227	66814.7843732	48925.779496	15113.3748159	2467.07533941	0.0559257789967	0.326343386708	0.0	0.0	259.885761283	20.9762069881	0.0	0.0	267.325083169	26.5413231278	0.3553922176361084	0.36102095246315	0.348445177078247	0.3506028354167938	0.4002452492713928	0.4002445638179779	0.4246261417865753	0.42462483048439026	27.74615829437971	27.646899446845055
Trägt	Trägt	35	1	2	253,257	p3	9	physics	1	5			0	0	0	1	0	0	0	0	0	0	0	0	VVFIN	Trägt	5.0	vvfin	tragen	6.0	trägt	1.0	0.809332820603	0.809332820603	301.259836081	3.29455683539	2.9966009983	8.69872166612	1.53632476975	120.67234106	26.1132372709	788321.706722	2091218.24673	106263.731629	133948.49271	99733.6992542	115106.293718	8191.78885746	1405.44323083	117.663911989	0.000975706090909	0.0232296511717	68.0575326416	0.856171713799	69.1366430691	4.70894442589	68.0575326416	0.856171713799	69.29196957	5.56511613969	32.597694396972656	14.235435485839844	22.39041519165039	11.910682678222656	12.324101448059082	12.996553421020508	12.271110534667969	11.828619956970215	0.07915133144706488	0.10843721032142639
man	man	36	2	2	258,260	p3	9	physics	1	3			0	0	0	0	0	0	0	0	0	0	0	0	PIS	man	3.0	pis	man	3.0	man	1.0	2167.36876834	2172.74797032	2614.0469096	2172.74797032	0.428085856899	2793.29820226	3523.97209786	3591.45935436	4041.55857499	824036.99184	1898253.83779	270094.546505	385082.92023	231996.389362	259198.708893	21052.512481	4172.41316813	2498.03436357	0.0535813096412	0.235570493409	0.0	0.0	863.361917688	32.5345251244	3884.37243479	0.428085856899	4766.4471083	49.6579594003	2.8455469608306885	0.049278188496828	1.5088191032409668	0.3020005226135254	2.5964338779449463	2.253159761428833	1.878594160079956	0.8675678372383118	0.00491933012381196	0.006830675061792135
die	die	37	3	2	261,263	p3	9	physics	1	3			0	0	0	0	0	0	0	0	0	0	0	0	ART	die	3.0	art	d	1.0	die	1.0	20527.116504	24520.1275636	80100.3069113	24520.1275636	0.428085856899	9091.29875697	30440.211361	33694.5118659	1928.95487119	1361337.08551	2613060.47141	356516.797331	303924.26305	343523.065172	189343.230678	110461.430317	29991.8223867	29048.3692201	0.0938387928357	0.266249299869	0.0	0.0	15201.9436218	35.5311261227	0.0	0.0	15852.8515865	58.2196765383	2.4194865226745605	1.540328860282898	2.363768577575684	1.5334590673446655	1.9957197904586792	1.6223886013031006	2.3110742568969727	1.962317943572998	0.424215167760849	0.2933467626571655
bisher	bisher	38	4	2	264,269	p3	9	physics	1	6			0	0	0	0	0	0	0	0	0	0	0	0	ADV	bisher	6.0	adv	bisher	6.0	bis-her	2.0	194.812132475	194.812132475	208.816042795	198.082164073	10.7021464225	1325.73560929	356.101459509	4073.67456402	5468.36873603	2039366.74138	4625979.2464	384652.214604	670414.98643	224645.513655	176592.265345	20337.830725	2547.64074292	1522.82919014	0.00867596110418	0.173756621289	0.0	0.0	15.9087037262	4.28085856899	0.0	0.0	16.0558551481	7.27745956729	6.253375053405762	3.0047407150268555	6.5325212478637695	3.2889556884765625	8.620583534240723	5.618553161621094	10.176399230957031	4.931430816650391	2.1911213397979736	1.292118787765503
bekannten	bekannten	39	5	2	270,278	p3	9	physics	1	9			0	0	0	0	0	0	0	0	0	0	0	0	ADJA	bekannten	9.0	adja	bekannt	7.0	be-kann-ten	3.0	39.7227088415	41.4885259047	244.590188481	89.696966744	36.3872978365	303.824916164	78.383600121	42869.8363023	96513.6687814	3616515.89791	7995811.17989	609035.267348	1164582.74472	403665.731582	537169.410697	20337.830725	14068.4280436	659.05034342	0.0133864169939	0.127750050949	0.0	0.0	25.5961723365	5.13703028279	0.0	0.0	55.9093652536	6.42128785349	5.686197757720947	1.1218663454055786	3.2981274127960205	1.270664095878601	2.644559144973755	1.5367624759674072	2.7744064331054688	1.3830140829086304	0.20734821259975433	1.1863621473312378
Hadronen	Hadronen	40	6	2	279,286	p3	9	physics	1	8			0	0	0	0	0	0	0	1	0	0	0	0	NN	Hadronen	8.0	nn	Hadron	6.0	ha-dro-nen	3.0																													15.584847450256348	7.584183216094971	16.352659225463867	6.503719806671143	14.532140731811523	11.133402824401855	13.747316360473633	9.703547477722168	2.7073210701346397	0.0037953037535771728
in	in	41	7	2	287,288	p3	9	physics	1	2			0	0	0	0	0	0	0	0	0	0	0	0	APPR	in	2.0	appr	in	2.0	in	1.0	13129.4221199	13165.4578681	14298.1641135	0.0	0.0	8527.89894355	19687.5208529	18583.5486983	15158.092107	842500.587604	1735372.30627	309490.415689	350022.68855	273957.116004	252232.89583	37971.7622471	15391.66268	-0.00817507899599	0.0682365415668	0.281559937821	0.0	0.0	9683.14399346	42.380499833	0.0	0.0	17389.6438116	75.7711966712	2.585264205932617	1.3563156127929688	2.6611123085021973	1.2335951328277588	2.267399549484253	3.068126916885376	2.7074341773986816	2.6031289100646973	0.2670423984527588	0.4188450574874878
einem	einem	42	8	2	289,293	p3	9	physics	1	5			0	0	0	0	0	0	0	0	0	0	0	0	ART	einem	5.0	art	eine	4.0	ei-nem	2.0	1782.61685047	1790.34230012	17543.4333976	7303.86082739	14.1268332777	3919.97176067	3153.9350864	17827.7708202	6388.75332837	2493277.74291	5201994.02392	301314.568235	387807.68671	171268.730649	89262.7505372	45007.5949345	21503.4825387	20569.6023896	0.0251622544387	0.156656778568	4450.57840605	0.856171713799	5459.35045384	11.5583181363	9052.86175303	1.2842575707	10785.1855175	20.9762069881	2.2236759662628174	1.418870449066162	3.0221664905548096	3.1053566932678223	3.151979923248291	3.338167190551758	3.7505366802215576	3.853537082672119	3.4914710521698	4.12516450881958
Diagramm	Diagramm	43	9	2	294,301	p3	9	physics	1	8			0	0	0	0	0	0	0	0	0	0	0	0	NN	Diagramm	8.0	nn	Diagramm	8.0	di-a-gramm	3.0	0.801157741607	0.801157741607	1.60231548321	13.7831831872	39.3838988348	5.54701091753	1.50528790571	13517.4440694	54669.5605271	1566030.17436	3842121.50789	115418.275015	253489.32782	60998.6789318	75072.1324669	19121.5915224	6400.40832231	87.9311496809	0.0143884631633	0.105677143469	0.0	0.0	0.0	0.0	0.0	0.0	0.645831240683	1.2842575707	5.006994247436523	2.3898024559021	4.235599040985107	3.603403091430664	5.077777862548828	4.906397819519043	4.944483757019043	4.936512470245361	0.00024244259063266327	0.00021300456103290344
ein	ein,	44	10	2	302,304	p3	9	physics	1	3		$,	0	0	0	0	0	0	0	0	0	0	0	0	PTKVZ	ein	3.0	ptkvz	ein	3.0	ein	1.0	356.80132278	4999.44503476	379.037537649	4999.44503476	0.428085856899	5809.23325181	8404.82933604	11022.7206128	11717.9941609	1614569.79583	3344143.78548	401662.305848	493686.589782	324158.412201	289382.186491	45007.5949345	21503.4825387	20569.6023896	0.0272545875843	0.196343258894	0.0	0.0	1145.39396797	31.6783534106	13165.4578681	0.428085856899	22077.4630101	57.7915906814	4.140341758728027	4.006960391998291	4.073232173919678	1.8494694232940676	2.773054599761963	4.2477874755859375	1.5530757904052734	2.9635870456695557	30.110012531280518	29.728248596191406
in	in	45	11	2	306,307	p3	9	physics	1	2			0	0	1	0	0	0	0	0	0	0	0	0	APPR	in	2.0	appr	in	2.0	in	1.0	13129.4221199	13165.4578681	14298.1641135	0.0	0.0	8527.89894355	19687.5208529	18583.5486983	15158.092107	842500.587604	1735372.30627	309490.415689	350022.68855	273957.116004	252232.89583	37971.7622471	15391.66268	-0.00817507899599	0.0682365415668	0.281559937821	0.0	0.0	9683.14399346	42.380499833	0.0	0.0	17389.6438116	75.7711966712	4.037062644958496	4.47504997253418	2.8805975914001465	2.555619239807129	8.148496627807617	7.650338172912598	6.562553882598877	6.277061939239502	0.12619204819202423	0.11486297100782394
dem	dem	46	12	2	308,310	p3	9	physics	1	3			0	0	0	0	0	0	0	0	0	0	0	0	PRELS	dem	3.0	prels	die	3.0	dem	1.0	486.597051999	5616.24656993	10789.1994813	5616.24656993	0.428085856899	6562.36605229	9206.65119996	6667.98683292	1002.148991	1098350.78654	2107258.1957	260311.257794	170837.935256	214520.302265	48324.4719561	110461.430317	53801.2331077	5810.24119451	0.0776634434188	0.228051977566	43473.0753814	1.2842575707	43630.2003997	29.966009983	43473.0753814	1.2842575707	43925.3698019	41.0962422623	0.2513630986213684	0.2404883652925491	0.1426153481006622	0.1879380345344543	0.21830378472805023	0.1527307778596878	0.4519926905632019	0.22800670564174652	0.04223407432436943	0.054861880838871
ihre	ihre	47	13	2	311,314	p3	9	physics	1	4			0	0	0	0	0	0	0	0	0	0	0	0	PPOSAT	ihre	4.0	pposat	ihr	3.0	ih-re	2.0	982.399242948	982.399242948	3655.35577179	983.102299742	4.28085856899	2645.41993394	1735.69006588	14745.4799109	31582.0340928	1691894.33642	3675612.8049	236357.164525	320611.477838	193283.498978	188792.284181	37971.7622471	6598.66216304	3742.25686152	0.012373382704	0.169595036524	0.0	0.0	200.093233506	13.2706615639	1057.47099337	0.428085856899	2928.26424589	18.4076918467	3.8138818740844727	3.6311731338500977	4.445362567901611	4.930388450622559	7.787050247192383	6.792761325836182	5.27401876449585	4.201537609100342	0.16838452219963074	0.17719818651676178
Masse	Masse	48	14	2	315,319	p3	9	physics	1	5			0	0	0	0	0	0	0	0	1	0	0	0	NN	Masse	5.0	nn	Masse	5.0	mas-se	2.0	42.6902625171	42.6902625171	74.6875217074	59.0158952721	22.2604645588	202.970172209	78.7405240574	9444.06380822	25191.568421	1572192.04206	3818342.6228	220763.348492	388401.869879	168155.202763	262916.206474	14815.8918663	4446.16386339	333.502347642	0.0326064718141	0.17185537437	0.0	0.0	129.599527323	22.6885504157	0.0	0.0	163.370778656	28.6817524123	1.0116466283798218	1.6363470554351809	1.5455961227416992	2.007749080657959	4.5827507972717285	4.519684314727783	3.216038703918457	3.133382797241211	1.4364839792251587	1.574764609336853
als	als	49	15	2	320,322	p3	9	physics	1	3			0	0	0	0	0	0	0	0	0	0	0	0	KOKOM	als	3.0	kokom	als	3.0	als	1.0	3463.41309205	4153.65136184	4541.08470562	4153.65136184	0.428085856899	5247.34625955	6981.83567532	4603.69763565	302.228614971	681961.550037	1925878.64622	141980.120382	218560.946583	127440.529836	138813.260388	41334.1231877	9001.42415599	4724.78690573	0.0390845361957	0.243678478051	0.0	0.0	3467.69683344	19.2638635605	0.0	0.0	4065.34415852	32.9626109813	3.820356369018554	3.797474384307861	3.28983473777771	3.0279457569122314	4.507730007171631	4.133936882019043	3.7226548194885254	3.47416353225708	0.0233401320874691	0.023966485634446144
Ordinate	Ordinate	50	16	2	323,330	p3	9	physics	1	8			0	0	0	0	0	0	0	0	1	0	0	0	NN	Ordinate	8.0	nn	Ordinate	8.0	or-di-na-te	4.0	0.4087539498	0.4087539498	0.523205055744	1.2180867704	10.7021464225	2.26923173899	0.760403168864	34551.5135721	84975.0425945	2702122.1287	5889501.62245	372709.119073	646626.255362	165961.289513	240110.78862	3462.11325449	897.026892993	204.842954403	0.00014792154	0.14385305546	0.0	0.0	0.024525236988	1.2842575707	0.0	0.0	0.138976342932	1.7123434276	4.196826934814453	5.9887800216674805	4.13071346282959	5.066990852355957	14.725207328796387	14.30886459350586	8.269192695617676	7.90612268447876	1.8614090997725725	1.1220931643620133
und	und	51	17	2	331,333	p3	9	physics	1	3			0	0	0	0	0	0	0	0	0	0	0	0	KON	und	3.0	kon	und	3.0	und	1.0	22313.7473183	22313.7473183	23398.5884761	22313.7473183	0.428085856899	9064.0679761	29467.6401896	23513.5137367	723.037012303	869972.90787	1656300.13956	195202.966651	251153.263298	160187.509171	58920.0250002	32509.3788389	28906.6542257	22352.5789435	0.120238001286	0.419307858966	0.0	0.0	2201.34439665	22.6885504157	0.0	0.0	2454.42031712	42.8085856899	0.5787590742111206	0.5300113558769226	0.9268051981925964	0.9352176189422609	3.184990882873535	2.8100767135620117	4.0507307052612305	4.131011009216309	0.10065057873725891	0.09943887591362
ihr	ihr	52	18	2	334,336	p3	9	physics	1	3			0	0	0	0	0	0	0	0	0	0	0	0	PPOSAT	ihr	3.0	pposat	ihr	3.0	ihr	1.0	524.799196148	1057.47099337	3655.35577179	1057.47099337	0.428085856899	1768.48793525	1835.84602612	1249.21747122	5.99320199659	919825.128193	2066841.3257	175527.031197	118247.15965	163972.554396	82774.6812901	37971.7622471	6598.66216304	3742.25686152	0.0205652620756	0.15154378931	2380.32957618	0.856171713799	2774.04138063	16.2672625622	2380.32957618	0.856171713799	3757.98571351	28.2536665554	2.404679298400879	2.938667297363281	2.217358112335205	2.2238011360168457	4.732798099517822	4.919806480407715	2.7680208683013916	2.6130964756011963	0.39380356669425964	0.5448498725891113
Spin	Spin	53	19	2	337,340	p3	9	physics	1	4			0	0	0	0	0	0	0	1	0	0	0	0	NN	Spin	4.0	nn	Spin	4.0	spin	1.0	0.0735757109639	0.106276026948	0.12262618494	0.310653001848	3.8527727121	1.00854743955	0.201739616229	31.8337576104	345.893372375	900727.555053	2000523.12092	302693.736762	448723.019889	249792.342775	336441.66474	26995.0755041	1649.89444297	422.733334883	0.0813867612308	0.214084722462	136.613745102	0.856171713799	137.161475395	8.13363128109	141.616893448	2.9966009983	142.483451821	13.2706615639	1.450417399406433	1.091808795928955	1.4489176273345947	1.4050917625427246	7.391564846038818	7.573325157165527	3.1392898559570312	2.7098073959350586	0.0036384931881912053	0.004386697546578944
als	als	54	20	2	341,343	p3	9	physics	1	3			0	0	0	0	0	0	0	0	0	0	0	0	KOKOM	als	3.0	kokom	als	3.0	als	1.0	3463.41309205	4153.65136184	4541.08470562	4153.65136184	0.428085856899	5247.34625955	6981.83567532	4603.69763565	302.228614971	681961.550037	1925878.64622	141980.120382	218560.946583	127440.529836	138813.260388	41334.1231877	9001.42415599	4724.78690573	0.0390845361957	0.243678478051	0.0	0.0	3467.69683344	19.2638635605	0.0	0.0	4065.34415852	32.9626109813	0.2139882743358612	0.3020305037498474	0.0777183249592781	0.1572867184877395	2.860208034515381	3.7671732902526855	0.199191153049469	0.14263519644737244	0.11485712230205536	0.055450309067964554
Abszisse	Abszisse	55	21	2	344,351	p3	9	physics	1	8			0	0	0	0	0	0	0	0	1	0	0	0	NN	Abszisse	8.0	nn	Abszisse	8.0	ab-szis-se	3.0	0.523205055744	0.523205055744	0.694881714659	113.780749466	49.6579594003	2.89957388871	0.993179649128	13300.387547	34846.1887516	2100957.84376	4989481.50241	247116.075339	477547.324891	171087.23572	257775.323419	19822.5963712	2837.67619554	632.791989685	1.4458796875e-05	0.0586741817344	0.0	0.0	0.16350157992	0.428085856899	0.0	0.0	0.351528396828	1.2842575707	0.5488412380218506	0.6590478420257568	0.0908270478248596	0.1060981899499893	21.566526412963867	22.376731872558594	9.95860481262207	9.499762535095215	2.695595920085907	2.775152176618576
gewählt	gewählt	56	22	2	352,358	p3	9	physics	1	7			0	0	0	0	0	0	0	0	0	0	0	0	VVPP	gewählt	7.0	vvpp	wählen	6.0	ge-wählt	2.0	51.5765733857	51.5765733857	110.747795159	685.562124604	48.8017876865	414.639066085	96.2453153733	43201.891661	94210.9949571	1647099.83309	3869198.36642	206648.984679	323901.317648	134701.773977	109688.011027	23747.2147199	15623.9820749	1864.82544485	0.0528776294379	0.312068474513	0.0	0.0	38.9379012579	4.28085856899	0.0	0.0	45.5106647707	5.99320199659	7.289052963256836	7.266311645507812	5.512809753417969	4.623837471008301	8.400481224060059	9.247127532958984	7.594780921936035	7.3926682472229	7.445346355438232	7.010259628295898
wird	wird,	57	23	2	359,362	p3	9	physics	1	4		$,	0	0	0	0	1	0	0	0	0	0	0	0	VAFIN	wird	4.0	vafin	werden	6.0	wird	1.0	2344.60448097	2347.81728702	8998.09689884	2352.31358046	4.70894442589	4665.03618164	4186.0194446	2383.28895478	15.8391767053	988692.582261	1945833.01227	114090.380583	81194.6163923	94464.2477104	32816.2056182	34258.3961147	10849.3026621	4840.94660319	0.0454900900655	0.324052246465	0.0	0.0	89.680616586	11.5583181363	0.0	0.0	1784.98762338	16.2672625622	0.7148786783218384	0.8386815190315247	1.4472851753234863	1.5050084590911863	1.4235297441482544	1.78751540184021	1.909406065940857	2.0795657634735107	29.625423789024353	31.042164087295532
so	so	58	24	2	364,365	p3	9	physics	1	2			0	0	1	0	0	0	0	0	0	0	0	0	ADV	so	2.0	adv	so	2.0	so	1.0	2876.40154474	2881.65812053	3315.19890985	0.0	0.0	3533.31988603	5044.40599322	7559.98605233	8425.15774964	385490.57713	1127504.08822	67552.2555341	43642.0688533	67539.3225592	31723.3024255	48925.779496	8037.09183762	-0.00817507899599	0.0178285087072	0.131475681059	0.0	0.0	1397.905808	42.8085856899	0.0	0.0	1576.88281246	60.3601058228	0.6566376090049744	0.5218797922134399	0.7049601674079895	0.4181476831436157	0.6473290920257568	0.8256306052207947	0.7028564810752869	0.8292131423950195	0.31922268867492676	0.22951331734657288
fällt	fällt	59	25	2	366,370	p3	9	physics	1	5			0	0	0	0	0	0	0	0	0	0	0	0	VVFIN	fällt	5.0	vvfin	fällen	6.0	fällt	1.0	70.7307834733	70.7307834733	92.7789715255	70.9433355272	1.2842575707	364.715967827	133.086072983	127.065252835	30.8221816968	707758.412387	2053830.51225	136186.074019	179873.115352	106560.773124	94749.955051	12864.091756	178.15949656	91.5281844391	0.0287756012844	0.168385959325	0.0	0.0	8.83726039467	3.4246868552	0.0	0.0	10.3660001669	6.42128785349	3.948140859603882	3.9675564765930176	3.813169717788696	4.280507564544678	6.356131553649902	5.514995574951172	5.355240345001221	5.448375701904297	0.03903622925281525	0.12357400357723236
auf	auf,	60	26	2	371,373	p3	9	physics	1	3		$,	0	0	0	0	1	0	0	0	0	0	0	0	PTKVZ	auf	3.0	ptkvz	auf	3.0	auf	1.0	499.309299838	5591.37797963	5914.8658555	5591.37797963	0.428085856899	6569.04767908	9351.09676518	8980.91288279	7572.83880855	489216.952266	1286948.94648	95233.9886234	112163.203452	83805.1382611	46267.0913278	41334.1231877	16266.7803613	7317.89743803	0.0692951484301	0.289895292654	0.0	0.0	3235.89246851	19.2638635605	0.0	0.0	3376.16047392	32.5345251244	0.5115737915039062	0.5649172067642212	0.4073716402053833	0.4243435859680176	1.657502293586731	1.2503427267074585	0.560994565486908	0.5635011196136475	27.962730730418116	28.346918743103743
dass	dass	61	27	2	375,378	p3	9	physics	1	4			0	0	1	0	0	0	0	0	0	0	0	0	KOUS	dass	4.0	kous	dass	4.0	dass	1.0	147.780903011	147.780903011	153.552508782	148.034330459	3.4246868552	363.833488818	251.97278067	154.729720157	3.8527727121	1003972.69599	2406145.60056	229855.777627	221936.403565	206556.835189	132887.26787	110461.430317	19319.7963127	7903.50287175	0.00336324744952	0.0553902165934	0.0	0.0	25.6370477314	20.1200352743	7683.24989344	0.428085856899	7709.39379606	23.9728079864	0.134452998638153	0.3564875423908233	0.087562657892704	0.3091397285461426	0.22763165831565857	0.25884097814559937	0.3971194922924042	0.6737936735153198	0.03277479484677315	0.0033214897848665714
es	es	62	28	2	379,380	p3	9	physics	1	2			0	0	0	0	0	0	0	0	0	0	0	0	PPER	es	2.0	pper	es	2.0	es	1.0	4482.240487	4482.240487	7209.6675672	0.0	0.0	4656.84173369	7605.13349731	6486.72898142	1792.39548284	1041972.78488	2352798.39725	160713.918858	229470.714647	137226.941427	157414.447041	45007.5949345	4564.40820599	-0.00817507899599	0.0578338146002	0.220031352121	4943.65829569	0.428085856899	6564.72741013	38.0996412641	12044.7362886	0.856171713799	13944.1259674	66.3533078194	2.33111834526062	2.5563411712646484	2.117283582687378	3.389155387878418	3.0648627281188965	3.000739574432373	3.282557964324951	3.176692247390747	6.758938252460212e-05	8.725739462533966e-05
bestimmte	bestimmte	63	29	2	381,389	p3	9	physics	1	9			0	0	0	0	0	0	0	0	0	0	0	0	ADJA	bestimmte	9.0	adja	bestimmt	8.0	be-stimm-te	3.0	80.4836527155	87.8248736539	247.525041841	744.357292743	148.117706487	393.963843574	160.895103159	48115.8335445	93638.2160806	3031368.16234	6926063.57931	414077.961821	841994.36639	209499.405823	265762.121251	20337.830725	14068.4280436	3126.49356139	0.0106941790618	0.14611754017	0.0	0.0	2.62420035771	2.5685151414	241.107604829	0.856171713799	286.389367388	6.84937371039	7.047821998596191	5.914411067962647	7.006972312927246	5.947187900543213	8.192877769470215	8.483476638793945	7.618917465209961	7.90549373626709	4.922666549682617	4.570803642272949
Gruppen	Gruppen	64	30	2	390,396	p3	9	physics	1	7			0	0	0	0	0	0	0	0	0	0	0	0	NN	Gruppen	7.0	nn	Gruppe	6.0	grup-pen	2.0	61.7872470517	61.7872470517	153.250030859	68.7197140403	31.2502675537	342.023650437	114.494991426	1182.24722408	7547.58174299	1837322.55797	4243913.90337	409704.817763	763514.242416	345875.534079	491112.937611	15129.6759234	2639.29972862	887.44570041	0.028171656031	0.247063776764	88.2254525248	0.428085856899	88.4625298156	3.4246868552	179.230431908	0.856171713799	180.767346759	5.99320199659	3.3680593967437744	2.652244806289673	4.302648067474365	2.0517141819000244	5.413405418395996	4.288722515106201	3.650057554244995	3.0270304679870605	3.6902220249176025	3.4580531120300293
gibt	gibt,	65	31	2	397,400	p3	9	physics	1	4		$,	0	0	0	0	1	0	0	0	0	0	0	0	VVFIN	gibt	4.0	vvfin	geben	5.0	gibt	1.0	469.486611661	469.486611661	1356.40910702	469.527487056	1.2842575707	1457.9813923	869.606374972	574.04587202	29.1098382692	858923.544675	2077543.04403	119057.280628	116330.191183	113413.582143	91255.0621153	23747.2147199	1143.69355154	490.66006626	0.0384103208477	0.197105117753	0.0	0.0	157.942526203	5.99320199659	0.0	0.0	179.794512359	9.41788885179	2.644181728363037	2.785635232925415	1.5916285514831543	1.71412456035614	2.2576510906219482	2.7684624195098877	2.105240821838379	2.1446352005004883	28.484878968447447	29.222107199952006
in	in	66	32	2	402,403	p3	9	physics	1	2			0	0	1	0	0	0	0	0	0	0	0	0	APPR	in	2.0	appr	in	2.0	in	1.0	13129.4221199	13165.4578681	14298.1641135	0.0	0.0	8527.89894355	19687.5208529	18583.5486983	15158.092107	842500.587604	1735372.30627	309490.415689	350022.68855	273957.116004	252232.89583	37971.7622471	15391.66268	-0.00817507899599	0.0682365415668	0.281559937821	0.0	0.0	9683.14399346	42.380499833	0.0	0.0	17389.6438116	75.7711966712	2.405587673187256	2.451975107192993	2.3244950771331787	1.807411193847656	2.1143085956573486	2.9150729179382324	3.154798984527588	2.8169360160827637	0.5895217657089233	0.6227396130561829
denen	denen	67	33	2	404,408	p3	9	physics	1	5			0	0	0	0	0	0	0	0	0	0	0	0	PRELS	denen	5.0	prels	die	3.0	de-nen	2.0	410.87129526	437.284975496	10789.1994813	531.396484898	13.2706615639	1621.36607751	805.391103283	27725.5269875	56465.8087826	2709532.35548	5427933.45833	805987.038723	1199461.89608	532357.759736	500201.200353	110461.430317	53801.2331077	11287.0372669	0.00720609666104	0.0918501341122	0.0	0.0	453.340830644	15.8391767053	664.960925534	0.428085856899	1324.34644719	21.404292845	0.1603200733661651	0.163005530834198	0.0615853518247604	0.0584125705063343	0.161310613155365	0.1565462350845337	0.16522087156772614	0.11291403323411942	0.047523997724056244	0.04120480269193649
die	die	68	34	2	409,411	p3	9	physics	1	3			0	0	0	0	0	0	0	0	0	0	0	0	ART	die	3.0	art	d	1.0	die	1.0	20527.116504	24520.1275636	80100.3069113	24520.1275636	0.428085856899	9091.29875697	30440.211361	33694.5118659	1928.95487119	1361337.08551	2613060.47141	356516.797331	303924.26305	343523.065172	189343.230678	110461.430317	29991.8223867	29048.3692201	0.0938387928357	0.266249299869	0.0	0.0	15201.9436218	35.5311261227	0.0	0.0	15852.8515865	58.2196765383	0.8705320954322815	0.8275386691093445	0.8553599119186401	0.979700803756714	1.2007778882980347	1.4923591613769531	0.9997822642326355	1.1481226682662964	0.17549467086791992	0.14558938145637512
Teilchen	Teilchen	69	35	2	412,419	p3	9	physics	1	8			0	0	0	0	0	0	0	0	1	0	0	0	NN	Teilchen	8.0	nn	Teilchen	8.0	teil-chen	2.0	4.51264360579	4.51264360579	4.81512152864	8.44485660286	24.4008938433	26.2222334283	7.99199248908	8326.98013882	17786.1111825	2913834.55293	6304234.19721	656196.938372	1228507.94955	388513.018286	579645.373676	8191.78885746	1519.16675475	560.68779294	0.0458030658424	0.334724721978	0.0	0.0	6.59728874977	3.4246868552	0.0	0.0	8.00340233708	5.56511613969	3.0558764934539795	2.1007168292999268	2.0345771312713623	1.2155650854110718	3.2743701934814453	1.5410733222961426	3.4513022899627686	1.9248489141464233	1.6181977987289429	0.23073603212833405
in	in	70	36	2	420,421	p3	9	physics	1	2			0	0	0	0	0	0	0	0	0	0	0	0	APPR	in	2.0	appr	in	2.0	in	1.0	13129.4221199	13165.4578681	14298.1641135	0.0	0.0	8527.89894355	19687.5208529	18583.5486983	15158.092107	842500.587604	1735372.30627	309490.415689	350022.68855	273957.116004	252232.89583	37971.7622471	15391.66268	-0.00817507899599	0.0682365415668	0.281559937821	0.0	0.0	9683.14399346	42.380499833	0.0	0.0	17389.6438116	75.7711966712	3.116514205932617	2.7468714714050293	2.8918745517730717	2.79518985748291	3.3404529094696045	3.5254344940185547	3.3247270584106445	3.1251304149627686	0.07994909584522247	0.07820339500904083
diesem	diesem	71	37	2	422,427	p3	9	physics	1	6			0	0	0	0	0	0	0	0	0	0	0	0	PDAT	diesem	6.0	pdat	diese	5.0	die-sem	2.0	598.595634245	601.244359839	4932.97346745	2820.73743186	17.5515201329	2128.03509745	1122.68096432	34359.8897205	2427.24680862	2509948.60925	5214937.62789	363411.029475	387338.50461	228840.996896	66551.5115712	110461.430317	29991.8223867	29048.3692201	0.01696057005	0.0965098083671	1140.7505231	0.428085856899	2144.02891781	2.9966009983	2278.23918968	0.856171713799	3281.60751026	5.56511613969	4.885106086730957	6.273670196533203	5.620052814483643	7.299262046813965	4.250247001647949	4.479548454284668	5.037108421325684	5.1198272705078125	1.1767305135726929	1.0180988311767578
Diagramm	Diagramm	72	38	2	428,435	p3	9	physics	1	8			0	0	0	0	0	0	0	0	0	0	0	0	NN	Diagramm	8.0	nn	Diagramm	8.0	di-a-gramm	3.0	0.801157741607	0.801157741607	1.60231548321	13.7831831872	39.3838988348	5.54701091753	1.50528790571	13517.4440694	54669.5605271	1566030.17436	3842121.50789	115418.275015	253489.32782	60998.6789318	75072.1324669	19121.5915224	6400.40832231	87.9311496809	0.0143884631633	0.105677143469	0.0	0.0	0.0	0.0	0.0	0.0	0.645831240683	1.2842575707	0.2816820740699768	0.5246644616127014	0.4127425849437713	0.420432984828949	0.44977259635925293	1.1385207176208496	0.7837602496147156	1.1753612756729126	0.00036185505038588417	0.00037698973432043204
eng	eng	73	39	2	436,438	p3	9	physics	1	3			0	0	0	0	0	0	0	0	0	0	0	0	ADJD	eng	3.0	adjd	eng	3.0	eng	1.0	32.700315984	32.700315984	136.164115757	32.700315984	0.428085856899	222.762915711	61.7478409981	226.335237083	327.913766385	1378247.02386	2953027.42318	288540.369648	586589.782447	94092.9683227	113245.404498	45007.5949345	2892.41652449	312.525094938	0.0147950468239	0.199523816146	0.0	0.0	6.71991493471	14.1268332777	33.3297970667	0.428085856899	64.9019521492	29.5379241261	4.089266777038574	4.016452789306641	2.8532516956329346	3.0085043907165527	9.580126762390137	8.985372543334961	8.027985572814941	7.562247276306152	3.2796316146850586	3.312804937362671
benachbart	benachbart	74	40	2	439,448	p3	9	physics	1	10			0	0	0	0	0	0	0	0	0	0	0	0	ADJD	benachbart	10.0	adjd	benachbart	10.0	be-nach-bart	3.0	1.11998582245	1.11998582245	14.9685696417	7.73362473021	24.8289797002	10.2115428254	2.06395145834	26412.0860956	50737.1638456	2858524.06126	6743835.56366	526258.014469	1058906.32625	156847.547947	169524.139761	20337.830725	14068.4280436	207.46715476	0.0458504003382	0.403797427184	0.0	0.0	0.0	0.0	2.61602527872	0.428085856899	2.61602527872	0.428085856899	4.565844058990479	4.478044509887695	2.1055285930633545	2.21562123298645	8.6642427444458	8.793672561645508	4.706860065460205	5.2728657722473145	0.00036759392241947353	0.00021897207989240997
sind	sind,	75	41	2	449,452	p3	9	physics	1	4		$,	0	0	0	0	1	0	0	0	0	0	0	0	VAFIN	sind	4.0	vafin	sein	4.0	sind	1.0	2296.19983824	2298.63601178	17044.4184006	2302.62545033	5.99320199659	4304.10226671	4116.7606825	2333.22477101	26.1132372709	1332047.00373	2728807.18157	249282.495798	286785.417683	144872.038227	66814.7843732	48925.779496	15113.3748159	2467.07533941	0.0559257789967	0.326343386708	0.0	0.0	259.885761283	20.9762069881	0.0	0.0	267.325083169	26.5413231278	2.0354549884796143	2.052759885787964	2.6395351886749268	2.763621091842652	2.7263708114624023	2.2960338592529297	2.6498231887817383	2.780876398086548	26.76821356266737	25.650239676237106
d.h.	d.h.	76	42	2	454,457	p3	9	physics	1	4			0	0	1	0	0	0	1	0	0	0	0	0	KON	d.h.	4.0	xy	d.h.	4.0			39.1095779168	39.1095779168	39.1095779168	39.1095779168	0.428085856899	133.8846726	72.7038540026	39.1341031538	0.856171713799	546644.658591	798353.581794	165372.332297	16075.4800983	165183.7741	15803.6455792	110461.430317	188.17396833	39.1341031538	0.0029052072036	0.163131574818	0.0	0.0	10.9137304597	6.84937371039	0.0	0.0	10.9300806176	7.70554542419	14.4712553024292	3.3965792655944824	4.08833122253418	4.44471549987793	5.708182334899902	6.019818305969238	4.899041652679443	4.997192859649658	62.15481908619404	65.87636571377516
gleichen	gleichen	77	43	2	458,465	p3	9	physics	1	8			0	0	0	0	0	0	0	0	0	0	0	0	ADJA	gleichen	8.0	adja	gleich	6.0	glei-chen	2.0	149.080740571	153.111054516	535.336872974	203.714793501	7.27745956729	785.15418169	280.976730111	7929.22984535	16724.8863432	3038005.44357	6628995.96743	739575.043207	1323678.28492	455661.18784	625291.740511	23747.2147199	1478.93719101	887.135047408	0.00500429467532	0.100422882059	0.0	0.0	54.5931775352	3.4246868552	0.0	0.0	141.543317737	8.13363128109	8.29088306427002	7.209407329559326	7.371040344238281	6.9921064376831055	11.649252891540527	11.524515151977539	10.318135261535645	10.32047176361084	8.337434768676758	8.199308395385742
Spin	Spin,	78	44	2	466,469	p3	9	physics	1	4		$,	0	0	0	0	1	0	0	1	0	0	0	0	NN	Spin	4.0	nn	Spin	4.0	spin	1.0	0.0735757109639	0.106276026948	0.12262618494	0.310653001848	3.8527727121	1.00854743955	0.201739616229	31.8337576104	345.893372375	900727.555053	2000523.12092	302693.736762	448723.019889	249792.342775	336441.66474	26995.0755041	1649.89444297	422.733334883	0.0813867612308	0.214084722462	136.613745102	0.856171713799	137.161475395	8.13363128109	141.616893448	2.9966009983	142.483451821	13.2706615639	5.798125267028809	6.022027015686035	4.474624633789063	5.11435604095459	11.688684463500977	11.409242630004883	5.262054920196533	5.414134979248047	25.772631764179096	25.4639375268016
gleiche	gleiche	79	45	2	471,477	p3	9	physics	1	7			0	0	1	0	0	0	0	0	0	0	0	0	ADJA	gleiche	7.0	adja	gleich	6.0	glei-che	2.0	82.8217253084	83.5329571811	535.336872974	100.594347046	8.56171713799	424.220266761	154.035956207	5693.58281723	11404.2072278	2565129.89379	5648504.6961	497773.586724	862197.022235	253940.892887	348262.399507	23747.2147199	1478.93719101	887.135047408	0.00386110338342	0.0887131326802	0.0	0.0	15.0339702736	2.9966009983	385.119796422	0.856171713799	449.523068753	6.42128785349	2.523901462554932	1.655236005783081	2.794276237487793	2.2813448905944824	6.587162017822266	7.295251846313477	1.629265546798706	1.6847003698349	0.6791080832481384	0.6454474925994873
Parität	Parität	80	46	2	478,484	p3	9	physics	1	7			0	0	0	0	0	0	0	1	0	0	0	0	NN	Parität	7.0	nn	Parität	7.0	pa-ri-tät	3.0	2.28084703988	2.28084703988	2.60785019972	98.6159779287	101.884433942	24.9615491289	4.20549507678	6409.23740762	31578.6094059	1549478.14097	3911842.99523	180684.721236	377025.488232	105325.428762	149760.27192	10343.3797233	2108.93330368	1032.41437625	0.0101771579176	0.155473373043	0.0	0.0	0.703056793655	2.1404292845	0.0	0.0	0.727582030643	2.9966009983	8.556368827819824	7.076966762542725	3.4722142219543457	3.4378433227539062	10.305425643920898	10.039888381958008	11.303647994995117	11.443828582763672	6.035064071416855	5.815234571695328
und	und	81	47	2	485,487	p3	9	physics	1	3			0	0	0	0	0	0	0	0	0	0	0	0	KON	und	3.0	kon	und	3.0	und	1.0	22313.7473183	22313.7473183	23398.5884761	22313.7473183	0.428085856899	9064.0679761	29467.6401896	23513.5137367	723.037012303	869972.90787	1656300.13956	195202.966651	251153.263298	160187.509171	58920.0250002	32509.3788389	28906.6542257	22352.5789435	0.120238001286	0.419307858966	0.0	0.0	2201.34439665	22.6885504157	0.0	0.0	2454.42031712	42.8085856899	0.7775211334228516	0.724158763885498	0.4938814043998718	0.459299236536026	1.6696536540985107	1.5336041450500488	1.4549974203109741	1.298296332359314	0.4687498211860657	0.3170742988586426
fast	fast	82	48	2	488,491	p3	9	physics	1	4			0	0	0	0	0	0	0	0	0	0	0	0	ADV	fast	4.0	adv	fast	4.0	fast	1.0	273.252015441	273.685294628	293.746938484	273.930546998	1.7123434276	972.996142306	512.806586023	299.690220914	93.750802661	860093.423004	2357132.76655	167928.851176	271872.190687	114083.268264	103110.899922	12864.091756	1084.66948119	340.459339867	0.0137907803055	0.169762675014	0.0	0.0	409.931161175	20.9762069881	0.0	0.0	410.503416705	24.8289797002	4.465287208557129	4.961671829223633	3.54041051864624	4.256749629974365	7.487603187561035	7.290525913238525	5.544740200042725	5.200152397155762	7.469511032104492	7.065881252288818
gleiche	gleiche	83	49	2	492,498	p3	9	physics	1	7			0	0	0	0	0	0	0	0	0	0	0	0	ADJA	gleiche	7.0	adja	gleich	6.0	glei-che	2.0	82.8217253084	83.5329571811	535.336872974	100.594347046	8.56171713799	424.220266761	154.035956207	5693.58281723	11404.2072278	2565129.89379	5648504.6961	497773.586724	862197.022235	253940.892887	348262.399507	23747.2147199	1478.93719101	887.135047408	0.00386110338342	0.0887131326802	0.0	0.0	15.0339702736	2.9966009983	385.119796422	0.856171713799	449.523068753	6.42128785349	0.1763273626565933	0.195356398820877	0.5311959385871887	0.2699661552906036	1.7270479202270508	1.9968702793121338	1.6702967882156372	1.7244923114776611	2.205843210220337	1.766811728477478
Masse	Masse	84	50	2	499,503	p3	9	physics	1	5			0	0	0	0	0	0	0	0	1	0	0	0	NN	Masse	5.0	nn	Masse	5.0	mas-se	2.0	42.6902625171	42.6902625171	74.6875217074	59.0158952721	22.2604645588	202.970172209	78.7405240574	9444.06380822	25191.568421	1572192.04206	3818342.6228	220763.348492	388401.869879	168155.202763	262916.206474	14815.8918663	4446.16386339	333.502347642	0.0326064718141	0.17185537437	0.0	0.0	129.599527323	22.6885504157	0.0	0.0	163.370778656	28.6817524123	0.0800582692027092	0.1226546391844749	0.1269436329603195	0.134976714849472	2.6081936359405518	2.8968899250030518	1.3867336511611938	1.3799761533737183	0.31581464409828186	0.6716971397399902
haben	haben.	85	51	2	504,508	p3	9	physics	1	5		$.	0	0	0	0	1	1	0	0	0	0	0	0	VAFIN	haben	5.0	vafin	haben	5.0	ha-ben	2.0	1075.85674603	1607.98898804	8161.24676233	1613.75241873	8.56171713799	3693.30072363	2922.46215442	11089.3475066	14791.6506134	1776796.45583	3923426.14235	465680.254005	795978.133374	368981.691804	461766.795949	17646.9952984	8376.95439672	2807.01147422	0.0434172288213	0.320677529984	0.0	0.0	110.780495475	17.9796059898	0.0	0.0	1209.65008888	26.5413231278	0.959587037563324	0.9932325482368468	0.7171719074249268	0.8144751787185669	4.737698078155518	4.707645416259766	1.5103225708007812	1.3434830904006958	27.218660473823547	27.508135437965393
Dies	Dies	86	1	3	510,513	p3	9	physics	1	4			0	0	0	1	0	0	0	0	0	0	0	0	PDS	Dies	4.0	pds	diese	5.0	dies	1.0	121.318172301	121.32634738	4932.97346745	129.395150349	6.84937371039	612.692569527	230.215938982	554.33575656	190.49820632	1431937.88523	3142809.86995	220225.272967	347484.995591	124325.775688	178158.631495	19121.5915224	6400.40832231	5199.86527143	0.00281227133196	0.0104311064619	315.59892464	0.428085856899	372.889878244	23.5447221295	4781.07232462	1.2842575707	4855.23664127	32.5345251244	13.31567668914795	3.399654626846313	17.324268341064453	3.0520575046539307	6.566684722900391	4.458956241607666	6.611856460571289	3.7466418743133545	4.003578186035156	1.6312551498413086
brachte	brachte	87	2	3	514,520	p3	9	physics	1	7			0	0	0	0	0	0	0	0	0	0	0	0	VVFIN	brachte	7.0	vvfin	bringen	7.0	brach-te	2.0	96.6784842066	96.6784842066	535.434973922	253.206721743	30.8221816968	449.560021179	182.8226476	25657.1093753	46265.3789844	2063556.97998	4888320.96165	422946.76167	823928.287057	219344.179303	287576.092261	20337.830725	1265.33055192	518.242782793	0.0258922541454	0.176403220723	0.0	0.0	11.3633598044	4.70894442589	0.0	0.0	77.3117220651	7.70554542419	9.867887496948242	7.532283306121826	10.418315887451172	7.436404228210449	8.001483917236328	7.771320343017578	8.184782981872559	9.036638259887695	0.5672078132629395	0.3289049565792084
Murray	Murray	88	3	3	521,526	p3	9	physics	1	6			0	0	0	0	0	0	0	0	0	0	0	0	NE	Murray	6.0	ne	Murray	6.0	mur-ray	2.0	1.47151421928	1.47151421928	1.52056469325	6.86706635663	25.2570655571	15.8846221729	2.77779933116	56.5061460203	324.917165387	1123009.36724	2888580.80977	59169.3006294	184435.654415	17421.567495	51652.8394935	14815.8918663	1077.32826025	21.7048347344	0.14946146	0.563625902756	0.0	0.0	0.0981009479519	2.1404292845	0.0	0.0	0.24525236988	2.9966009983	11.891573905944824	8.975079536437988	12.113324165344238	6.79033088684082	11.664591789245605	11.456952095031738	11.743744850158691	9.732147216796875	9.30161190032959	7.8591413497924805
Gell-Mann	Gell-Mann	89	4	3	527,535	p3	9	physics	1	9			0	0	0	0	0	0	0	0	0	0	0	0	NE	Gell-Mann	9.0	nn	Gell-Mann	9.0	gell-mann	2.0	0.016350157992	0.016350157992	0.024525236988	60.4465340964	98.03166123	0.126068429944	0.0310368640353	1100.79891205	2507.72694972	2339871.75606	5492201.98803	332670.925757	607371.638456	240539.592165	329126.961703	15129.6759234	8582.12435428	574.601777391	3.201e-06	3.1069e-05	0.0	0.0	0.0	0.0	0.0	0.0	0.0	0.0	7.921399116516113	0.230132520198822	2.6490626335144043	0.0265071243047714	26.007469177246094	25.7410888671875	12.653200149536133	8.18355941772461	35.00416040420532	36.33353281021118
und	und	90	5	3	536,538	p3	9	physics	1	3			0	0	0	0	0	0	0	0	0	0	0	0	KON	und	3.0	kon	und	3.0	und	1.0	22313.7473183	22313.7473183	23398.5884761	22313.7473183	0.428085856899	9064.0679761	29467.6401896	23513.5137367	723.037012303	869972.90787	1656300.13956	195202.966651	251153.263298	160187.509171	58920.0250002	32509.3788389	28906.6542257	22352.5789435	0.120238001286	0.419307858966	0.0	0.0	2201.34439665	22.6885504157	0.0	0.0	2454.42031712	42.8085856899	5.5453619956970215	2.019240140914917	3.868066787719727	2.057508945465088	3.4263546466827393	3.4148361682891846	3.1237852573394775	2.257481813430786	0.02755729667842388	0.0357845313847065
George	George	91	6	3	539,544	p3	9	physics	1	6			0	0	0	0	0	0	0	0	0	0	0	0	NE	George	6.0	ne	George	6.0	ge-or-ge	3.0	19.1623851666	19.1623851666	19.2114356406	24.7950145948	6.84937371039	121.529966466	35.9872438489	87302.2735541	193133.930941	2149338.03483	4866720.60548	246335.167268	471309.257785	167600.049498	255013.741556	15129.6759234	8582.12435428	136.425718285	0.012863653467	0.35177394123	0.0	0.0	4.7006704227	2.9966009983	63.0543842961	0.428085856899	77.51609904	7.70554542419	3.575627326965332	0.8227756023406982	0.5763387084007263	0.6563290357589722	5.802242755889893	5.556598663330078	6.141705513000488	5.2964067459106445	7.7118635177612305	7.835966110229492
Zweig	Zweig	92	7	3	545,549	p3	9	physics	1	5			0	0	0	0	0	0	0	0	0	0	0	0	NE	Zweig	5.0	ne	Zweig	5.0	zweig	1.0	0.024525236988	9.45039131937	27.5091408215	98.8612302985	8.13363128109	76.5235369759	17.4116807238	27.8361439814	167.809655905	1340774.70171	2835038.82739	156861.470106	285386.005017	46776.2814504	89013.1764827	6468.08162623	700.751421379	437.513877708	0.0342407126817	0.24152248398	0.0	0.0	3.93221299707	3.4246868552	65.204430072	0.856171713799	70.6653828414	6.84937371039	0.4526710510253906	0.0907609090209007	0.3266108632087707	0.0158781744539737	11.223617553710938	10.448978424072266	11.308441162109375	11.40896224975586	8.383989334106445	8.336591720581055
unabhängig	unabhängig	93	8	3	550,559	p3	9	physics	1	10			0	0	0	0	0	0	0	0	0	0	0	0	ADJD	unabhängig	10.0	adjd	unabhängig	10.0	un-ab-hän-gig	4.0	35.1773649198	35.1773649198	69.2592692541	53.5222421868	16.6953484191	223.141121	65.7826333227	12859.8243648	27993.3903544	2318307.61444	5287029.85471	215631.409952	462850.709338	96132.3071789	84921.9599483	32509.3788389	28906.6542257	200.902566327	0.0191693042522	0.206703045096	0.0	0.0	2.29719719787	0.856171713799	0.0	0.0	11.7721137542	2.1404292845	6.113025188446045	7.950636863708496	7.744242191314697	6.754513263702393	9.818275451660156	9.446345329284668	10.710851669311523	11.057998657226562	0.014095865190029144	0.01273487601429224
voneinander	voneinander	94	9	3	560,570	p3	9	physics	1	11			0	0	0	0	0	0	0	0	0	0	0	0	ADV	voneinander	11.0	adv	voneinander	11.0	vo-nei-nan-der	4.0	25.3836202826	25.3836202826	25.4326707565	25.4081455195	1.7123434276	142.583394266	47.6881415902	39624.4035166	25496.3655511	4285019.6656	9140672.43726	764854.815461	1185388.57353	351565.503511	307600.664389	23102.1601118	13320.2529889	7993.18348833	0.0248811894903	0.254232457366	0.0	0.0	1.66771611518	1.7123434276	0.0	0.0	1.68406627317	2.5685151414	0.0347171984612941	0.0502264015376567	0.1147530376911163	0.1141583025455474	0.18876807391643524	0.42859816551208496	0.06012600660324097	0.06832504272460938	0.004890860058367252	0.03844253346323967
auf	auf	95	10	3	571,573	p3	9	physics	1	3			0	0	0	0	0	0	0	0	0	0	0	0	APPR	auf	3.0	appr	auf	3.0	auf	1.0	5092.06867979	5591.37797963	5914.8658555	5591.37797963	0.428085856899	6569.04767908	9351.09676518	8980.91288279	7572.83880855	489216.952266	1286948.94648	95233.9886234	112163.203452	83805.1382611	46267.0913278	41334.1231877	16266.7803613	7317.89743803	0.0692951484301	0.289895292654	0.0	0.0	3235.89246851	19.2638635605	0.0	0.0	3376.16047392	32.5345251244	2.943716526031494	1.4568519592285156	0.5661520957946777	0.8587526082992554	2.4206795692443848	1.5892845392227173	1.2708466053009033	1.1719577312469482	0.00042417587246745825	0.0002037079248111695
die	die	96	11	3	574,576	p3	9	physics	1	3			0	0	0	0	0	0	0	0	0	0	0	0	ART	die	3.0	art	d	1.0	die	1.0	20527.116504	24520.1275636	80100.3069113	24520.1275636	0.428085856899	9091.29875697	30440.211361	33694.5118659	1928.95487119	1361337.08551	2613060.47141	356516.797331	303924.26305	343523.065172	189343.230678	110461.430317	29991.8223867	29048.3692201	0.0938387928357	0.266249299869	0.0	0.0	15201.9436218	35.5311261227	0.0	0.0	15852.8515865	58.2196765383	1.2935919761657717	0.6119751930236816	0.359619528055191	0.2407674491405487	0.556911826133728	0.8216872215270996	0.25641563534736633	0.20321983098983765	0.0019374187104403973	0.0012318650260567665
Idee	Idee,	97	12	3	577,580	p3	9	physics	1	4		$,	0	0	0	0	0	0	0	0	0	0	0	0	NN	Idee	4.0	nn	Idee	4.0	i-dee	2.0	76.0854602157	76.0854602157	123.770695999	76.7476416144	2.9966009983	291.97448375	136.577720187	3730.3539465	12060.8909323	1773469.73006	3490452.82922	241512.614592	288887.319241	140469.627387	178718.995882	8060.80774179	286.757245942	261.733329136	0.0189816779876	0.120556014485	0.0	0.0	1.03823503249	6.42128785349	0.0	0.0	49.2875512668	9.84597470869	0.6504976153373718	0.2035763561725616	1.1259403228759766	0.2989223599433899	0.7684754729270935	0.46982428431510925	0.2762005031108856	0.2859251797199249	27.027560025453568	26.83970651589334
dass	dass	98	13	3	582,585	p3	9	physics	1	4			0	0	1	0	0	0	0	0	0	0	0	0	KOUS	dass	4.0	kous	dass	4.0	dass	1.0	147.780903011	147.780903011	153.552508782	148.034330459	3.4246868552	363.833488818	251.97278067	154.729720157	3.8527727121	1003972.69599	2406145.60056	229855.777627	221936.403565	206556.835189	132887.26787	110461.430317	19319.7963127	7903.50287175	0.00336324744952	0.0553902165934	0.0	0.0	25.6370477314	20.1200352743	7683.24989344	0.428085856899	7709.39379606	23.9728079864	1.0820595026016235	1.332890868186951	0.3687501549720764	2.3067193031311035	1.8990286588668823	1.8394525051116943	2.1166977882385254	0.9686704277992249	0.057616252452135086	0.021545635536313057
Hadronen	Hadronen	99	14	3	586,593	p3	9	physics	1	8			0	0	0	0	0	0	0	1	0	0	0	0	NN	Hadronen	8.0	nn	Hadron	6.0	ha-dro-nen	3.0																													7.182741641998291	6.1613287925720215	8.220905303955078	5.406897068023682	19.239416122436523	10.155691146850586	17.390018463134766	8.544931411743164	4.000152338296175	0.015153598375036381
aus	aus	100	15	3	594,596	p3	9	physics	1	3			0	0	0	0	0	0	0	0	0	0	0	0	APPR	aus	3.0	appr	aus	3.0	aus	1.0	2366.71806966	2877.24357788	3047.3996721	2877.24357788	0.428085856899	4921.08116286	5006.30824262	7041.84954557	10996.2414062	691880.798486	1839111.63623	154052.594714	244752.951652	136403.612872	161007.799724	41334.1231877	16266.7803613	4798.31356622	0.0510223759777	0.292714090181	9745.02934146	0.856171713799	9978.06814332	29.966009983	9745.02934146	0.856171713799	10279.6059321	50.0860452572	2.640031814575196	1.9824262857437127	0.8855234384536743	1.213632345199585	3.1868841648101807	3.582470178604126	3.120586633682251	2.8908345699310303	0.013783510774374008	0.0071436697617173195
wenigen	wenigen	101	16	3	597,603	p3	9	physics	1	7			0	0	0	0	0	0	0	0	0	0	0	0	PIDAT	wenigen	7.0	pis	wenige	6.0	we-ni-gen	3.0	61.6400956298	61.6400956298	323.054596685	263.384695093	11.1302322794	380.85272686	116.52790602	27499.7394807	68342.1947106	3051801.60061	6385894.9991	705904.647824	1299741.43614	406473.405238	510484.250721	34258.3961147	9994.2302745	2369.39949557	0.0015342213844	0.0649681798969	192.678436857	0.428085856899	195.572414821	2.5685151414	192.678436857	0.428085856899	250.247343146	4.70894442589	8.344820022583008	5.143908500671387	8.518115997314453	4.6462602615356445	8.567486763000488	5.870312690734863	7.986271858215332	5.876317977905273	7.047320365905762	4.37513542175293
elementareren	"""elementareren"""	102	17	3	605,617	p3	9	physics	1	13	$(	$(	1	0	0	0	0	0	0	0	1	0	0	0	ADJA	elementareren	13.0	adja	elementar	9.0	e-le-men-ta-re-ren	6.0	0.0981009479519	0.0981009479519	14.298213164	4.86417200262	12.4144898501	0.882479009606	0.186221184212	44567.4813817	132523.822978	6284101.11373	13893968.6984	996756.774486	2069067.80024	419060.361816	576486.528138	45007.5949345	274.290250474	162.267142991	4.09966666667e-06	0.0288219599167	0.0	0.0	0.0	0.0	0.0	0.0	0.024525236988	0.428085856899	13.969895362854004	3.5723280906677246	9.992342948913574	4.953295230865479	23.295534133911133	12.198065757751465	22.033960342407227	7.081661701202393	50.00291031367669	46.82413577703301
Teilchen	Teilchen	103	18	3	619,626	p3	9	physics	1	8			0	0	0	0	0	0	0	0	1	0	0	0	NN	Teilchen	8.0	nn	Teilchen	8.0	teil-chen	2.0	4.51264360579	4.51264360579	4.81512152864	8.44485660286	24.4008938433	26.2222334283	7.99199248908	8326.98013882	17786.1111825	2913834.55293	6304234.19721	656196.938372	1228507.94955	388513.018286	579645.373676	8191.78885746	1519.16675475	560.68779294	0.0458030658424	0.334724721978	0.0	0.0	6.59728874977	3.4246868552	0.0	0.0	8.00340233708	5.56511613969	1.1849175691604614	0.3547205030918121	1.28814697265625	1.2685773372650146	2.112729072570801	0.1463051736354828	1.706541657447815	0.09679877758026123	7.418255805969238	0.4289300739765167
zusammengesetzt	zusammengesetzt	104	19	3	627,641	p3	9	physics	1	15			0	0	0	0	0	0	0	0	0	0	0	0	VVPP	zusammengesetzt	15.0	vvpp	zusammensetzen	14.0	zu-sam-men-ge-setzt	5.0	6.98969254157	7.01421777856	16.268407202	45.9929944315	163.100711479	67.4466100199	13.175148783	68694.2323191	128094.418617	4755115.75393	10999965.325	589687.994595	1233700.631	182053.71179	235430.954032	19838.2434724	15326.7362026	754.788693542	0.0607267111865	0.396083615105	0.0	0.0	0.0572255529719	1.2842575707	0.0	0.0	2.64055051571	2.1404292845	1.3830264806747437	0.861768901348114	1.797828197479248	1.135362982749939	2.8993594646453857	0.821965217590332	2.5222666263580322	1.2264808416366577	0.007887776591815054	0.0034952739806612954
sein	sein	105	20	3	642,645	p3	9	physics	1	4			0	0	0	0	0	0	0	0	0	0	0	0	VAINF	sein	4.0	vainf	sein	4.0	sein	1.0	1095.32160912	1666.95583284	17044.4184006	2092.23161729	5.13703028279	3274.12319407	3013.74157155	2048.29056768	1091.61893509	1884473.37249	4088170.70352	443071.353635	580895.384378	324862.163876	299394.686598	48925.779496	10190.9226751	6991.14770564	0.0299220614852	0.307693686724	0.0	0.0	1848.59791305	26.9694089847	4999.44503476	0.428085856899	9294.28818594	38.0996412641	0.1519601792097091	0.6068556904792786	0.4336213171482086	1.273118019104004	1.4950519800186157	0.8408999443054199	0.6161367893218994	0.5877708196640015	1.8619691133499146	1.1050822734832764
sollten	sollten.	106	21	3	646,652	p3	9	physics	1	7		$.	0	0	0	0	1	1	0	0	0	0	0	0	VMFIN	sollten	7.0	vmfin	sollen	6.0	soll-ten	2.0	153.879511942	153.879511942	1416.75754016	554.924362248	36.8153836934	756.410579663	286.113331109	19946.4896934	49318.4873158	2243933.28818	5495660.49367	561216.001144	991649.757275	418845.929494	527609.825427	48925.779496	8037.09183762	2087.46554623	0.0193257311667	0.233490857528	0.0	0.0	96.9809621295	5.56511613969	577.732832647	0.856171713799	674.828245882	8.56171713799	4.240139484405518	4.8626251220703125	4.2816901206970215	5.533377647399902	3.2063441276550293	3.575188398361206	3.706468343734741	3.717414140701294	27.822461485862732	29.75702476501465
Diese	Diese	107	1	4	654,658	p3	9	physics	1	5			0	0	0	1	0	0	0	0	0	0	0	0	PDAT	Diese	5.0	pdat	diese	5.0	die-se	2.0	313.718656471	372.481124294	4932.97346745	391.553583592	19.6919494174	1560.09682055	706.724912515	42835.5173207	25150.9002646	2204007.09345	4751581.34916	323806.891979	484760.143494	181769.922097	220627.317015	19121.5915224	6400.40832231	5199.86527143	0.00785495687119	0.0182433127343	1137.48866658	0.428085856899	1164.44190203	15.4110908484	1137.48866658	0.428085856899	1538.05936231	19.6919494174	13.484697341918944	2.8207879066467285	17.54694175720215	1.7235842943191528	5.212606430053711	3.715667724609375	5.1736907958984375	3.4810476303100586	0.8423281311988831	0.5013819932937622
Idee	Idee	108	2	4	659,662	p3	9	physics	1	4			0	0	0	0	0	0	0	0	0	0	0	0	NN	Idee	4.0	nn	Idee	4.0	i-dee	2.0	76.0854602157	76.0854602157	123.770695999	76.7476416144	2.9966009983	291.97448375	136.577720187	3730.3539465	12060.8909323	1773469.73006	3490452.82922	241512.614592	288887.319241	140469.627387	178718.995882	8060.80774179	286.757245942	261.733329136	0.0189816779876	0.120556014485	0.0	0.0	1.03823503249	6.42128785349	0.0	0.0	49.2875512668	9.84597470869	7.341026782989502	2.061910629272461	9.75343132019043	5.3424835205078125	6.69068717956543	3.00655198097229	6.772721767425537	2.0754647254943848	3.1657297611236572	0.6974952816963196
wurde	wurde	109	3	4	663,667	p3	9	physics	1	5			0	0	0	0	0	0	0	0	0	0	0	0	VAFIN	wurde	5.0	vafin	werden	6.0	wur-de	2.0	1349.33766368	1350.62932616	8998.09689884	1351.12800598	4.70894442589	4314.94415169	2471.97759138	17443.1251784	35710.0660108	1568591.27129	3226124.3675	298982.013821	331926.643208	188666.475964	195019.221055	34258.3961147	2235.42630098	1938.64640819	0.045274918297	0.331294280333	0.0	0.0	834.610164859	8.56171713799	0.0	0.0	1410.68345647	14.5549191346	3.219942092895508	1.0799094438552856	3.1930832862854004	1.216231107711792	3.085904359817505	1.3308453559875488	2.767550468444824	1.1829936504364014	1.7908979654312134	0.3183574974536896
unterstützt	unterstützt	110	4	4	668,678	p3	9	physics	1	11			0	0	0	0	0	0	0	0	0	0	0	0	VVPP	unterstützt	11.0	vvpp	unterstützen	12.0	un-ter-stützt	3.0	24.582462541	32.8883428009	75.2025516841	250.247343146	106.593378368	324.878343965	62.1823570946	18718.7481547	44682.7455715	3226317.52986	7806101.9358	524832.092666	1054442.67502	198382.377499	224992.936583	32509.3788389	28906.6542257	2137.73410698	0.0370010956428	0.290138718794	0.0	0.0	3.99761362904	1.7123434276	0.0	0.0	10.3905254039	3.8527727121	5.988075733184815	6.757835388183594	6.745014667510986	6.971359729766846	7.2718281745910645	6.891781806945801	6.417162895202637	8.347085952758789	3.3517885208129883	2.735154151916504
durch	durch	111	5	4	679,683	p3	9	physics	1	5			0	0	0	0	0	0	0	0	0	0	0	0	APPR	durch	5.0	appr	durch	5.0	durch	1.0	2265.55146708	2302.17582098	2421.46657369	2302.66632572	6.84937371039	4479.71558962	3888.06554986	3354.08776063	2913.1242562	1088066.18564	2327777.207	307334.132327	365429.926626	203764.587907	61067.3036584	110461.430317	3873.65490622	2945.03133291	0.0339580104325	0.23931799428	0.0	0.0	119.413378894	9.41788885179	0.0	0.0	139.7284502	15.8391767053	1.5597761869430542	0.2781957983970642	1.5734423398971558	0.1943022906780243	0.9345798492431641	0.7730336785316467	1.0135024785995483	0.6544126272201538	0.0016380238812416792	0.0026454473845660686
das	das	112	6	4	684,686	p3	9	physics	1	3			0	0	0	0	0	0	0	0	0	0	0	0	ART	das	3.0	art	d	1.0	das	1.0	5535.50948977	7683.24989344	80100.3069113	7683.24989344	0.428085856899	6503.8703008	12246.2154424	9530.4416929	290.670296835	734069.119328	1662118.68252	216547.190476	169684.671958	215247.31204	124039.161294	110461.430317	19319.7963127	7903.50287175	0.0288325249482	0.178984875387	0.0	0.0	15300.9683536	34.6749544089	0.0	0.0	16474.0513142	50.942216971	2.456598281860352	2.08679747581482	2.334113121032715	2.4255473613739014	2.091132164001465	2.9000754356384277	1.5675452947616577	2.870103597640991	0.0030822886619716883	0.003091320628300309
anomale	anomale	113	7	4	687,693	p3	9	physics	1	7			0	0	0	0	0	0	0	0	0	0	0	0	ADJA	anomale	7.0	adja	anomal	6.0	a-no-ma-le	4.0	0.261602527872	0.261602527872	0.833858057591	3.85863728611	7.70554542419	3.27777917854	0.496589824564	24681.9287271	93968.6983621	2123751.17391	5072354.21536	295413.984243	519927.824725	192059.051996	218037.825666	41334.1231877	8435.34898599	22.9719719787	0.000232680375	0.100466423719	0.0	0.0	0.196201895904	0.856171713799	0.351528396828	0.428085856899	1.07093534848	2.9966009983	24.08625030517578	8.640846252441406	24.662992477416992	8.6720552444458	17.155921936035156	12.729713439941406	21.636577606201172	12.897523880004883	0.1268727732822299	0.15446462156251073
magnetische	magnetische	114	8	4	694,704	p3	9	physics	1	11			0	0	0	0	0	0	0	0	1	0	0	0	ADJA	magnetische	11.0	adja	magnetisch	10.0	mag-ne-ti-sche	4.0	1.75764198414	1.75764198414	5.59175403326	2.29719719787	8.56171713799	11.8504324147	3.18127856361	29645.5342155	81613.2843603	3769962.60482	8530175.34397	504248.559941	1051965.34217	249223.357277	444376.236098	21052.512481	4172.41316813	146.211287843	0.0109923297442	0.172541621233	0.0	0.0	0.114451105944	0.428085856899	2.2399716449	0.428085856899	3.73601110117	2.5685151414	9.1170072555542	1.1129175424575806	7.103148460388184	2.6658835411071777	10.064685821533203	6.646678924560547	9.684871673583984	7.133082866668701	0.0022717700303473976	0.00803736183570436
Moment	Moment	115	9	4	705,710	p3	9	physics	1	6			0	0	0	0	0	0	0	0	1	0	0	0	NN	Moment	6.0	nn	Moment	6.0	mo-ment	2.0	51.4457721218	51.4457721218	71.368439635	52.1570039944	6.42128785349	199.062050881	95.6090596606	2585.58128454	14283.9407872	1761390.88734	4027209.99324	329417.751172	656000.05137	120830.357162	178641.512342	14815.8918663	1405.28790433	81.603638538	0.0244303166976	0.134755663518	0.0	0.0	0.588605687711	1.7123434276	0.0	0.0	15.6471011983	5.13703028279	3.2591164112091064	0.1589651405811309	2.1968798637390137	0.0111757488921284	7.835597515106201	7.8681535720825195	4.504142761230469	1.8832472562789917	0.24483098089694977	0.23124198615550995
des	des	116	10	4	711,713	p3	9	physics	1	3			0	0	0	0	0	0	0	0	0	0	0	0	ART	des	3.0	art	d	1.0	des	1.0	7101.07799289	7101.07799289	80100.3069113	7101.07799289	0.428085856899	7430.34719246	10967.4656073	9589.02430898	7300.14811771	1261615.62435	2602206.35451	326044.476501	328517.367443	261724.107647	165779.244685	110461.430317	53801.2331077	7725.99738151	0.121698304848	0.352013185599	44055.247282	1.2842575707	49782.1108458	35.9592119796	44055.247282	1.2842575707	54875.2749862	52.2264745417	1.4182735681533811	0.65207839012146	0.3032386004924774	0.6059795022010803	3.4602925777435303	4.026755332946777	3.4771573543548584	3.03337025642395	0.4564765691757202	1.28468656539917
Neutrons	Neutrons,	117	11	4	714,721	p3	9	physics	1	8		$,	0	0	0	0	0	0	0	0	1	0	0	0	NN	Neutrons	8.0	nn	Neutron	7.0	neu-trons	2.0	0.171676658916	0.171676658916	2.19909624992	28.522850617	83.0486562385	0.756410579663	0.310368640353	1634.06749004	2728.61925188	2434553.28102	5781344.01836	156401.450236	425635.493455	85020.1185015	175085.831214	6477.26223995	1180.89833605	426.943500566	0.0159753032857	0.335324781238	0.0	0.0	0.0	0.0	0.735757109639	0.856171713799	0.735757109639	0.856171713799	4.5718207359313965	2.626612663269043	2.925635576248169	2.938840389251709	15.390664100646973	10.572916984558105	9.524371147155762	5.241423606872559	26.549983975943178	29.7805881164968
das	das	118	12	4	723,725	p3	9	physics	1	3			0	0	1	0	0	0	0	0	0	0	0	0	PRELS	das	3.0	prels	die	3.0	das	1.0	865.29941141	7683.24989344	10789.1994813	7683.24989344	0.428085856899	6503.8703008	12246.2154424	9530.4416929	290.670296835	734069.119328	1662118.68252	216547.190476	169684.671958	215247.31204	124039.161294	110461.430317	19319.7963127	7903.50287175	0.0288325249482	0.178984875387	0.0	0.0	15300.9683536	34.6749544089	0.0	0.0	16474.0513142	50.942216971	0.753029465675354	0.3304314613342285	1.1405072212219238	0.4307575821876526	1.4483219385147095	0.8968291282653809	0.9513550400733948	0.5914933681488037	0.10677941143512726	0.0712776631116867
als	als	119	13	4	726,728	p3	9	physics	1	3			0	0	0	0	0	0	0	0	0	0	0	0	KOKOM	als	3.0	kokom	als	3.0	als	1.0	3463.41309205	4153.65136184	4541.08470562	4153.65136184	0.428085856899	5247.34625955	6981.83567532	4603.69763565	302.228614971	681961.550037	1925878.64622	141980.120382	218560.946583	127440.529836	138813.260388	41334.1231877	9001.42415599	4724.78690573	0.0390845361957	0.243678478051	0.0	0.0	3467.69683344	19.2638635605	0.0	0.0	4065.34415852	32.9626109813	5.310708999633789	4.27756404876709	4.200031280517578	3.70806884765625	3.980891466140747	3.438633680343628	4.190463066101074	2.9088220596313477	0.1622774749994278	0.05118370056152344
neutrales	neutrales	120	14	4	729,737	p3	9	physics	1	9			0	0	0	0	0	0	0	0	1	0	0	0	ADJA	neutrales	9.0	adja	neutral	7.0	neu-tra-les	3.0	1.27531232337	1.27531232337	24.1737085912	38.1612687533	26.1132372709	16.7671011825	2.40535696273	3802.03303914	8619.08064281	3495297.37165	8155691.82955	289749.782659	631806.351082	125560.05729	189964.811343	21439.2836433	2061.65682184	1177.66917985	0.00408669675641	0.129851181179	12.0827667561	0.856171713799	12.5242210219	1.7123434276	17.2412416025	1.2842575707	17.7072211053	2.9966009983	7.857658863067627	10.831953048706056	8.406778335571289	10.224614143371582	9.326875686645508	8.970044136047363	9.839591979980469	9.741140365600586	3.228027179837227	4.3700832556933165
Teilchen	Teilchen	121	15	4	738,745	p3	9	physics	1	8			0	0	0	0	0	0	0	0	1	0	0	0	NN	Teilchen	8.0	nn	Teilchen	8.0	teil-chen	2.0	4.51264360579	4.51264360579	4.81512152864	8.44485660286	24.4008938433	26.2222334283	7.99199248908	8326.98013882	17786.1111825	2913834.55293	6304234.19721	656196.938372	1228507.94955	388513.018286	579645.373676	8191.78885746	1519.16675475	560.68779294	0.0458030658424	0.334724721978	0.0	0.0	6.59728874977	3.4246868552	0.0	0.0	8.00340233708	5.56511613969	0.8553697466850281	0.677716076374054	0.6791974902153015	1.0841890573501587	4.232552528381348	2.704277753829956	2.4882946014404297	2.8390145301818848	0.6516939997673035	0.44533222913742065
eigentlich	eigentlich	122	16	4	746,755	p3	9	physics	1	10			0	0	0	0	0	0	0	0	0	0	0	0	ADV	eigentlich	10.0	adv	eigentlich	10.0	ei-gent-lich	3.0	152.710475645	153.029303726	249.135532403	156.683564037	8.13363128109	496.457477119	288.223837863	21892.7634503	13492.8381236	3686057.89409	8136434.81537	661588.157718	1239727.22369	249253.891197	229044.769219	45007.5949345	21503.4825387	790.660940176	0.00817328048172	0.118119610684	0.0	0.0	12.6550222858	1.7123434276	0.0	0.0	51.020668014	3.4246868552	3.920718669891357	2.47656512260437	3.68774676322937	1.3048746585845947	8.816658020019531	9.137371063232422	8.870338439941406	8.000761985778809	2.0054657459259033	2.167358875274658
kein	kein	123	17	4	756,759	p3	9	physics	1	4			0	0	0	0	0	0	0	0	0	0	0	0	PIAT	kein	4.0	piat	keine	5.0	kein	1.0	422.766035199	422.766035199	1610.00005747	423.771569915	2.1404292845	1333.17364666	761.085979873	469.200483896	20.1200352743	1667801.68373	3553357.04929	380873.251638	534966.480877	275061.225824	289967.379858	11052.747678	1953.97468131	1637.88525193	0.00935442253857	0.136701272702	1666.95583284	0.428085856899	2659.6638504	20.5481211312	7356.73723834	1.2842575707	8395.20117304	26.9694089847	2.1560957431793213	2.08113956451416	1.6823253631591797	1.3097954988479614	4.173417091369629	4.5950927734375	3.7715086936950684	3.729166030883789	0.048432085663080215	0.2080158144235611
magnetisches	magnetisches	124	18	4	760,771	p3	9	physics	1	12			0	0	0	0	0	0	0	0	1	0	0	0	ADJA	magnetisches	12.0	adja	magnetisch	10.0	mag-ne-ti-sches	4.0	0.261602527872	0.261602527872	5.59175403326	3.99761362904	15.8391767053	2.26923173899	0.496589824564	26299.7605102	72980.5049701	4039866.18148	9274202.26201	488771.475861	1103874.60509	197302.65394	411468.420106	21052.512481	4172.41316813	146.211287843	0.031778509	0.132822154563	2.66507575269	0.856171713799	2.84492749061	1.7123434276	4.42271773683	1.2842575707	4.60256947474	2.1404292845	1.1967103481292725	0.8761863708496094	1.1610238552093506	0.3440403342247009	3.3273911476135254	4.535325527191162	3.7424631118774414	4.804908275604248	0.003297398186987266	0.00807645870554552
Moment	Moment	125	19	4	772,777	p3	9	physics	1	6			0	0	0	0	0	0	0	0	1	0	0	0	NN	Moment	6.0	nn	Moment	6.0	mo-ment	2.0	51.4457721218	51.4457721218	71.368439635	52.1570039944	6.42128785349	199.062050881	95.6090596606	2585.58128454	14283.9407872	1761390.88734	4027209.99324	329417.751172	656000.05137	120830.357162	178641.512342	14815.8918663	1405.28790433	81.603638538	0.0244303166976	0.134755663518	0.0	0.0	0.588605687711	1.7123434276	0.0	0.0	15.6471011983	5.13703028279	0.1452917456626892	0.2033991664648056	0.1447087377309799	0.0361055769026279	4.331793785095215	3.914785385131836	1.1441596746444702	0.9320729970932007	0.20157413184642792	0.2921006381511688
haben	haben	126	20	4	778,782	p3	9	physics	1	5			0	0	0	0	0	0	0	0	0	0	0	0	VAINF	haben	5.0	vainf	haben	5.0	ha-ben	2.0	529.213738806	1607.98898804	8161.24676233	1613.75241873	8.56171713799	3693.30072363	2922.46215442	11089.3475066	14791.6506134	1776796.45583	3923426.14235	465680.254005	795978.133374	368981.691804	461766.795949	17646.9952984	8376.95439672	2807.01147422	0.0434172288213	0.320677529984	0.0	0.0	110.780495475	17.9796059898	0.0	0.0	1209.65008888	26.5413231278	0.2513474225997925	0.2134338468313217	0.5601551532745361	0.3882639408111572	4.916499614715576	4.497709274291992	3.506293773651123	2.4473650455474854	1.2680652141571045	0.7759585380554199
sollte	sollte,	127	21	4	783,788	p3	9	physics	1	6		$,	0	0	0	0	1	0	0	0	0	0	0	0	VMFIN	sollte	6.0	vmfin	sollen	6.0	soll-te	2.0	343.524994491	343.524994491	1416.75754016	870.694963547	25.2570655571	1141.54963314	639.39043599	26493.9104613	46209.727823	1771057.7384	4515169.22234	319414.544661	530168.494593	226251.180921	241811.145643	48925.779496	8037.09183762	2087.46554623	0.0195198243163	0.236900663528	0.0	0.0	358.845092529	7.70554542419	0.0	0.0	597.917102688	11.9864039932	2.152361392974853	1.582038640975952	1.7700347900390625	1.0724260807037354	3.1466617584228516	2.309074878692627	2.483337879180908	2.513545513153076	26.22393572330475	26.19802975654602
außer	außer	128	22	4	790,794	p3	9	physics	1	5			0	0	1	0	0	0	0	0	0	0	0	0	APPR	außer	5.0	appr	außer	5.0	au-ßer	2.0	100.880474811	100.880474811	121.097445168	149.514019758	1.2842575707	525.453216006	189.293833751	3188.32168383	8494.50765846	1552479.3351	3583352.16911	357857.036131	521187.253316	252112.60187	168262.570741	41334.1231877	16266.7803613	370.772532784	0.0134765410833	0.18605477153	0.0	0.0	68.8586903832	1.7123434276	0.0	0.0	69.1529932271	5.99320199659	7.826561450958252	7.811899185180664	6.145727157592773	5.539705753326416	6.252655029296875	6.18060302734375	6.973023414611816	7.173473358154297	3.078380584716797	2.7881104946136475
wenn	wenn	129	23	4	795,798	p3	9	physics	1	4			0	0	0	0	0	0	0	0	0	0	0	0	KOUS	wenn	4.0	kous	wenn	4.0	wenn	1.0	1585.0006659	1585.0006659	2088.08685224	1585.4666454	2.9966009983	2661.17848768	2817.54203555	2101.8782105	31.2502675537	1776805.08871	3658477.81231	442613.696362	690452.401134	254237.860807	255497.050488	34258.3961147	9994.2302745	2369.39949557	0.0172353479473	0.0924751899403	0.0	0.0	1407.19269774	17.9796059898	0.0	0.0	1425.87275324	23.5447221295	3.238497734069824	3.657111406326294	2.824591398239136	1.9764814376831052	2.424818515777588	2.0763471126556396	1.8553252220153809	1.7171118259429932	2.865290880203247	4.346469879150391
es	es	130	24	4	799,800	p3	9	physics	1	2			0	0	0	0	0	0	0	0	0	0	0	0	PPER	es	2.0	pper	es	2.0	es	1.0	4482.240487	4482.240487	7209.6675672	0.0	0.0	4656.84173369	7605.13349731	6486.72898142	1792.39548284	1041972.78488	2352798.39725	160713.918858	229470.714647	137226.941427	157414.447041	45007.5949345	4564.40820599	-0.00817507899599	0.0578338146002	0.220031352121	4943.65829569	0.428085856899	6564.72741013	38.0996412641	12044.7362886	0.856171713799	13944.1259674	66.3533078194	0.3840791881084442	0.469837486743927	0.8385315537452698	0.5534440875053406	0.7459263801574707	0.8819012641906738	0.5766382217407227	0.6281774044036865	0.058975089341402054	0.05376476049423218
aus	aus	131	25	4	801,803	p3	9	physics	1	3			0	0	0	0	0	0	0	0	0	0	0	0	APPR	aus	3.0	appr	aus	3.0	aus	1.0	2366.71806966	2877.24357788	3047.3996721	2877.24357788	0.428085856899	4921.08116286	5006.30824262	7041.84954557	10996.2414062	691880.798486	1839111.63623	154052.594714	244752.951652	136403.612872	161007.799724	41334.1231877	16266.7803613	4798.31356622	0.0510223759777	0.292714090181	9745.02934146	0.856171713799	9978.06814332	29.966009983	9745.02934146	0.856171713799	10279.6059321	50.0860452572	5.756181716918945	2.0307767391204834	4.053073883056641	0.6262419819831848	3.808135509490967	3.8424153327941895	3.474414587020874	3.3874869346618652	0.007877355441451073	0.008721711114048958
geladenen	geladenen	132	26	4	804,812	p3	9	physics	1	9			0	0	0	0	0	0	0	0	1	0	0	0	ADJA	geladenen	9.0	adja	geladen	7.0	ge-la-de-nen	4.0	2.41982338281	2.41982338281	4.65979502772	132.787808132	80.0520552402	28.1132598775	4.51586371713	73737.9290565	166066.918381	4026961.80293	8582321.33837	827465.579096	1518944.51151	413033.72628	528474.986943	23747.2147199	15623.9820749	965.893758456	0.00657290546284	0.222882423253	0.0	0.0	2.53427448876	2.5685151414	0.0	0.0	3.8831625231	3.8527727121	8.17971134185791	7.715481758117676	9.355334281921388	6.0576887130737305	9.8103609085083	8.98210334777832	8.150394439697266	7.5480875968933105	2.6720487198908813	3.5557307404233143
Teilchen	Teilchen	133	27	4	813,820	p3	9	physics	1	8			0	0	0	0	0	0	0	0	1	0	0	0	NN	Teilchen	8.0	nn	Teilchen	8.0	teil-chen	2.0	4.51264360579	4.51264360579	4.81512152864	8.44485660286	24.4008938433	26.2222334283	7.99199248908	8326.98013882	17786.1111825	2913834.55293	6304234.19721	656196.938372	1228507.94955	388513.018286	579645.373676	8191.78885746	1519.16675475	560.68779294	0.0458030658424	0.334724721978	0.0	0.0	6.59728874977	3.4246868552	0.0	0.0	8.00340233708	5.56511613969	1.100135326385498	1.0259429216384888	1.2883864641189575	1.5820724964141846	0.387185275554657	0.2203557938337326	0.32393506169319153	0.5128499269485474	0.09963798522949219	0.07048452645540237
zusammengesetzt	zusammengesetzt	134	28	4	821,835	p3	9	physics	1	15			0	0	0	0	0	0	0	0	0	0	0	0	VVPP	zusammengesetzt	15.0	vvpp	zusammensetzen	14.0	zu-sam-men-ge-setzt	5.0	6.98969254157	7.01421777856	16.268407202	45.9929944315	163.100711479	67.4466100199	13.175148783	68694.2323191	128094.418617	4755115.75393	10999965.325	589687.994595	1233700.631	182053.71179	235430.954032	19838.2434724	15326.7362026	754.788693542	0.0607267111865	0.396083615105	0.0	0.0	0.0572255529719	1.2842575707	0.0	0.0	2.64055051571	2.1404292845	1.4871251583099363	0.638080358505249	1.417658805847168	0.7025179266929626	3.3241140842437744	2.8520467281341553	2.2882156372070312	1.90058434009552	0.0054190149530768394	0.0026308557753509376
ist	ist,	135	29	4	836,838	p3	9	physics	1	3		$,	0	0	0	0	1	0	0	0	0	0	0	0	VAFIN	ist	3.0	vafin	sein	4.0	ist	1.0	6193.1128442	6201.98280491	17044.4184006	6201.98280491	0.428085856899	5647.61352462	10628.2947571	6392.98535058	321.920564388	917956.027182	2251465.76597	202181.475685	311508.232091	153618.244592	108375.49979	37971.7622471	6331.86028492	6216.50992029	0.0707295422332	0.285080866351	0.0	0.0	174.505236248	21.8323787019	0.0	0.0	350.048707529	42.380499833	2.120314359664917	2.238751173019409	1.9092262983322144	1.9364441633224487	2.6212258338928223	2.692750930786133	2.317671060562134	2.450188159942627	26.631730437278748	26.352488800883293
deren	deren	136	30	4	840,844	p3	9	physics	1	5			0	0	1	0	0	0	0	0	0	0	0	0	PRELAT	deren	5.0	prelat	die	3.0	de-ren	2.0	386.648536194	388.765881654	10789.1994813	430.287107875	11.5583181363	1568.41733693	713.38231985	24246.4831444	54470.5006036	2577096.72975	5300262.41663	790615.045283	1199605.73293	552022.029353	514113.562616	110461.430317	53801.2331077	27238.2432288	0.00328002002165	0.108913459742	437.284975496	0.428085856899	457.763548381	15.8391767053	437.284975496	0.428085856899	461.10715569	22.6885504157	4.818830490112305	3.257519245147705	4.290627956390381	2.021484136581421	4.31728458404541	3.6867237091064453	4.510573863983154	3.9762520790100098	0.30410513281822205	0.8772789239883423
Ladungen	Ladungen	137	31	4	845,852	p3	9	physics	1	8			0	0	0	0	0	0	0	0	1	0	0	0	NN	Ladungen	8.0	nn	Ladung	6.0	la-dun-gen	3.0	1.31618771835	1.31618771835	7.93800170511	3.52345904727	14.9830049915	14.1196641537	2.42087539475	22312.6355076	58762.4894049	2502489.20937	5313721.43597	558212.190993	1094885.65827	396074.157024	633013.981284	8934.00427951	2071.04998761	60.0704804626	0.0163652447267	0.278359587876	0.0	0.0	0.016350157992	0.856171713799	0.0	0.0	0.506854897752	1.2842575707	3.213968276977539	4.302340507507324	6.477118968963623	5.164284706115723	7.56521463394165	7.480963230133057	4.537690162658691	4.233959674835205	0.6281050592660904	0.8658986538648605
sich	sich	138	32	4	853,856	p3	9	physics	1	4			0	0	0	0	0	0	0	0	0	0	0	0	PRF	sich	4.0	prf	sich	4.0	sich	1.0	6557.46793998	6557.46793998	6566.55045274	6557.81946837	0.856171713799	6282.99841154	11211.8033194	6926.29480396	1064.22144025	990057.517976	2298056.06212	287477.77288	411907.636196	194753.386357	108862.23341	48925.779496	15113.3748159	6879.41072592	0.109257424523	0.373105981887	0.0	0.0	1254.85010065	21.404292845	0.0	0.0	4636.93750684	29.5379241261	1.513144850730896	1.1584094762802124	1.5454282760620115	1.433952808380127	2.0462357997894287	2.002532482147217	1.9967364072799683	2.0661938190460205	2.2294921875	2.966695547103882
zu	zu	139	33	4	857,858	p3	9	physics	1	2			0	0	0	0	0	0	0	0	0	0	0	0	APPR	zu	2.0	appr	zu	2.0	zu	1.0	2657.22767686	8897.95218113	9058.93583672	0.0	0.0	7088.44961045	13807.9438853	16158.8284432	13822.8923193	227861.336305	547892.533326	51760.5780638	28442.4524183	57219.5279387	16021.5412803	19838.2434724	15326.7362026	-0.00817507899599	0.0592554444736	0.308475260123	0.0	0.0	1383.3868677	35.9592119796	0.0	0.0	4752.13254498	50.5141311141	3.576202392578125	3.666157960891724	4.139438629150391	3.249207019805908	4.999571800231934	5.033123970031738	4.868315696716309	4.782574653625488	3.3250651359558105	2.785756826400757
	nan	140	34	4	859,862	p3	9	physics	1	4			0	0	0	0	0	0	0	0	0	0	0	0	CARD		4.0	card		4.0		1.0	2.59967512073	2.59967512073	11.5023361474	2.60785019972	0.856171713799	29.121807317	4.5779374452	17.4701438144	92.4665450903	985400.608751	2433228.02421	65731.9515695	119015.573763	41099.4984205	38023.8700674	21439.2836433	3127.83427434	4.22651584093	0.0184785652233	0.240482418525	12.7204229178	0.856171713799	16.6608109938	11.5583181363	12.7204229178	0.856171713799	17.5518946044	14.5549191346	13.729026794433594	14.799209594726562	12.519187927246094	15.74886989593506	7.292181015014648	7.756105422973633	12.61882495880127	12.708722114562988	17.59919023513794	19.564489364624023
kompensieren	kompensieren.	141	35	4	863,874	p3	9	physics	1	12		$.	0	0	0	0	1	1	0	0	0	0	0	0	VVFIN	kompensieren	12.0	vvfin	kompensieren	12.0	kom-pen-sie-ren	4.0	0.049050473976	1.35706311333	3.30273191438	27.1739625827	41.5243281192	15.1282115933	2.56054128291	20140.794971	35858.6118032	4546691.35464	10143951.5749	908656.923875	1790689.13261	385541.924801	575988.236201	11052.747678	2212.84673279	992.495465508	0.0489080046566	0.385916492994	0.0	0.0	0.032700315984	0.428085856899	0.0	0.0	0.138976342932	1.2842575707	10.207589149475098	4.750071048736572	23.96500968933105	13.884722709655762	17.85374641418457	18.839628219604492	21.244884490966797	21.253225326538086	39.81653046607971	37.99759780243039
Außerdem	Außerdem	142	1	5	876,883	p3	9	physics	1	8			0	0	0	1	0	0	0	0	0	0	0	0	PAV	Außerdem	8.0	adv	außerdem	8.0	au-ßer-dem	3.0	57.021175997	57.07840155	114.941610684	58.6398416383	11.1302322794	427.624114369	108.334173915	9856.30851676	9496.65664946	2427884.64018	5087843.64592	364149.958515	596470.004024	91210.2229167	103619.037834	19822.5963712	5396.67212318	304.243739915	0.0016485354937	0.0118234744943	57.8632091336	0.428085856899	57.8713842126	0.856171713799	57.8632091336	0.428085856899	57.8877343706	1.2842575707	14.55005168914795	5.892463207244873	18.122119903564453	4.540802955627441	7.718070030212402	6.057985782623291	7.74943733215332	6.909500598907471	2.2760095596313477	2.342217445373535
wurde	wurde	143	2	5	884,888	p3	9	physics	1	5			0	0	0	0	0	0	0	0	0	0	0	0	VAFIN	wurde	5.0	vafin	werden	6.0	wur-de	2.0	1349.33766368	1350.62932616	8998.09689884	1351.12800598	4.70894442589	4314.94415169	2471.97759138	17443.1251784	35710.0660108	1568591.27129	3226124.3675	298982.013821	331926.643208	188666.475964	195019.221055	34258.3961147	2235.42630098	1938.64640819	0.045274918297	0.331294280333	0.0	0.0	834.610164859	8.56171713799	0.0	0.0	1410.68345647	14.5549191346	5.4244794845581055	2.312722682952881	4.246667861938477	2.951759099960327	3.9176950454711914	1.9752999544143677	3.935833692550659	2.734837293624878	0.051850926131010056	0.22982342541217804
bei	bei	144	3	5	889,891	p3	9	physics	1	3			0	0	0	0	0	0	0	0	0	0	0	0	APPR	bei	3.0	appr	bei	3.0	bei	1.0	2135.91106436	2161.86694017	2489.87563473	2161.86694017	0.428085856899	4322.25612062	3715.43851209	5555.26048062	4566.8199214	1219263.07434	2569992.0376	157298.346328	245814.176491	54673.4895113	42554.7307768	20337.830725	14068.4280436	3488.24080696	0.0361569463119	0.220877330072	0.0	0.0	1512.16888713	28.2536665554	0.0	0.0	1895.89892012	38.0996412641	4.441676139831543	3.929940700531006	4.436840057373047	3.941314697265625	4.061310768127441	5.086516380310059	4.4554619789123535	4.758540153503418	0.3085940480232239	0.406391978263855
der	der	145	4	5	892,894	p3	9	physics	1	3			0	0	0	0	0	0	0	0	0	0	0	0	ART	der	3.0	art	d	1.0	der	1.0	24738.5901996	26530.3631386	80100.3069113	26530.3631386	0.428085856899	9372.80956103	30912.3596552	38163.5169	19310.096833	1332151.97174	2710999.66609	487983.455471	535760.152056	398226.025843	178781.068331	110461.430317	53801.2331077	27238.2432288	0.129811235347	0.318759302208	0.0	0.0	25590.4497812	36.8153836934	0.0	0.0	33289.1996244	55.22307554	1.3060719966888428	1.1707104444503784	1.2374533414840698	0.6217545866966248	0.8419092297554016	1.0062922239303589	1.2316073179244995	1.499079704284668	0.04010483995079994	0.02614135667681694
Streuung	Streuung	146	5	5	895,902	p3	9	physics	1	8			0	0	0	0	0	0	0	0	1	0	0	0	NN	Streuung	8.0	nn	Streuung	8.0	streu-ung	2.0	1.20173661241	1.20173661241	1.35706311333	134.18574664	155.395166055	8.57265323618	2.17258048247	157.860775413	509.42216971	2380943.90067	5513200.88357	222722.252746	594119.384584	107111.757099	287484.909974	26995.0755041	6635.67892073	1106.52146734	0.00366955058503	0.138980664612	0.0	0.0	0.171676658916	0.856171713799	0.0	0.0	0.335178238836	1.2842575707	11.76657772064209	3.3713297843933105	11.849523544311523	5.702835559844971	12.428680419921875	8.780946731567383	11.064611434936523	8.002245903015137	0.012293011182919145	0.021643932588631287
von	von	147	6	5	903,905	p3	9	physics	1	3			0	0	0	0	0	0	0	0	0	0	0	0	APPR	von	3.0	appr	von	3.0	von	1.0	7955.34104766	7955.34104766	8265.3727435	7955.34104766	0.428085856899	7856.20634881	12401.4928732	8585.23905938	340.756342092	620899.645044	1436353.90714	258695.641457	333765.271963	253104.606831	264495.4152	23102.1601118	13320.2529889	7993.18348833	0.0874371201871	0.312235645495	0.0	0.0	3224.03042889	30.8221816968	0.0	0.0	3276.15473257	38.9558129779	2.767645835876465	0.6790543794631958	1.7407944202423096	0.4659414887428283	2.344531774520874	1.8068101406097412	2.5005674362182617	1.6515458822250366	0.1545097380876541	0.2403171956539154
hochenergetischen	hochenergetischen	148	7	5	906,922	p3	9	physics	1	17			0	0	0	0	0	0	0	0	1	0	0	0	ADJA	hochenergetischen	17.0	adja	hochenergetisch	15.0	hoch-e-ner-ge-ti-schen	6.0	0.04087539498	0.04087539498	0.0817507899599	3.98943855004	60.3601058228	0.504273719775	0.0775921600881	72784.5268187	188891.172013	6452131.12333	14305032.5773	1322150.62097	2788357.77704	518126.09989	899592.89035	17646.9952984	802.122400929	245.922726357	2.2616e-06	0.0056405078	0.0	0.0	0.00817507899599	0.428085856899	0.0	0.0	0.024525236988	0.856171713799	11.653424263000488	3.9590227603912354	11.415283203125	5.416377067565918	12.127493858337402	8.810070991516113	10.440285682678223	6.691097736358643	0.08181941107613966	0.18132367968792096
Elektronen	Elektronen	149	8	5	923,932	p3	9	physics	1	10			0	0	0	0	0	0	0	0	1	0	0	0	NN	Elektronen	10.0	nn	Elektron	8.0	e-lek-tro-nen	4.0	4.22651584093	4.22651584093	5.39555213736	11.3715348834	32.9626109813	11.7243639848	7.43332893644	17938.5267904	46346.2872114	3461712.64292	7937577.8046	519718.76878	1028476.69929	357523.868962	506586.528994	14903.9783425	524.202415381	220.048601335	0.0183056392573	0.217913610928	0.0	0.0	1.16903629643	0.428085856899	0.0	0.0	1.34888803434	2.1404292845	2.54134202003479	0.6255990266799927	3.950439929962158	0.7190613746643066	5.387156963348389	3.4404826164245605	4.484736919403076	2.74351167678833	0.8013738393783569	0.9043043851852417
und	und	150	9	5	933,935	p3	9	physics	1	3			0	0	0	0	0	0	0	0	0	0	0	0	KON	und	3.0	kon	und	3.0	und	1.0	22313.7473183	22313.7473183	23398.5884761	22313.7473183	0.428085856899	9064.0679761	29467.6401896	23513.5137367	723.037012303	869972.90787	1656300.13956	195202.966651	251153.263298	160187.509171	58920.0250002	32509.3788389	28906.6542257	22352.5789435	0.120238001286	0.419307858966	0.0	0.0	2201.34439665	22.6885504157	0.0	0.0	2454.42031712	42.8085856899	2.413186550140381	2.540867328643799	3.0316593647003174	3.458448648452759	3.140521764755249	3.7346770763397217	3.3251776695251465	3.6443352699279785	0.23032906651496887	0.2598658800125122
Protonen	Protonen	151	10	5	936,943	p3	9	physics	1	8			0	0	0	0	0	0	0	0	1	0	0	0	NN	Protonen	8.0	nn	Proton	6.0	pro-to-nen	3.0	0.956484242531	0.956484242531	1.48786437727	257.122584582	133.99087321	4.53846347798	1.62943536185	16677.071226	48528.240824	2578876.56707	5989356.07325	473982.373729	911365.251415	354888.771224	513900.375859	10343.3797233	3039.31451897	1551.10678838	0.0201664908632	0.22522629747	0.0	0.0	0.212552053896	0.856171713799	0.0	0.0	0.24525236988	1.7123434276	1.7307512760162354	3.0384507179260254	1.8935948610305784	3.4204330444335938	3.263042688369751	2.9768483638763428	1.7580527067184448	2.4265425205230713	1.322176572168246	0.4224778732750565
an	an	152	11	5	944,945	p3	9	physics	1	2			0	0	0	0	0	0	0	0	0	0	0	0	APPR	an	2.0	appr	an	2.0	an	1.0	3187.89657972	3884.37243479	4068.76951662	0.0	0.0	5613.44898011	6653.07769303	12719.6789856	19259.154616	717398.252987	1649175.07855	279301.541198	364343.444721	252342.313415	264619.560099	41334.1231877	8435.34898599	-0.00817507899599	0.0614799109559	0.290369413682	13165.4578681	0.428085856899	16682.1888254	42.380499833	13165.4578681	0.428085856899	19757.6290185	75.7711966712	4.1528496742248535	1.5208009481430054	3.491203784942627	0.20113006234169	5.17218542098999	5.269033432006836	4.569023609161377	4.936281204223633	4.3228254318237305	5.304344654083252
Protonen	Protonen	153	12	5	946,953	p3	9	physics	1	8			0	0	0	0	0	0	0	0	1	0	0	0	NN	Protonen	8.0	nn	Proton	6.0	pro-to-nen	3.0	0.956484242531	0.956484242531	1.48786437727	257.122584582	133.99087321	4.53846347798	1.62943536185	16677.071226	48528.240824	2578876.56707	5989356.07325	473982.373729	911365.251415	354888.771224	513900.375859	10343.3797233	3039.31451897	1551.10678838	0.0201664908632	0.22522629747	0.0	0.0	0.212552053896	0.856171713799	0.0	0.0	0.24525236988	1.7123434276	5.424242496490479	2.5041425228118896	6.230278491973877	1.636303424835205	5.977906227111816	5.6268463134765625	5.3787150382995605	4.896122455596924	0.3746095485985279	0.4087672259192914
und	und	154	13	5	954,956	p3	9	physics	1	3			0	0	0	0	0	0	0	0	0	0	0	0	KON	und	3.0	kon	und	3.0	und	1.0	22313.7473183	22313.7473183	23398.5884761	22313.7473183	0.428085856899	9064.0679761	29467.6401896	23513.5137367	723.037012303	869972.90787	1656300.13956	195202.966651	251153.263298	160187.509171	58920.0250002	32509.3788389	28906.6542257	22352.5789435	0.120238001286	0.419307858966	0.0	0.0	2201.34439665	22.6885504157	0.0	0.0	2454.42031712	42.8085856899	1.5131748914718628	1.5467265844345093	2.27087950706482	2.52821683883667	1.2502670288085938	2.044492244720459	0.9129669070243835	1.5867667198181152	0.3135613203048706	0.6321811079978943
Neutronen	Neutronen	155	14	5	957,965	p3	9	physics	1	9			0	0	0	0	0	0	0	0	1	0	0	0	NN	Neutronen	9.0	nn	Neutron	7.0	neu-tro-nen	3.0	1.65954103619	1.65954103619	2.19909624992	42.788363465	116.439353077	6.93376364691	2.65365187501	14205.7448455	26380.7909314	3409594.46237	7626579.85085	490540.464855	936460.072432	352405.729955	493672.462949	6477.26223995	1180.89833605	426.943500566	0.0394416095911	0.36738248164	0.0	0.0	0.0	0.0	3.11470509747	0.428085856899	3.14740541346	0.856171713799	2.826457977294922	0.3019938468933105	1.5226517915725708	0.9153672456741332	2.16260027885437	1.795783281326294	1.3189291954040527	0.5628112554550171	0.08901749481447041	1.2355282437056303
gefunden	gefunden,	156	15	5	966,973	p3	9	physics	1	8		$,	0	0	0	0	0	0	0	0	0	0	0	0	VVPP	gefunden	8.0	vvpp	finden	6.0	ge-fun-den	3.0	103.308473272	103.308473272	684.180536254	242.047738913	58.2196765383	553.062202163	195.066690462	66821.6405492	117305.798851	3087528.87039	6409963.27023	690912.795558	1135794.39892	438218.994621	538499.045369	23747.2147199	15623.9820749	792.295955976	0.0402090312702	0.321657986657	0.0	0.0	59.7598274607	5.13703028279	0.0	0.0	62.0406745006	8.13363128109	8.84268856048584	4.083558082580566	6.191562652587891	4.319035053253174	9.047118186950684	7.327664852142334	7.9099202156066895	5.930465221405029	34.004305839538574	32.70546531677246
dass	dass	157	16	5	975,978	p3	9	physics	1	4			0	0	1	0	0	0	0	0	0	0	0	0	KOUS	dass	4.0	kous	dass	4.0	dass	1.0	147.780903011	147.780903011	153.552508782	148.034330459	3.4246868552	363.833488818	251.97278067	154.729720157	3.8527727121	1003972.69599	2406145.60056	229855.777627	221936.403565	206556.835189	132887.26787	110461.430317	19319.7963127	7903.50287175	0.00336324744952	0.0553902165934	0.0	0.0	25.6370477314	20.1200352743	7683.24989344	0.428085856899	7709.39379606	23.9728079864	0.1799552738666534	0.0433187969028949	0.2736191153526306	0.022297978401184	0.15071459114551544	0.055182646960020065	0.20982588827610016	0.02911991812288761	0.00783099140971899	0.004716580733656883
beide	beide	158	17	5	979,983	p3	9	physics	1	5			0	0	0	0	0	0	0	0	0	0	0	0	PIDAT	beide	5.0	pidat	beide	5.0	bei-de 	2.0	147.478425088	147.797253169	692.486416514	152.187270589	10.7021464225	619.626333174	273.12440351	20989.5480225	39760.6143888	2210975.12203	4428171.47407	385009.539132	512936.32651	185468.573087	216840.469525	20337.830725	14068.4280436	3488.24080696	0.00412919811035	0.139369153582	0.0	0.0	78.6442599414	11.5583181363	423.232014702	0.428085856899	561.202822917	15.8391767053	4.7977294921875	5.578157424926758	4.8618245124816895	7.274077892303467	5.37151575088501	5.127508163452148	4.791400909423828	5.670238018035889	4.293055057525635	6.646027088165283
Nukleonen	Nukleonen	159	18	5	984,992	p3	9	physics	1	9			0	0	0	0	0	0	0	0	1	0	0	0	NN	Nukleonen	9.0	nn	Nukleon	7.0	nu-kle-o-nen	4.0	0.0817507899599	0.0817507899599	0.0899258689559	0.28612776486	2.9966009983	0.882479009606	0.155184320176	21154.5456419	54126.3195747	3011494.28369	6743582.99301	486740.132232	902039.829108	346541.189886	477556.74278	6477.26223995	543.732679102	10.4804512729	3.84665e-05	0.3119922112	0.0	0.0	0.016350157992	0.428085856899	0.0	0.0	0.016350157992	0.428085856899	7.115607261657715	7.953719139099121	4.891992568969727	6.205360412597656	9.010018348693848	8.542089462280273	7.922919750213623	8.246210098266602	4.48254007101059	3.628569044172764
viele	viele	160	19	5	993,997	p3	9	physics	1	5			0	0	0	0	0	0	0	0	0	0	0	0	PIDAT	viele	5.0	adja	viel	4.0	vie-le	2.0	0.36787855482	221.242162869	864.383802562	225.239776498	10.2740605656	947.782456317	407.265729871	10254.0996856	28667.1974931	2113735.81923	4557977.37994	294632.740994	474069.127304	170328.588389	207346.809476	23102.1601118	1680.39566271	1611.59419788	0.00735203666105	0.144880862467	0.0	0.0	102.163962213	11.9864039932	408.475997114	0.428085856899	713.03039003	16.6953484191	8.549293518066406	8.722467422485352	8.672396659851074	6.929765701293945	7.760226249694824	7.791426658630371	7.999980926513672	7.555257797241211	8.023385047912598	8.55634880065918
Anregungszustände	Anregungszustände	161	20	5	998,1014	p3	9	physics	1	17			0	0	0	0	0	0	0	1	0	0	0	0	NN	Anregungszustände	17.0	nn	Anregungszustand	16.0	an-re-gungs-zu-stän-de	6.0	0.016350157992	0.016350157992	0.024525236988	0.24525236988	5.56511613969	0.252136859888	0.0310368640353	56518.3841136	104937.114188	5061600.73262	11352669.1153	572611.758787	1122069.11018	222999.159021	443545.32145	19822.5963712	3723.58498109	66.9375468192	0.0045664185	0.500819672	0.0	0.0	0.0	0.0	0.0	0.0	0.0	0.0	6.888270854949951	7.267407417297363	9.139520645141602	15.527402877807615	18.08016014099121	19.230581283569336	11.599629402160645	12.56546401977539	5.827151658857474	6.600498464082193
haben	haben.	162	21	5	1015,1019	p3	9	physics	1	5		$.	0	0	0	0	0	1	0	0	0	0	0	0	VAFIN	haben	5.0	vafin	haben	5.0	ha-ben	2.0	1075.85674603	1607.98898804	8161.24676233	1613.75241873	8.56171713799	3693.30072363	2922.46215442	11089.3475066	14791.6506134	1776796.45583	3923426.14235	465680.254005	795978.133374	368981.691804	461766.795949	17646.9952984	8376.95439672	2807.01147422	0.0434172288213	0.320677529984	0.0	0.0	110.780495475	17.9796059898	0.0	0.0	1209.65008888	26.5413231278	3.820368766784668	4.497308731079102	2.8402774333953857	3.7830886840820312	1.608837366104126	1.6680290699005127	2.5436558723449707	2.251723289489746	27.710752367973328	27.699942767620087
Sie	Sie	163	1	6	1021,1023	p3	9	physics	1	3			0	0	0	1	0	0	0	0	0	0	0	0	PPER	Sie	3.0	pper	sie	3.0	sie	1.0	2241.9581891	2242.86562287	8487.45693951	2242.86562287	0.428085856899	2366.5565669	3859.83752202	8142.13342764	4056.96966584	1170614.74885	2465646.10998	241036.138288	351863.029649	206507.506762	258614.799784	26995.0755041	3872.82104817	2496.18679572	0.0556963133072	0.151365669783	36592.7326965	1.7123434276	37354.0124028	31.6783534106	36592.7326965	1.7123434276	37424.0319544	46.2332725451	15.40488052368164	4.714167594909668	16.230514526367188	5.021838665008545	3.9631690979003906	5.298839092254639	4.03070068359375	5.967190265655518	0.46781420707702637	0.4354594349861145
können	können	164	2	6	1024,1029	p3	9	physics	1	6			0	0	0	0	0	0	0	0	0	0	0	0	VMFIN	können	6.0	vmfin	können	6.0	kön-nen	2.0	410.429840994	800.364758945	3346.01895766	1040.34420287	6.84937371039	2247.92617433	1485.25360998	13304.9737663	21461.2282639	2256673.84632	4790724.23565	449157.928849	734790.965676	355872.813658	463296.346715	11052.747678	1430.29547098	1371.06702365	0.0301274059589	0.356573992093	0.0	0.0	97.994671925	8.56171713799	0.0	0.0	382.953400488	14.5549191346	2.8593437671661377	2.775839328765869	2.690137386322021	2.4018218517303467	2.7472009658813477	2.4897093772888184	2.722264289855957	2.595543384552002	1.8311772346496582	1.2290358543395996
deshalb	deshalb	165	3	6	1030,1036	p3	9	physics	1	7			0	0	0	0	0	0	0	0	0	0	0	0	PAV	deshalb	7.0	adv	deshalb	7.0	des-halb	2.0	165.962278698	165.962278698	217.7268789	167.016863888	21.8323787019	787.675550289	311.65667021	10235.2561285	8575.84397127	1961002.59234	4449537.66727	315376.276364	359601.96577	182559.340425	39411.7244154	110461.430317	53801.2331077	7725.99738151	0.0057240684191	0.139436768851	0.0	0.0	87.9147995229	2.5685151414	0.0	0.0	87.9883752339	5.13703028279	8.041913986206055	4.505281448364258	8.74198055267334	4.02651834487915	9.019050598144531	4.628040313720703	9.44224739074707	3.3852171897888184	3.5088744163513184	3.386923313140869
keine	keine	166	4	6	1037,1041	p3	9	physics	1	5			0	0	0	0	0	0	0	0	0	0	0	0	PIAT	keine	5.0	piat	keine	5.0	kei-ne	2.0	690.336370738	690.336370738	1610.00005747	694.660987526	5.99320199659	2106.3513275	1242.70051754	17007.1727407	23043.8616769	2439870.89196	5162128.5285	361735.816812	534857.74707	219660.546685	230458.736804	11052.747678	1953.97468131	1637.88525193	0.0138213898568	0.156099711928	1148.15714467	0.428085856899	1973.77472263	19.6919494174	5750.44049165	0.856171713799	7584.25786187	24.8289797002	4.35926628112793	5.590709686279297	4.245257377624512	4.350299835205078	4.481070041656494	4.84968376159668	3.960056781768799	4.83349084854126	0.9112970232963562	1.090993881225586
elementaren	"""elementaren"""	167	5	6	1043,1053	p3	9	physics	1	11	$(	$(	1	0	0	0	0	0	0	0	1	0	0	0	ADJA	elementaren	11.0	adja	elementar	9.0	e-le-men-ta-ren	5.0	5.43642753234	5.43642753234	14.298213164	21.9582621832	14.1268332777	37.9465974131	10.1335361075	33440.3159596	101017.560082	5171591.98145	11432376.9895	789464.746268	1607551.43452	405233.711733	544833.859879	45007.5949345	274.290250474	162.267142991	0.00472855081654	0.0865051702301	0.0	0.0	2.54244956775	1.7123434276	0.0	0.0	6.35203637989	2.1404292845	18.450550079345703	6.376235008239746	18.05361557006836	4.2390456199646	19.09259033203125	10.149033546447754	18.882858276367188	8.410307884216309	48.978437482335266	51.26373517435604
Teilchen	Teilchen	168	6	6	1055,1062	p3	9	physics	1	8			0	0	0	0	0	0	0	0	1	0	0	0	NN	Teilchen	8.0	nn	Teilchen	8.0	teil-chen	2.0	4.51264360579	4.51264360579	4.81512152864	8.44485660286	24.4008938433	26.2222334283	7.99199248908	8326.98013882	17786.1111825	2913834.55293	6304234.19721	656196.938372	1228507.94955	388513.018286	579645.373676	8191.78885746	1519.16675475	560.68779294	0.0458030658424	0.334724721978	0.0	0.0	6.59728874977	3.4246868552	0.0	0.0	8.00340233708	5.56511613969	7.679442882537842	0.2657415270805359	6.057145118713379	0.1582469791173935	10.539623260498047	0.9389751553535461	8.633824348449707	0.17998753488063812	0.16174331307411194	0.13012750446796417
sein	sein,	169	7	6	1063,1066	p3	9	physics	1	4		$,	0	0	0	0	1	0	0	0	0	0	0	0	VAINF	sein	4.0	vainf	sein	4.0	sein	1.0	1095.32160912	1666.95583284	17044.4184006	2092.23161729	5.13703028279	3274.12319407	3013.74157155	2048.29056768	1091.61893509	1884473.37249	4088170.70352	443071.353635	580895.384378	324862.163876	299394.686598	48925.779496	10190.9226751	6991.14770564	0.0299220614852	0.307693686724	0.0	0.0	1848.59791305	26.9694089847	4999.44503476	0.428085856899	9294.28818594	38.0996412641	4.45608377456665	1.234825849533081	7.694521427154541	0.7291615009307861	8.127093315124512	2.287044048309326	6.056481838226318	1.6819376945495605	29.17113648355007	30.481180503964424
sondern	sondern	170	8	6	1068,1074	p3	9	physics	1	7			0	0	1	0	0	0	0	0	0	0	0	0	KON	sondern	7.0	kon	sondern	7.0	son-dern	2.0	759.186886042	760.576649471	769.691862552	767.762543909	17.9796059898	1987.09059277	1414.75337332	3775.18607972	4780.00667814	2663393.64844	5799486.29697	619164.819705	924351.235884	330436.235214	375138.057689	48925.779496	8037.09183762	1073.88655199	0.0112509137212	0.101055819326	0.0	0.0	10.8401547487	4.70894442589	0.0	0.0	11.5840869373	7.27745956729	2.768107414245605	0.7211527228355408	2.251358985900879	0.298870325088501	1.2353512048721313	1.7890161275863647	1.7385356426239014	1.2704265117645264	0.2121271938085556	0.06745312362909317
müssen	müssen	171	9	6	1075,1080	p3	9	physics	1	6			0	0	0	0	0	0	0	0	0	0	0	0	VMFIN	müssen	6.0	vmfin	müssen	6.0	müs-sen	2.0	304.423591653	436.655494413	1902.79051171	439.639398246	7.27745956729	1473.61387761	811.163959993	8807.65843362	21277.1513455	1920848.93421	4388263.59815	447637.960937	774986.943381	365051.498052	481323.470235	21052.512481	867.294130685	585.572733404	0.0249786968998	0.278676156021	0.0	0.0	28.4083995111	12.4144898501	0.0	0.0	173.834879771	17.9796059898	2.1308043003082275	0.4163255989551544	1.690166473388672	0.4919273853302002	3.50961971282959	3.488267660140991	2.9099245071411133	2.5340514183044434	2.735872268676758	4.208099365234375
aus	aus	172	10	6	1081,1083	p3	9	physics	1	3			0	0	0	0	0	0	0	0	0	0	0	0	APPR	aus	3.0	appr	aus	3.0	aus	1.0	2366.71806966	2877.24357788	3047.3996721	2877.24357788	0.428085856899	4921.08116286	5006.30824262	7041.84954557	10996.2414062	691880.798486	1839111.63623	154052.594714	244752.951652	136403.612872	161007.799724	41334.1231877	16266.7803613	4798.31356622	0.0510223759777	0.292714090181	9745.02934146	0.856171713799	9978.06814332	29.966009983	9745.02934146	0.856171713799	10279.6059321	50.0860452572	3.0949723720550537	0.4753681719303131	1.4649027585983276	0.3863450288772583	4.102760314941406	3.955106258392334	2.8016557693481445	2.6711158752441406	0.029241951182484627	0.03452462702989578
wirklich	"""wirklich"	173	11	6	1085,1092	p3	9	physics	1	8	$(		1	0	0	0	0	0	0	0	0	0	0	0	ADJD	wirklich	8.0	adjd	wirklich	8.0	wir-klich	2.0	203.559467	203.559467	287.476652894	223.727386883	11.9864039932	642.192582134	380.977506033	3669.14713006	2004.297982	1709970.84219	3972835.38386	315765.933329	504846.788072	189903.479867	122700.964906	34258.3961147	10849.3026621	4840.94660319	0.00919481816694	0.114457699605	0.0	0.0	8.38763104989	3.8527727121	0.0	0.0	35.9131220294	6.42128785349	11.728005409240724	11.447312355041504	9.98111057281494	7.738832473754883	12.55617618560791	11.809361457824707	10.741592407226562	11.330252647399902	31.414108276367188	29.624584197998047
elementaren	"elementaren"""	174	12	6	1093,1103	p3	9	physics	1	11		$(	1	0	0	0	0	0	0	0	1	0	0	0	ADJA	elementaren	11.0	adja	elementar	9.0	e-le-men-ta-ren	5.0	5.43642753234	5.43642753234	14.298213164	21.9582621832	14.1268332777	37.9465974131	10.1335361075	33440.3159596	101017.560082	5171591.98145	11432376.9895	789464.746268	1607551.43452	405233.711733	544833.859879	45007.5949345	274.290250474	162.267142991	0.00472855081654	0.0865051702301	0.0	0.0	2.54244956775	1.7123434276	0.0	0.0	6.35203637989	2.1404292845	1.804075002670288	0.8098833560943604	1.893917679786682	0.5684510469436646	6.2255144119262695	6.07557487487793	6.1289544105529785	3.2813310623168945	22.276970013880145	23.086999058554284
Teilchen	Teilchen	175	13	6	1105,1112	p3	9	physics	1	8			0	0	0	0	0	0	0	0	1	0	0	0	NN	Teilchen	8.0	nn	Teilchen	8.0	teil-chen	2.0	4.51264360579	4.51264360579	4.81512152864	8.44485660286	24.4008938433	26.2222334283	7.99199248908	8326.98013882	17786.1111825	2913834.55293	6304234.19721	656196.938372	1228507.94955	388513.018286	579645.373676	8191.78885746	1519.16675475	560.68779294	0.0458030658424	0.334724721978	0.0	0.0	6.59728874977	3.4246868552	0.0	0.0	8.00340233708	5.56511613969	0.7343961596488953	0.3531133830547333	0.3933853805065155	0.2197718918323516	0.6640661358833313	0.18101461231708527	0.5937180519104004	0.21039411425590515	0.6872367262840271	0.30123284459114075
bestehen	bestehen.	176	14	6	1113,1120	p3	9	physics	1	8		$.	0	0	0	0	1	1	0	0	0	0	0	0	VVINF	bestehen	8.0	vvinf	bestehen	8.0	be-ste-hen	3.0	49.2303257139	84.2196638167	339.952484969	524.365916961	100.600176371	551.927586294	158.644930516	28871.1662078	58704.2697283	3624743.15843	7968870.02457	674459.59887	1313463.72829	407095.774002	551030.402658	20337.830725	14068.4280436	3126.49356139	0.0424163502185	0.292078916087	0.0	0.0	15.0421453526	4.28085856899	0.0	0.0	47.3173572288	10.2740605656	1.859052062034607	3.030796527862549	1.6385271549224854	2.899765968322754	0.7757689952850342	0.8679296970367432	0.8424138426780701	0.7548817992210388	27.567625135183334	27.329661637544632
