word	word_with_punct	word_index_in_text	word_index_in_sent	sent_index_in_text	word_limit_char_indices	text_id	text_id_numeric	text_domain	text_domain_numeric	word_length	STTS_punctuation_before	STTS_punctuation_after	is_in_quote	is_in_parentheses	is_clause_beginning	is_sent_beginning	is_clause_end	is_sent_end	is_abbreviation	is_expert_technical_term	is_general_technical_term	contains_symbol	contains_hyphen	contains_abbreviation	STTS_PoS_tag	type	type_length_chars	PoS_tag	lemma	lemma_length_chars	syllables	type_length_syllables	annotated_type_frequency_normalized	type_frequency_normalized	lemma_frequency_normalized	familiarity_normalized	regularity_normalized	document_frequency_normalized	sentence_frequency_normalized	cumulative_syllable_corpus_frequency_normalized	cumulative_syllable_lexicon_frequency_normalized	cumulative_character_corpus_frequency_normalized	cumulative_character_lexicon_frequency_normalized	cumulative_character_bigram_corpus_frequency_normalized	cumulative_character_bigram_lexicon_frequency_normalized	cumulative_character_trigram_corpus_frequency_normalized	cumulative_character_trigram_lexicon_frequency_normalized	initial_letter_frequency_normalized	initial_bigram_frequency_normalized	initial_trigram_frequency_normalized	avg_cond_prob_in_bigrams	avg_cond_prob_in_trigrams	neighbors_coltheart_higher_freq_cum_freq_normalized	neighbors_coltheart_higher_freq_count_normalized	neighbors_coltheart_all_cum_freq_normalized	neighbors_coltheart_all_count_normalized	neighbors_levenshtein_higher_freq_cum_freq_normalized	neighbors_levenshtein_higher_freq_count_normalized	neighbors_levenshtein_all_cum_freq_normalized	neighbors_levenshtein_all_count_normalized	sent_surprisal_llama-7b	text_surprisal_llama-7b	sent_surprisal_llama-13b	text_surprisal_llama-13b	sent_surprisal_gpt2-base	text_surprisal_gpt2-base	sent_surprisal_gpt2-large	text_surprisal_gpt2-large	sent_surprisal_bert-base	text_surprisal_bert-base
Eine	Eine	1	1	1	1,4	b4	4	biology	0	4			0	0	0	1	0	0	0	0	0	0	0	0	ART	Eine	4.0	art	eine	4.0	ei-ne	2.0	400.881348726	402.745266738	17543.4333976	418.752071412	4.70894442589	1664.85968584	762.932673283	30417.7276523	27062.3036156	1631171.42743	3391959.69144	270950.550852	383709.620802	186734.099841	228115.822909	14903.9783425	3644.7281691	2977.8869754	0.0084152481915	0.0257485807386	4602.28334698	0.428085856899	4693.80335634	24.4008938433	5164.96585919	0.856171713799	5388.77499687	31.6783534106	14.73769474029541	14.459681510925291	16.432666778564453	16.53783416748047	4.816534042358398	4.816534996032715	4.840536117553711	4.840537071228027	0.6712452173233032	0.7110771536827087
chlorophyllhaltige	chlorophyllhaltige	2	2	1	5,22	b4	4	biology	0	18			0	0	0	0	0	0	0	0	1	0	0	0	ADJA	chlorophyllhaltige	18.0	adja	chlorophyllhaltig	17.0	chlo-rophyll-hal-ti-ge	5.0	0.00817507899599	0.00817507899599	0.032700315984	0.04087539498	2.1404292845	0.126068429944	0.0155184320176	55332.2210266	146735.417255	3843416.65426	9736712.64309	494094.539573	1122054.12718	168719.266863	265923.509619	922.345112644	346.835901484	1.58596532522	3.66e-07	3.153e-06	0.0	0.0	0.0	0.0	0.024525236988	0.428085856899	0.024525236988	0.428085856899	18.55620574951172	18.57304000854492	16.781299591064453	16.77933120727539	21.876991271972656	21.876985549926758	19.390085220336914	19.390085220336914	3.170347425095315	3.4808612164924853
Parenchymzelle	Parenchymzelle	3	3	1	23,36	b4	4	biology	0	14			0	0	0	0	0	0	0	1	0	0	0	0	NN	Parenchymzelle	14.0	nn	Parenchymzelle	14.0	pa-ren-chym-zel-le	5.0																													14.945685386657717	14.930498123168944	14.326947212219238	14.493456840515137	32.11189270019531	32.111915588378906	27.611331939697266	27.61132049560547	4.610611237585545	5.215233042836189
in	in	4	4	1	37,38	b4	4	biology	0	2			0	0	0	0	0	0	0	0	0	0	0	0	APPR	in	2.0	appr	in	2.0	in	1.0	13129.4221199	13165.4578681	14298.1641135	0.0	0.0	8527.89894355	19687.5208529	18583.5486983	15158.092107	842500.587604	1735372.30627	309490.415689	350022.68855	273957.116004	252232.89583	37971.7622471	15391.66268	-0.00817507899599	0.0682365415668	0.281559937821	0.0	0.0	9683.14399346	42.380499833	0.0	0.0	17389.6438116	75.7711966712	2.964608192443848	2.9639222621917725	3.573009967803955	3.5556652545928955	4.464719772338867	4.464719772338867	4.31988000869751	4.319892406463623	2.0727758407592773	3.0717265605926514
einem	einem	5	5	1	39,43	b4	4	biology	0	5			0	0	0	0	0	0	0	0	0	0	0	0	ART	einem	5.0	art	eine	4.0	ei-nem	2.0	1782.61685047	1790.34230012	17543.4333976	7303.86082739	14.1268332777	3919.97176067	3153.9350864	17827.7708202	6388.75332837	2493277.74291	5201994.02392	301314.568235	387807.68671	171268.730649	89262.7505372	45007.5949345	21503.4825387	20569.6023896	0.0251622544387	0.156656778568	4450.57840605	0.856171713799	5459.35045384	11.5583181363	9052.86175303	1.2842575707	10785.1855175	20.9762069881	2.6040685176849365	2.559481143951416	2.773117780685425	2.713973999023437	2.6286087036132812	2.628615140914917	1.8748496770858765	1.874853491783142	0.05336635187268257	0.033835019916296005
Angiospermenblatt	Angiospermenblatt	6	6	1	44,60	b4	4	biology	0	17			0	0	0	0	0	0	0	1	0	0	0	0	NN	Angiospermenblatt	17.0	nn	Angiospermenblatt	17.0	an-gi-o-sper-men-blatt	6.0																													11.595029830932615	11.620604515075684	12.987771034240724	13.089200019836426	31.804779052734375	31.804819107055664	25.341903686523438	25.34192657470703	19.38168501853943	20.52079886198044
exportiert	exportiert	7	7	1	61,70	b4	4	biology	0	10			0	0	0	0	0	0	0	0	0	0	0	0	VVFIN	exportiert	10.0	vvfin	exportieren	11.0	ex-por-tiert	3.0	0.564080450723	2.46887385679	5.16664992547	10.276074298	36.8153836934	30.6346284763	4.64001117327	883.161959016	5281.72330243	3298658.77937	7743559.0202	459630.89175	831269.531417	160090.258431	184585.056379	45007.5949345	251.52265547	51.5602232277	0.0382927934272	0.25872495202	0.0	0.0	0.0981009479519	1.7123434276	0.0	0.0	0.523205055744	2.9966009983	13.598987579345703	13.530903816223145	13.82671356201172	13.83450698852539	13.823127746582031	13.823125839233398	14.697836875915527	14.697840690612793	4.239844103169162	3.3658325899741612
organisches	organisches	8	8	1	71,81	b4	4	biology	0	11			0	0	0	0	0	0	0	0	1	0	0	0	ADJA	organisches	11.0	adja	organisch	9.0	or-ga-ni-sches	4.0	0.842033136587	0.842033136587	30.69742163	34.588759232	14.1268332777	7.31196893674	1.53632476975	8864.45070741	37821.3854571	3338757.74622	7900091.61037	461933.836028	1086944.23754	183817.550484	419162.835298	5492.20609632	269.875707816	106.480403923	0.00388579974757	0.164409590553	15.8841784892	0.856171713799	16.317457676	2.1404292845	24.8358899898	1.2842575707	25.2773442556	2.9966009983	10.537633895874023	10.54832363128662	7.009992599487305	6.995942115783691	8.58919906616211	8.58920955657959	8.111187934875488	8.111205101013184	0.021550897043198347	0.006731656932970509
Material	Material	9	9	1	82,89	b4	4	biology	0	8			0	0	0	0	0	0	0	0	0	0	0	0	NN	Material	8.0	nn	Material	8.0	ma-te-ri-al	4.0	52.5003573123	52.5003573123	72.9217046443	78.9957883383	67.6375653901	303.446710875	97.8747507352	39633.3961035	95397.6489525	2432935.23669	5872399.59246	347266.376619	866309.214976	60914.5573689	170721.923989	14815.8918663	4446.16386339	255.234141334	0.0831151043815	0.335969647496	0.0	0.0	0.564080450723	2.9966009983	0.0	0.0	12.6059718118	5.99320199659	2.2839574813842773	2.3423104286193848	0.6828226447105408	0.7140490412712097	0.6851286888122559	0.6851309537887573	1.418876051902771	1.4188768863677979	0.1852087527513504	0.08410922437906265
in	in	10	10	1	90,91	b4	4	biology	0	2			0	0	0	0	0	0	0	0	0	0	0	0	APPR	in	2.0	appr	in	2.0	in	1.0	13129.4221199	13165.4578681	14298.1641135	0.0	0.0	8527.89894355	19687.5208529	18583.5486983	15158.092107	842500.587604	1735372.30627	309490.415689	350022.68855	273957.116004	252232.89583	37971.7622471	15391.66268	-0.00817507899599	0.0682365415668	0.281559937821	0.0	0.0	9683.14399346	42.380499833	0.0	0.0	17389.6438116	75.7711966712	1.2142642736434937	1.235828876495361	1.6403604745864868	1.6540449857711792	1.1721606254577637	1.1721606254577637	1.7952626943588257	1.7952615022659302	0.0004233417857903987	0.0005169962532818317
Form	Form	11	11	1	92,95	b4	4	biology	0	4			0	0	0	0	0	0	0	0	0	0	0	0	NN	Form	4.0	nn	Form	4.0	form	1.0	215.388806307	215.388806307	309.688342526	226.416987873	5.13703028279	755.528100653	394.509578752	452.793100351	1914.39995205	575012.362559	1525818.28612	68999.301742	147089.016173	47313.752019	68723.6192091	11807.4546207	1269.80232013	933.847448791	0.0357256952858	0.207612779527	0.0	0.0	32.610390115	11.1302322794	0.0	0.0	47.9223130745	17.123434276	3.167879104614258	3.1387293338775635	1.20419442653656	1.2223058938980105	3.936605930328369	3.9366016387939453	2.698145866394043	2.698153018951416	0.03367089852690697	0.020188327878713608
von	von	12	12	1	96,98	b4	4	biology	0	3			0	0	0	0	0	0	0	0	0	0	0	0	APPR	von	3.0	appr	von	3.0	von	1.0	7955.34104766	7955.34104766	8265.3727435	7955.34104766	0.428085856899	7856.20634881	12401.4928732	8585.23905938	340.756342092	620899.645044	1436353.90714	258695.641457	333765.271963	253104.606831	264495.4152	23102.1601118	13320.2529889	7993.18348833	0.0874371201871	0.312235645495	0.0	0.0	3224.03042889	30.8221816968	0.0	0.0	3276.15473257	38.9558129779	0.444288432598114	0.4299179017543793	0.1384374052286148	0.1397510319948196	0.16133719682693481	0.16133546829223633	0.31086164712905884	0.31086471676826477	0.038116004317998886	0.10535787791013718
Saccharose	Saccharose	13	13	1	99,108	b4	4	biology	0	10			0	0	0	0	0	0	0	0	1	0	0	0	NN	Saccharose	10.0	nn	Saccharose	10.0	sac-cha-ro-se	4.0	0.179851737912	0.179851737912	0.179851737912	8.3631058129	56.5073331107	1.13461586949	0.32588707237	11168.8010994	34707.488934	2507263.2593	6167613.1645	393660.121598	824891.480235	173334.049906	298014.10971	26995.0755041	1464.33649992	372.987979192	5.23009090909e-06	0.148581557136	0.0	0.0	0.049050473976	0.428085856899	0.0	0.0	0.0735757109639	0.856171713799	7.124239921569824	7.1580657958984375	3.711183786392212	3.732588291168213	8.82714557647705	8.82713794708252	8.425324440002441	8.425315856933594	0.07112238972331397	0.014881021011433404
aus	aus	14	14	1	109,111	b4	4	biology	0	3			0	0	0	0	0	0	0	0	0	0	0	0	APPR	aus	3.0	appr	aus	3.0	aus	1.0	2366.71806966	2877.24357788	3047.3996721	2877.24357788	0.428085856899	4921.08116286	5006.30824262	7041.84954557	10996.2414062	691880.798486	1839111.63623	154052.594714	244752.951652	136403.612872	161007.799724	41334.1231877	16266.7803613	4798.31356622	0.0510223759777	0.292714090181	9745.02934146	0.856171713799	9978.06814332	29.966009983	9745.02934146	0.856171713799	10279.6059321	50.0860452572	2.7137434482574463	2.711617946624756	2.452753782272339	2.454136848449707	4.192800045013428	4.1927995681762695	3.504845142364502	3.5048441886901855	0.07494065165519714	0.05897396430373192
der	der	15	15	1	112,114	b4	4	biology	0	3			0	0	0	0	0	0	0	0	0	0	0	0	ART	der	3.0	art	d	1.0	der	1.0	24738.5901996	26530.3631386	80100.3069113	26530.3631386	0.428085856899	9372.80956103	30912.3596552	38163.5169	19310.096833	1332151.97174	2710999.66609	487983.455471	535760.152056	398226.025843	178781.068331	110461.430317	53801.2331077	27238.2432288	0.129811235347	0.318759302208	0.0	0.0	25590.4497812	36.8153836934	0.0	0.0	33289.1996244	55.22307554	1.0648348331451416	1.0709601640701294	1.6129860877990725	1.595235824584961	1.5263547897338867	1.5263559818267822	1.9786673784255981	1.9786640405654907	0.3785495460033417	0.4083787798881531
Zelle	Zelle	16	16	1	115,119	b4	4	biology	0	5			0	0	0	0	0	0	0	0	1	0	0	0	NN	Zelle	5.0	nn	Zelle	5.0	zel-le	2.0	22.530517713	22.5468678709	48.1348651284	26.1439026292	6.84937371039	67.9508837397	40.3944785419	10421.5007782	30791.3595151	1886002.36569	4262776.65049	219173.998684	424193.272203	161330.40974	237255.88404	6468.08162623	2120.85256885	109.783135837	0.0157072939699	0.13426049919	0.0	0.0	60.4792344124	19.2638635605	25.5144215465	0.428085856899	88.7895329755	22.2604645588	1.309393286705017	1.3122060298919678	1.5521894693374634	1.4470701217651367	3.834451913833618	3.8344521522521973	1.6548662185668945	1.6548619270324707	3.468174457550049	1.8873788118362427
und	und	17	17	1	120,122	b4	4	biology	0	3			0	0	0	0	0	0	0	0	0	0	0	0	KON	und	3.0	kon	und	3.0	und	1.0	22313.7473183	22313.7473183	23398.5884761	22313.7473183	0.428085856899	9064.0679761	29467.6401896	23513.5137367	723.037012303	869972.90787	1656300.13956	195202.966651	251153.263298	160187.509171	58920.0250002	32509.3788389	28906.6542257	22352.5789435	0.120238001286	0.419307858966	0.0	0.0	2201.34439665	22.6885504157	0.0	0.0	2454.42031712	42.8085856899	2.2058725357055664	2.17716121673584	2.662179708480835	2.68572998046875	2.6706361770629883	2.6706342697143555	3.353210210800171	3.3532004356384277	0.0014750801492482424	0.0004353767435532063
versorgt	versorgt	18	18	1	123,130	b4	4	biology	0	8			0	0	0	0	0	0	0	0	0	0	0	0	VVFIN	versorgt	8.0	vvfin	versorgen	9.0	ver-sorgt	2.0	0.874733452571	7.61099854527	15.9005286472	1263.26225693	486.305533438	79.4231108646	14.3545496163	15346.3890925	39556.4174351	2282606.40681	5630623.97795	348434.055852	638030.719441	144481.277626	172221.08066	23102.1601118	7335.96436261	7300.98319958	0.0453323871214	0.308206923705	0.0	0.0	0.294302843856	3.4246868552	0.0	0.0	2.03559467	5.13703028279	4.948971271514893	4.928666114807129	5.786428928375244	5.803065299987793	7.273943901062012	7.273953437805176	6.2874956130981445	6.287498950958252	1.9078147411346436	0.6339195370674133
damit	damit	19	19	1	131,135	b4	4	biology	0	5			0	0	0	0	0	0	0	0	0	0	0	0	PAV	damit	5.0	adv	damit	5.0	da-mit	2.0	1.34888803434	486.989455791	580.267107136	487.316458951	6.42128785349	1726.50714808	908.2007154	15955.767656	14400.3801402	1218856.73204	2674609.37166	275968.733168	238734.064504	240002.252398	110942.730674	110461.430317	19319.7963127	706.335000333	0.00580567935139	0.114687104621	0.0	0.0	93.4002775292	4.28085856899	0.0	0.0	93.5883043461	6.84937371039	1.7284131050109863	1.751708745956421	1.1604372262954712	1.1629822254180908	2.391063690185547	2.391066074371338	2.1098227500915527	2.1098294258117676	1.3614773750305176	1.1381654739379883
selbst	selbst	20	20	1	136,141	b4	4	biology	0	6			0	0	0	0	0	0	0	0	0	0	0	0	ADV	selbst	6.0	adv	selbst	6.0	selbst	1.0	767.26386409	767.26386409	810.959661323	1006.25412346	11.1302322794	1781.97725726	1414.47404154	1153.81429934	1604.0377058	1835407.87272	4568890.57269	251706.235044	432029.383813	165101.810758	126396.202022	48925.779496	10190.9226751	1264.49669386	0.0181161565762	0.14079113312	0.0	0.0	47.1702058069	3.8527727121	0.0	0.0	47.9550133905	7.27745956729	10.647588729858398	10.690686225891112	9.342777252197266	9.37027072906494	8.377903938293457	8.377909660339355	9.413311004638672	9.413308143615723	5.9976935386657715	5.297061443328857
in	in	21	21	1	142,143	b4	4	biology	0	2			0	0	0	0	0	0	0	0	0	0	0	0	APPR	in	2.0	appr	in	2.0	in	1.0	13129.4221199	13165.4578681	14298.1641135	0.0	0.0	8527.89894355	19687.5208529	18583.5486983	15158.092107	842500.587604	1735372.30627	309490.415689	350022.68855	273957.116004	252232.89583	37971.7622471	15391.66268	-0.00817507899599	0.0682365415668	0.281559937821	0.0	0.0	9683.14399346	42.380499833	0.0	0.0	17389.6438116	75.7711966712	5.23523473739624	5.21859884262085	5.260052680969238	5.230545520782471	4.912846565246582	4.912845611572266	5.686366081237793	5.686373710632324	0.15854491293430328	0.040582288056612015
der	der	22	22	1	144,146	b4	4	biology	0	3			0	0	0	0	0	0	0	0	0	0	0	0	ART	der	3.0	art	d	1.0	der	1.0	24738.5901996	26530.3631386	80100.3069113	26530.3631386	0.428085856899	9372.80956103	30912.3596552	38163.5169	19310.096833	1332151.97174	2710999.66609	487983.455471	535760.152056	398226.025843	178781.068331	110461.430317	53801.2331077	27238.2432288	0.129811235347	0.318759302208	0.0	0.0	25590.4497812	36.8153836934	0.0	0.0	33289.1996244	55.22307554	1.6589988470077517	1.656934142112732	0.8790202736854553	0.8565829396247864	1.971801519393921	1.9718027114868164	2.1260764598846436	2.126077651977539	0.08342809230089188	0.008016081526875496
Nacht	Nacht	23	23	1	147,151	b4	4	biology	0	5			0	0	0	0	0	0	0	0	0	0	0	0	NN	Nacht	5.0	nn	Nacht	5.0	nacht	1.0	150.14350084	150.14350084	166.297456936	152.285371537	7.27745956729	489.145508182	276.228089914	250.247343146	711.05060831	881275.109908	2253187.95538	261342.454084	447292.785041	145011.905654	171410.286047	6477.26223995	2566.61510127	1132.15851508	0.0210139402099	0.1437102228	217.408050819	0.428085856899	523.752786036	16.6953484191	524.7010952	0.856171713799	923.661300362	21.8323787019	1.594641923904419	1.5896748304367063	1.065615177154541	1.061053991317749	5.526177406311035	5.526181221008301	5.437751770019531	5.437761306762695	5.556034088134766	0.19592167437076569
alle	alle	24	24	1	152,155	b4	4	biology	0	4			0	0	0	0	0	0	0	0	0	0	0	0	PIDAT	alle	4.0	pis	alle	4.0	al-le	2.0	833.882582828	835.877302103	2670.43042944	841.550806926	6.42128785349	2461.36002622	1512.4574213	15760.2524667	37872.7557599	1351662.45177	3303791.12835	249917.552285	395245.678473	202612.130671	230368.838774	41334.1231877	9001.42415599	3625.86826186	0.0107968076939	0.146485693658	0.0	0.0	295.839758707	14.9830049915	0.0	0.0	2151.0758359	36.3872978365	4.358733177185059	4.341965198516846	6.198922634124756	6.144954204559326	6.533488750457764	6.533486366271973	5.010383605957031	5.010396957397461	3.425126075744629	3.5167009830474854
chlorophyllfreien	chlorophyllfreien	25	25	1	156,172	b4	4	biology	0	17			0	0	0	0	0	0	0	0	1	0	0	0	ADJA	chlorophyllfreien	17.0	adja	chlorophyllfrei	15.0	chlo-rophyll-frei-en	4.0	0.00817507899599	0.00817507899599	0.032700315984	0.04087539498	1.7123434276	0.126068429944	0.0155184320176	3966.2213257	9776.19671401	4462493.24851	10613345.5766	781614.422285	1516794.23625	347498.499812	501922.533583	922.345112644	346.835901484	1.58596532522	0.000953288	1.0	0.0	0.0	0.0	0.0	0.016350157992	0.428085856899	0.016350157992	0.428085856899	11.022034645080566	11.075069427490234	6.981878280639648	7.162272930145264	15.239524841308594	15.239521026611328	18.257038116455078	18.257047653198242	1.2984483984746475	1.5986815305986966
Zellen	Zellen	26	26	1	173,178	b4	4	biology	0	6			0	0	0	0	0	0	0	0	1	0	0	0	NN	Zellen	6.0	nn	Zelle	5.0	zel-len	2.0	25.5144215465	25.5144215465	48.1348651284	30.8854484469	11.5583181363	61.3953253826	44.7241210748	6815.22000564	18595.193452	2358877.91547	5243267.92181	460975.455167	885674.534885	355080.33785	500764.56134	6468.08162623	2120.85256885	109.783135837	0.0658063752096	0.280245734433	0.0	0.0	60.6999615452	14.1268332777	0.0	0.0	84.2360139747	16.6953484191	0.6926572322845459	0.7103826999664307	0.5376524925231934	0.5433367490768433	0.4525372087955475	0.45253294706344604	1.0951485633850098	1.0951440334320068	0.5865971446037292	0.5055141448974609
der	der	27	27	1	179,181	b4	4	biology	0	3			0	0	0	0	0	0	0	0	0	0	0	0	ART	der	3.0	art	d	1.0	der	1.0	24738.5901996	26530.3631386	80100.3069113	26530.3631386	0.428085856899	9372.80956103	30912.3596552	38163.5169	19310.096833	1332151.97174	2710999.66609	487983.455471	535760.152056	398226.025843	178781.068331	110461.430317	53801.2331077	27238.2432288	0.129811235347	0.318759302208	0.0	0.0	25590.4497812	36.8153836934	0.0	0.0	33289.1996244	55.22307554	2.473815679550171	2.49884295463562	2.6408615112304688	2.635671615600586	2.7240915298461914	2.724090576171875	2.5738797187805176	2.573878765106201	0.049280572682619095	0.036628760397434235
Pflanze	Pflanze.	28	28	1	182,188	b4	4	biology	0	7		$.	0	0	0	0	0	1	0	0	0	0	0	0	NN	Pflanze	7.0	nn	Pflanze	7.0	pflan-ze	2.0	13.5379308174	13.5788062123	48.8297468431	74.2542425206	11.9864039932	42.7371977509	24.8139727962	1680.93521792	6680.27979692	1785664.20109	4131739.99777	218471.203493	439963.527085	153447.998572	236306.817695	10343.3797233	635.972095414	257.71119027	0.0173708440157	0.159022612967	0.0	0.0	0.457804423776	1.7123434276	35.3326914207	0.428085856899	36.3791015322	3.8527727121	1.8705849647521973	1.870338797569275	2.315357208251953	2.265413522720337	5.267637729644775	5.26763916015625	3.1485743522644043	3.148568630218506	30.32216453552246	27.58522790670395
Das	Das	29	1	2	190,192	b4	4	biology	0	3			0	0	0	1	0	0	0	0	0	0	0	0	ART	Das	3.0	art	d	1.0	das	1.0	1025.44103386	1740.04103906	80100.3069113	1740.04103906	0.428085856899	4030.78591059	3283.94850984	9530.4416929	290.670296835	534766.342386	1447841.16302	107744.769815	172544.285482	102628.919831	139156.585245	19121.5915224	4160.8290812	1825.47061457	0.0254258224001	0.0443506865775	7683.24989344	0.428085856899	9528.85572757	34.246868552	7683.24989344	0.428085856899	9963.39387652	44.0928432606	13.91852855682373	8.816978454589844	16.384174346923828	3.602978229522705	3.3796331882476807	2.918123722076416	3.4460012912750244	3.332515239715576	0.06736396998167038	0.18322688341140747
Prinzip	Prinzip	30	2	2	193,199	b4	4	biology	0	7			0	0	0	0	0	0	0	0	0	0	0	0	NN	Prinzip	7.0	nn	Prinzip	7.0	prin-zip	2.0	59.9233290406	59.9233290406	104.240432278	90.8006024085	59.503934109	263.861223872	109.932572413	328.3029974	1225.6098083	1643293.75339	3674992.08041	123766.62481	287032.851309	19650.2575309	68054.9491006	10343.3797233	3039.31451897	422.422681881	0.0257905140436	0.159121005575	0.0	0.0	0.645831240683	2.1404292845	0.0	0.0	7.97887710009	5.56511613969	6.635359764099121	5.868758678436279	6.624786853790283	6.2572221755981445	6.541293144226074	4.786346435546875	6.630171775817871	4.925891876220703	2.6201915740966797	2.002671480178833
ist	ist	31	3	2	200,202	b4	4	biology	0	3			0	0	0	0	0	0	0	0	0	0	0	0	VAFIN	ist	3.0	vafin	sein	4.0	ist	1.0	6193.1128442	6201.98280491	17044.4184006	6201.98280491	0.428085856899	5647.61352462	10628.2947571	6392.98535058	321.920564388	917956.027182	2251465.76597	202181.475685	311508.232091	153618.244592	108375.49979	37971.7622471	6331.86028492	6216.50992029	0.0707295422332	0.285080866351	0.0	0.0	174.505236248	21.8323787019	0.0	0.0	350.048707529	42.380499833	3.1264472007751465	2.0183353424072266	2.496851921081543	1.773021578788757	1.6569249629974365	1.3151581287384033	1.4081330299377441	1.3870576620101929	0.351078599691391	0.030129890888929367
einfach	einfach:	32	4	2	203,209	b4	4	biology	0	7		$.	0	0	0	0	0	0	0	0	0	0	0	0	ADJD	einfach	7.0	adjd	einfach	7.0	ein-fach	2.0	140.529607941	140.529607941	249.544286353	456.259333845	71.9184239591	505.408335645	264.294415692	11399.640805	12697.4546015	2276861.13297	5003839.93014	396182.035367	610563.446605	194840.13212	104911.429036	45007.5949345	21503.4825387	20569.6023896	0.0117678620743	0.138360025382	0.0	0.0	2.67325083169	0.856171713799	0.0	0.0	33.5668743575	3.4246868552	1.9643651247024536	5.263947010040283	1.9646763801574707	3.494321346282959	1.5659153461456299	1.3093714714050293	1.4977971315383911	2.3505074977874756	25.235107839107513	25.19050858914852
Am	Am	33	1	3	211,212	b4	4	biology	0	2			0	0	1	0	0	0	0	0	0	0	0	0	APPRART	Am	2.0	apprart	am	2.0	am	1.0	306.303859822	307.350269933	1784.21916595	0.0	0.0	1523.28483901	581.273908084	2154.98352366	1998.30478001	128215.960604	314995.847567	51800.3743483	69265.5759039	52091.3826353	68999.7345868	19822.5963712	778.349271208	-0.00817507899599	0.00933029649913	0.0306091072342	8348.54599721	1.7123434276	9123.33093397	46.661358402	8348.54599721	1.7123434276	9576.85979144	60.3601058228	17.033435821533203	5.420168399810791	16.641651153564453	5.437783241271973	4.5398149490356445	6.23721170425415	4.569919586181641	6.528835296630859	0.7552934885025024	0.3650464713573456
Tag	Tag	34	2	3	213,215	b4	4	biology	0	3			0	0	0	0	0	0	0	0	0	0	0	0	NN	Tag	3.0	nn	Tag	3.0	tag	1.0	228.387181911	228.387181911	624.943913849	228.387181911	0.428085856899	774.942638864	401.430799432	617.128538328	892.559011635	386956.344269	1071451.38229	46748.3063301	111545.475561	39170.4005046	86639.4404062	8191.78885746	1780.78563278	770.027040791	0.0356456802466	0.216477531467	0.0	0.0	395.919075776	22.6885504157	0.0	0.0	619.262233946	29.966009983	5.401012420654297	0.8112952709197998	6.1355977058410645	1.0294445753097534	5.1040143966674805	1.3088098764419556	5.286128520965576	0.9500913619995117	5.866946220397949	0.760709285736084
speichert	speichert	35	3	3	216,224	b4	4	biology	0	9			0	0	0	0	0	0	0	0	0	0	0	0	VVFIN	speichert	9.0	vvfin	speichern	9.0	spei-chert	2.0	1.16086121743	1.16086121743	6.30298590591	18.336702188	29.1098382692	12.8589798543	2.2036173465	178.184021797	862.164915796	3182369.73582	7284134.28197	638182.09722	1143868.95436	239264.06729	298763.259959	48925.779496	1656.81873488	146.816243689	0.0559570861831	0.288966469697	1.98654419603	0.428085856899	2.08464514398	1.7123434276	1.98654419603	0.428085856899	2.22362148691	2.5685151414	16.21377944946289	4.347962379455566	14.935745239257812	4.979775428771973	15.139859199523926	7.401031494140625	15.598920822143555	6.077134609222412	0.08954692166298628	0.059853951723198406
der	der	36	4	3	225,227	b4	4	biology	0	3			0	0	0	0	0	0	0	0	0	0	0	0	ART	der	3.0	art	d	1.0	der	1.0	24738.5901996	26530.3631386	80100.3069113	26530.3631386	0.428085856899	9372.80956103	30912.3596552	38163.5169	19310.096833	1332151.97174	2710999.66609	487983.455471	535760.152056	398226.025843	178781.068331	110461.430317	53801.2331077	27238.2432288	0.129811235347	0.318759302208	0.0	0.0	25590.4497812	36.8153836934	0.0	0.0	33289.1996244	55.22307554	1.4275981187820437	3.1749587059021	1.9224061965942385	3.8541994094848633	1.5352189540863037	1.671306848526001	1.1241965293884277	2.7942099571228027	1.3727598190307617	0.9443499445915222
Chloroplast	Chloroplast	37	5	3	228,238	b4	4	biology	0	11			0	0	0	0	0	0	0	1	0	0	0	0	NN	Chloroplast	11.0	nn	Chloroplast	11.0	chlo-ro-plast	3.0		0.032700315984	0.032700315984	2.15822085494	18.4076918467	0.252136859888	0.0620737280705	1641.66213842	9405.90244779	1942169.63833	5456978.22755	214566.197159	504208.512059	107480.395936	129541.776899	2901.18020918	1099.78520225	16.7098614678	0.05152806075	0.50000441775	0.0	0.0	0.0	0.0	0.0	0.0	0.0	0.0	15.917652130126951	2.603651285171509	15.55817413330078	3.310373544692993	18.457706451416016	14.01719856262207	18.773149490356445	15.013262748718262	0.7913172049447894	0.5609341043164022
die	die	38	6	3	239,241	b4	4	biology	0	3			0	0	0	0	0	0	0	0	0	0	0	0	ART	die	3.0	art	d	1.0	die	1.0	20527.116504	24520.1275636	80100.3069113	24520.1275636	0.428085856899	9091.29875697	30440.211361	33694.5118659	1928.95487119	1361337.08551	2613060.47141	356516.797331	303924.26305	343523.065172	189343.230678	110461.430317	29991.8223867	29048.3692201	0.0938387928357	0.266249299869	0.0	0.0	15201.9436218	35.5311261227	0.0	0.0	15852.8515865	58.2196765383	5.219117164611816	2.8003933429718018	2.164613008499145	2.667358160018921	3.1544289588928223	2.6223669052124023	3.781904697418213	1.8144640922546387	0.28092241287231445	0.3999662399291992
gebildete	gebildete	39	7	3	242,250	b4	4	biology	0	9			0	0	0	0	0	0	0	0	0	0	0	0	ADJA	gebildete	9.0	adja	gebildet	8.0	ge-bil-de-te	4.0	7.7499748882	7.7499748882	24.6642133309	170.466747224	80.0520552402	71.3547313482	14.6338813926	85109.8318184	179591.006772	3562309.27898	7666433.35987	447789.755804	790804.287708	207427.660954	257551.862602	23747.2147199	15623.9820749	1054.28271256	0.0399778758397	0.254307092481	0.0	0.0	0.997359637511	1.2842575707	59.7189520657	0.856171713799	64.3705720144	3.4246868552	8.833784103393555	8.255451202392578	6.421430587768555	5.458360195159912	10.557073593139648	11.324970245361328	8.721251487731934	9.848628044128418	3.7876751892617904	4.165537702298025
und	und	40	8	3	251,253	b4	4	biology	0	3			0	0	0	0	0	0	0	0	0	0	0	0	KON	und	3.0	kon	und	3.0	und	1.0	22313.7473183	22313.7473183	23398.5884761	22313.7473183	0.428085856899	9064.0679761	29467.6401896	23513.5137367	723.037012303	869972.90787	1656300.13956	195202.966651	251153.263298	160187.509171	58920.0250002	32509.3788389	28906.6542257	22352.5789435	0.120238001286	0.419307858966	0.0	0.0	2201.34439665	22.6885504157	0.0	0.0	2454.42031712	42.8085856899	5.833426475524902	4.882959842681885	6.68330717086792	6.834141254425049	4.847115516662598	5.378984451293945	5.53471565246582	5.38889217376709	2.1243581771850586	2.295851945877075
überschüssige	überschüssige	41	9	3	254,266	b4	4	biology	0	13			0	0	0	0	0	0	0	0	0	0	0	0	ADJA	überschüssige	13.0	adja	überschüssig	12.0	ü-ber-schüs-si-ge	5.0	0.850208215583	0.850208215583	2.91032812257	106.161575842	267.553660562	10.9679534051	1.61391692983	63956.3325866	137320.525004	3684230.67401	8550313.78693	653660.440262	1345373.24806	228367.954125	413498.40324	4201.6554257	4185.99197435	3864.02466317	0.0100777462913	0.147097076583	0.0	0.0	0.0735757109639	0.428085856899	0.997359637511	0.428085856899	1.97836911703	2.5685151414	5.921963214874268	6.050660133361816	5.839356899261475	6.20975399017334	7.518490314483643	7.530637741088867	6.006231307983398	5.985867500305176	0.7386744017712772	0.5394378725904971
Glucose	Glucose	42	10	3	267,273	b4	4	biology	0	7			0	0	0	0	0	0	0	0	1	0	0	0	NN	Glucose	7.0	nn	Glucose	7.0	glu-co-se	3.0	0.457804423776	0.457804423776	0.457804423776	1.88844324807	7.27745956729	1.00854743955	0.806958464917	9667.4069664	27533.1980582	1659188.73933	4064968.02199	204605.787186	361834.433514	153618.138316	223470.663276	15129.6759234	811.580967327	18.5329040839	0.0111714634286	0.302189512036	1.20173661241	0.428085856899	1.20173661241	0.428085856899	1.20173661241	0.428085856899	1.24261200739	1.2842575707	2.689851760864258	2.140420198440552	4.391656875610352	2.207383394241333	8.220059394836426	5.963381767272949	8.733210563659668	5.238189220428467	0.2216287183109671	0.02426122145334375
aus	aus	43	11	3	274,276	b4	4	biology	0	3			0	0	0	0	0	0	0	0	0	0	0	0	APPR	aus	3.0	appr	aus	3.0	aus	1.0	2366.71806966	2877.24357788	3047.3996721	2877.24357788	0.428085856899	4921.08116286	5006.30824262	7041.84954557	10996.2414062	691880.798486	1839111.63623	154052.594714	244752.951652	136403.612872	161007.799724	41334.1231877	16266.7803613	4798.31356622	0.0510223759777	0.292714090181	9745.02934146	0.856171713799	9978.06814332	29.966009983	9745.02934146	0.856171713799	10279.6059321	50.0860452572	4.323631286621094	4.525732040405273	4.742927551269531	3.9869167804718018	3.0163068771362305	2.543576240539551	3.587221145629883	3.3214361667633057	2.8100497722625732	3.0284676551818848
der	der	44	12	3	277,279	b4	4	biology	0	3			0	0	0	0	0	0	0	0	0	0	0	0	ART	der	3.0	art	d	1.0	der	1.0	24738.5901996	26530.3631386	80100.3069113	26530.3631386	0.428085856899	9372.80956103	30912.3596552	38163.5169	19310.096833	1332151.97174	2710999.66609	487983.455471	535760.152056	398226.025843	178781.068331	110461.430317	53801.2331077	27238.2432288	0.129811235347	0.318759302208	0.0	0.0	25590.4497812	36.8153836934	0.0	0.0	33289.1996244	55.22307554	0.7982759475708008	0.7397205233573914	0.9665660858154296	0.4576902687549591	1.1524323225021362	0.6243773698806763	1.7771621942520142	0.6436198949813843	0.02756541594862938	0.07732294499874115
Photosynthese	Photosynthese	45	13	3	280,292	b4	4	biology	0	13			0	0	0	0	0	0	0	0	1	0	0	0	NN	Photosynthese	13.0	nn	Photosynthese	13.0	pho-to-synthe-se	4.0	0.948309163535	0.948309163535	0.948309163535	8.53478247182	36.3872978365	2.0170948791	1.69150908992	11420.1357281	39135.6090377	3779744.52012	8958729.95488	320823.004496	689962.670913	159340.105007	245292.339832	10343.3797233	496.832250902	50.0805339295	0.0234665859569	0.138491586586	0.0	0.0	0.0	0.0	0.0	0.0	0.016350157992	0.428085856899	0.7369104623794556	0.3069978952407837	0.6577156186103821	0.2565587162971496	7.933014869689941	9.875434875488281	9.103107452392578	5.322096347808838	0.034740463948764955	0.006100060203607427
als	als	46	14	3	293,295	b4	4	biology	0	3			0	0	0	0	0	0	0	0	0	0	0	0	KOKOM	als	3.0	kokom	als	3.0	als	1.0	3463.41309205	4153.65136184	4541.08470562	4153.65136184	0.428085856899	5247.34625955	6981.83567532	4603.69763565	302.228614971	681961.550037	1925878.64622	141980.120382	218560.946583	127440.529836	138813.260388	41334.1231877	9001.42415599	4724.78690573	0.0390845361957	0.243678478051	0.0	0.0	3467.69683344	19.2638635605	0.0	0.0	4065.34415852	32.9626109813	1.4989700317382812	2.345151901245117	2.2109270095825195	2.6126163005828857	4.916280269622803	4.505537033081055	4.582403659820557	4.435976982116699	3.0217952728271484	2.929126262664795
Stärke	Stärke;	47	15	3	296,301	b4	4	biology	0	6		$.	0	0	0	0	1	0	0	0	1	0	0	0	NN	Stärke	6.0	nn	Stärke	6.0	stär-ke	2.0	37.5236125916	37.5563129076	39.1259280748	105.793697287	10.7021464225	261.591992133	69.3518726868	1523.65487312	6179.41934434	1500109.6646	3608429.01052	192135.112931	358314.711599	169652.157828	277561.879811	26995.0755041	6635.67892073	239.660615847	0.0101658788552	0.136004278236	0.0	0.0	6.23758527394	2.9966009983	0.0	0.0	9.44221624037	5.99320199659	6.699212551116943	6.946407318115234	6.084617614746094	5.65232515335083	16.417457580566406	15.748186111450195	14.610353469848633	12.825989723205566	33.62116622924805	29.93748950958252
in	in	48	1	4	303,304	b4	4	biology	0	2			0	0	1	0	0	0	0	0	0	0	0	0	APPR	in	2.0	appr	in	2.0	in	1.0	13129.4221199	13165.4578681	14298.1641135	0.0	0.0	8527.89894355	19687.5208529	18583.5486983	15158.092107	842500.587604	1735372.30627	309490.415689	350022.68855	273957.116004	252232.89583	37971.7622471	15391.66268	-0.00817507899599	0.0682365415668	0.281559937821	0.0	0.0	9683.14399346	42.380499833	0.0	0.0	17389.6438116	75.7711966712	15.01425552368164	1.5470856428146362	14.869163513183594	1.7111663818359375	7.236103057861328	3.187701463699341	7.186068534851074	1.4549028873443604	5.275616645812988	1.046058177947998
der	der	49	2	4	305,307	b4	4	biology	0	3			0	0	0	0	0	0	0	0	0	0	0	0	ART	der	3.0	art	d	1.0	der	1.0	24738.5901996	26530.3631386	80100.3069113	26530.3631386	0.428085856899	9372.80956103	30912.3596552	38163.5169	19310.096833	1332151.97174	2710999.66609	487983.455471	535760.152056	398226.025843	178781.068331	110461.430317	53801.2331077	27238.2432288	0.129811235347	0.318759302208	0.0	0.0	25590.4497812	36.8153836934	0.0	0.0	33289.1996244	55.22307554	1.7685813903808594	0.0671082884073257	2.2237653732299805	0.0296005550771951	1.319995403289795	0.29957279562950134	1.395179271697998	0.03597693890333176	0.06083283573389053	0.0032637445256114006
Nacht	Nacht	50	3	4	308,312	b4	4	biology	0	5			0	0	0	0	0	0	0	0	0	0	0	0	NN	Nacht	5.0	nn	Nacht	5.0	nacht	1.0	150.14350084	150.14350084	166.297456936	152.285371537	7.27745956729	489.145508182	276.228089914	250.247343146	711.05060831	881275.109908	2253187.95538	261342.454084	447292.785041	145011.905654	171410.286047	6477.26223995	2566.61510127	1132.15851508	0.0210139402099	0.1437102228	217.408050819	0.428085856899	523.752786036	16.6953484191	524.7010952	0.856171713799	923.661300362	21.8323787019	5.133591651916504	0.0367402657866478	3.887868404388428	0.0498105362057685	4.373180389404297	0.02577001042664051	4.621440887451172	0.013980903662741184	3.9318082332611084	0.16448594629764557
kommt	kommt	51	4	4	313,317	b4	4	biology	0	5			0	0	0	0	0	0	0	0	0	0	0	0	VMFIN	kommt	5.0	vvfin	kommen	6.0	kommt	1.0	329.545609407	329.545609407	1395.72306191	383.190477779	7.70554542419	1066.91712261	616.857672701	432.028399701	61.6443633935	660523.778783	1843405.76546	120912.672032	161683.319207	106923.877433	101940.513189	11052.747678	2212.84673279	992.495465508	0.0313529949608	0.159918088422	0.0	0.0	62.1796508435	8.13363128109	0.0	0.0	88.5524556846	11.5583181363	7.126741886138916	6.405681610107422	8.657739639282227	5.693655490875244	8.014986991882324	4.385012626647949	6.962510108947754	4.581043243408203	3.3650968074798584	0.004749920219182968
es	es	52	5	4	318,319	b4	4	biology	0	2			0	0	0	0	0	0	0	0	0	0	0	0	PPER	es	2.0	pper	es	2.0	es	1.0	4482.240487	4482.240487	7209.6675672	0.0	0.0	4656.84173369	7605.13349731	6486.72898142	1792.39548284	1041972.78488	2352798.39725	160713.918858	229470.714647	137226.941427	157414.447041	45007.5949345	4564.40820599	-0.00817507899599	0.0578338146002	0.220031352121	4943.65829569	0.428085856899	6564.72741013	38.0996412641	12044.7362886	0.856171713799	13944.1259674	66.3533078194	1.714869737625122	0.9465052485466005	2.599320411682129	2.24578070640564	1.9012559652328491	1.4255467653274536	1.924386739730835	2.4346866607666016	0.00038092033355496824	0.0008029097807593644
zu	zu	53	6	4	320,321	b4	4	biology	0	2			0	0	0	0	0	0	0	0	0	0	0	0	APPR	zu	2.0	appr	zu	2.0	zu	1.0	2657.22767686	8897.95218113	9058.93583672	0.0	0.0	7088.44961045	13807.9438853	16158.8284432	13822.8923193	227861.336305	547892.533326	51760.5780638	28442.4524183	57219.5279387	16021.5412803	19838.2434724	15326.7362026	-0.00817507899599	0.0592554444736	0.308475260123	0.0	0.0	1383.3868677	35.9592119796	0.0	0.0	4752.13254498	50.5141311141	0.8945990800857544	1.633670449256897	1.0097668170928955	1.460447907447815	1.2068694829940796	1.431241750717163	1.4152774810791016	0.8602636456489563	0.000592890428379178	0.0005106813623569906
einer	einer	54	7	4	322,326	b4	4	biology	0	5			0	0	0	0	0	0	0	0	0	0	0	0	ART	einer	5.0	art	eine	4.0	ei-ner	2.0	2342.47896043	2431.18674262	17543.4333976	7303.86082739	14.1268332777	4894.732861	4237.55615733	21798.3739882	14462.4525895	2727078.92811	5805735.49431	528986.765912	752729.903509	325207.675415	207395.611264	45007.5949345	21503.4825387	20569.6023896	0.0318816192149	0.182077876037	0.0	0.0	4849.55496137	17.9796059898	4602.28334698	0.428085856899	10773.3725284	33.3906968382	1.6688275337219238	1.262352705001831	2.342252731323242	0.796737551689148	1.3026401996612549	0.7285059690475464	2.0324153900146484	0.8173906803131104	0.05431962385773659	0.06802483648061752
Stoffentnahme	Stoffentnahme	55	8	4	327,339	b4	4	biology	0	13			0	0	0	0	0	0	0	0	0	0	0	0	NN	Stoffentnahme	13.0	nn	Stoffentnahme	13.0	stoff-ent-nah-me	4.0																													21.01710700988769	12.416041374206545	24.36017227172852	14.677780151367188	17.27567481994629	15.829960823059082	18.1229305267334	13.622238159179688	4.161836728453636	2.00970995798707
aus	aus	56	9	4	340,342	b4	4	biology	0	3			0	0	0	0	0	0	0	0	0	0	0	0	APPR	aus	3.0	appr	aus	3.0	aus	1.0	2366.71806966	2877.24357788	3047.3996721	2877.24357788	0.428085856899	4921.08116286	5006.30824262	7041.84954557	10996.2414062	691880.798486	1839111.63623	154052.594714	244752.951652	136403.612872	161007.799724	41334.1231877	16266.7803613	4798.31356622	0.0510223759777	0.292714090181	9745.02934146	0.856171713799	9978.06814332	29.966009983	9745.02934146	0.856171713799	10279.6059321	50.0860452572	2.3763370513916016	1.8580946922302248	1.7660120725631714	0.766677737236023	3.0548617839813232	0.8900107741355896	1.9562137126922607	0.6028251051902771	1.1043983697891235	0.2670194208621979
diesem	diesem	57	10	4	343,348	b4	4	biology	0	6			0	0	0	0	0	0	0	0	0	0	0	0	PDAT	diesem	6.0	pdat	diese	5.0	die-sem	2.0	598.595634245	601.244359839	4932.97346745	2820.73743186	17.5515201329	2128.03509745	1122.68096432	34359.8897205	2427.24680862	2509948.60925	5214937.62789	363411.029475	387338.50461	228840.996896	66551.5115712	110461.430317	29991.8223867	29048.3692201	0.01696057005	0.0965098083671	1140.7505231	0.428085856899	2144.02891781	2.9966009983	2278.23918968	0.856171713799	3281.60751026	5.56511613969	6.734337329864502	3.222053050994873	7.879882335662842	2.3912830352783203	6.168454170227051	5.3733296394348145	7.336134910583496	4.9007978439331055	5.273370265960693	3.687746047973633
Speicher	Speicher.	58	11	4	349,356	b4	4	biology	0	8		$.	0	0	0	0	1	1	0	0	0	0	0	0	NN	Speicher	8.0	nn	Speicher	8.0	spei-cher	2.0	5.62445434924	5.62445434924	7.02239285756	27.7462181124	50.0860452572	32.9038602153	10.3507941558	2105.40984463	6139.1792738	2662959.24927	5889543.14677	617949.31626	1126320.85891	308771.417491	389591.948561	26995.0755041	1649.89444297	240.568049615	0.0121794895174	0.201840915666	0.0	0.0	4.43906789482	1.7123434276	0.0	0.0	6.56458843378	5.56511613969	7.485599517822266	2.868992328643799	9.731317520141602	1.8950114250183103	9.64262866973877	7.72210693359375	7.02215051651001	3.4897103309631348	33.06184387207031	33.39604997634888
Die	Die	59	1	5	358,360	b4	4	biology	0	3			0	0	0	1	0	0	0	0	0	0	0	0	ART	Die	3.0	art	d	1.0	die	1.0	4044.09712821	4092.99227569	80100.3069113	4092.99227569	0.428085856899	7006.50513099	7668.65043956	33694.5118659	1928.95487119	1162034.30857	2398782.95191	235702.357048	295575.732669	203871.746843	202066.798517	19121.5915224	6400.40832231	5199.86527143	0.05895410862	0.0848217844714	29483.8638533	0.856171713799	35483.8322812	32.5345251244	29483.8638533	0.856171713799	35649.500257	46.661358402	14.98300552368164	2.162870645523072	15.732444763183594	1.935939073562622	2.596067190170288	2.575951099395752	2.690631151199341	2.73728084564209	0.37868890166282654	0.21549654006958008
Zelle	Zelle	60	2	5	361,365	b4	4	biology	0	5			0	0	0	0	0	0	0	0	1	0	0	0	NN	Zelle	5.0	nn	Zelle	5.0	zel-le	2.0	22.530517713	22.5468678709	48.1348651284	26.1439026292	6.84937371039	67.9508837397	40.3944785419	10421.5007782	30791.3595151	1886002.36569	4262776.65049	219173.998684	424193.272203	161330.40974	237255.88404	6468.08162623	2120.85256885	109.783135837	0.0157072939699	0.13426049919	0.0	0.0	60.4792344124	19.2638635605	25.5144215465	0.428085856899	88.7895329755	22.2604645588	9.590206146240234	2.6174111366271973	10.327768325805664	2.2994964122772217	10.603957176208496	3.883133888244629	10.588813781738281	4.192734241485596	8.218171119689941	0.5639336705207825
kann	kann	61	3	5	366,369	b4	4	biology	0	4			0	0	0	0	0	0	0	0	0	0	0	0	VMFIN	kann	4.0	vmfin	können	6.0	kann	1.0	1325.79343618	1325.79343618	3346.01895766	1326.12861441	3.8527727121	2506.87072943	2422.9859015	1631.77846792	157.107509482	1243505.69068	2838879.6137	271586.114193	396834.305088	224930.07998	258268.906412	11052.747678	2573.61296889	1463.46994155	0.0336937487676	0.238078476838	0.0	0.0	1934.49346806	19.6919494174	0.0	0.0	1937.19124413	26.1132372709	5.138092041015625	3.3815245628356934	5.2425923347473145	4.115487098693848	3.8782811164855957	2.2913546562194824	3.7345035076141357	2.496835470199585	1.0295312404632568	0.07823007553815842
auf	auf	62	4	5	370,372	b4	4	biology	0	3			0	0	0	0	0	0	0	0	0	0	0	0	APPR	auf	3.0	appr	auf	3.0	auf	1.0	5092.06867979	5591.37797963	5914.8658555	5591.37797963	0.428085856899	6569.04767908	9351.09676518	8980.91288279	7572.83880855	489216.952266	1286948.94648	95233.9886234	112163.203452	83805.1382611	46267.0913278	41334.1231877	16266.7803613	7317.89743803	0.0692951484301	0.289895292654	0.0	0.0	3235.89246851	19.2638635605	0.0	0.0	3376.16047392	32.5345251244	3.9694554805755615	4.401759147644043	4.121654033660889	4.321459770202637	3.8755433559417725	4.78564453125	3.572920799255371	4.396040916442871	0.003628220409154892	0.001327467616647482
diese	diese	63	5	5	373,377	b4	4	biology	0	5			0	0	0	0	0	0	0	0	0	0	0	0	PDAT	diese	5.0	pdat	diese	5.0	die-se	2.0	985.440372335	1137.48866658	4932.97346745	1184.74062318	12.842575707	2838.68283704	2097.03675541	42835.5173207	25150.9002646	2403309.87039	4965858.86865	444621.332262	493108.673876	321421.240426	207903.749176	110461.430317	29991.8223867	29048.3692201	0.0111071876756	0.123812582272	0.0	0.0	396.156153067	14.9830049915	1140.7505231	0.428085856899	3447.21008548	20.5481211312	5.129915237426758	0.2652677893638611	3.723622560501098	0.2217896580696106	4.432146072387695	0.4126933515071869	3.821333885192871	0.09765424579381943	0.04230869561433792	0.02228783629834652
Weise	Weise	64	6	5	378,382	b4	4	biology	0	5			0	0	0	0	0	0	0	0	0	0	0	0	NN	Weise	5.0	nn	Weise	5.0	wei-se	2.0	252.49548987	253.280297454	262.232008954	356.122791223	26.1132372709	1066.79105418	475.267498972	11970.5719719	27927.8932183	2197230.98302	4749440.0637	305363.995515	514439.335953	162274.124509	237654.431973	13240.8075713	4570.94826919	968.428032944	0.086811184636	0.446280519315	0.0	0.0	214.448672223	15.4110908484	0.0	0.0	227.01376864	21.404292845	0.2214512526988983	0.039688441902399	0.1792602688074112	0.1080817729234695	0.14070841670036316	0.04547378793358803	0.1222129836678505	0.07400230318307877	0.014343023300170898	0.005362768191844225
Tag	Tag	65	7	5	383,385	b4	4	biology	0	3			0	0	0	0	0	0	0	0	0	0	0	0	NN	Tag	3.0	nn	Tag	3.0	tag	1.0	228.387181911	228.387181911	624.943913849	228.387181911	0.428085856899	774.942638864	401.430799432	617.128538328	892.559011635	386956.344269	1071451.38229	46748.3063301	111545.475561	39170.4005046	86639.4404062	8191.78885746	1780.78563278	770.027040791	0.0356456802466	0.216477531467	0.0	0.0	395.919075776	22.6885504157	0.0	0.0	619.262233946	29.966009983	10.314748764038086	6.251863479614258	9.199457168579102	8.096402168273926	9.473106384277344	5.575247764587402	8.993890762329102	4.80317497253418	0.008136342279613018	0.01563211716711521
und	und	66	8	5	386,388	b4	4	biology	0	3			0	0	0	0	0	0	0	0	0	0	0	0	KON	und	3.0	kon	und	3.0	und	1.0	22313.7473183	22313.7473183	23398.5884761	22313.7473183	0.428085856899	9064.0679761	29467.6401896	23513.5137367	723.037012303	869972.90787	1656300.13956	195202.966651	251153.263298	160187.509171	58920.0250002	32509.3788389	28906.6542257	22352.5789435	0.120238001286	0.419307858966	0.0	0.0	2201.34439665	22.6885504157	0.0	0.0	2454.42031712	42.8085856899	1.1925411224365234	0.1651125401258468	0.3616948425769806	0.1044505611062049	0.4744204878807068	0.4823639690876007	0.4015212059020996	0.5085567235946655	0.03034917823970318	0.05902981758117676
Nacht	Nacht	67	9	5	389,393	b4	4	biology	0	5			0	0	0	0	0	0	0	0	0	0	0	0	NN	Nacht	5.0	nn	Nacht	5.0	nacht	1.0	150.14350084	150.14350084	166.297456936	152.285371537	7.27745956729	489.145508182	276.228089914	250.247343146	711.05060831	881275.109908	2253187.95538	261342.454084	447292.785041	145011.905654	171410.286047	6477.26223995	2566.61510127	1132.15851508	0.0210139402099	0.1437102228	217.408050819	0.428085856899	523.752786036	16.6953484191	524.7010952	0.856171713799	923.661300362	21.8323787019	0.0395541675388813	0.0051981480792164	0.0095612294971942	0.003461261279881	0.038642458617687225	0.0012691308511421084	0.040043797343969345	0.0015706595731899142	0.00830021407455206	0.0004365683125797659
einen	einen	68	10	5	394,398	b4	4	biology	0	5			0	0	0	0	0	0	0	0	0	0	0	0	ART	einen	5.0	art	eine	4.0	ei-nen	2.0	1964.53688337	2019.39166343	17543.4333976	7303.86082739	14.1268332777	4198.07871713	3586.62000791	27432.3768297	26896.634389	2859514.55384	5933406.53601	624326.327506	955059.118657	461556.498907	499462.324164	45007.5949345	21503.4825387	20569.6023896	0.0187226863739	0.182841381842	2431.18674262	0.428085856899	5300.88472258	16.2672625622	7033.4700896	0.856171713799	11104.7330053	35.1030402658	5.473600387573242	6.266718864440918	5.883481502532959	5.22689962387085	5.921274185180664	5.0280327796936035	6.0482025146484375	4.964530944824219	2.0482394695281982	2.073258399963379
Export	Export	69	11	5	399,404	b4	4	biology	0	6			0	0	0	0	0	0	0	0	0	0	0	0	NN	Export	6.0	nn	Export	6.0	ex-port	2.0	10.128922876	10.128922876	18.32035203	12.246268336	4.28085856899	111.06628678	18.2186391887	505.906588588	3842.07056567	782629.619945	2213572.89018	142789.412328	251507.718388	111036.498073	132502.846771	14903.9783425	367.894904978	136.989798736	0.00789206739418	0.134992229532	0.0	0.0	0.269777606868	2.1404292845	0.0	0.0	7.90530138912	3.8527727121	11.421510696411133	7.65172815322876	9.388954162597656	5.5142927169799805	11.05172061920166	11.190679550170898	11.675491333007812	11.262506484985352	12.25533390045166	11.11607837677002
gewährleisten	gewährleisten.	70	12	5	405,417	b4	4	biology	0	13		$.	0	0	0	0	0	1	0	0	0	0	0	0	VVINF	gewährleisten	13.0	vvinf	gewährleisten	13.0	ge-währ-lei-sten	4.0	15.9250538842	15.9659292792	29.9453143623	61.3376177069	26.9694089847	167.292806535	29.935055362	47843.0720338	107676.863672	4644082.33786	10418960.7788	769212.827448	1519509.15676	428511.366266	603206.791154	23747.2147199	15623.9820749	1864.82544485	0.0156096792826	0.203559097355	0.0	0.0	13.0719513146	1.7123434276	0.0	0.0	13.5297557384	2.5685151414	9.57502555847168	6.632042407989502	9.024682998657228	6.124980449676514	7.419402122497559	6.570835113525391	7.660916328430176	7.162306785583496	31.805931568145752	29.800007820129395
Saccharose	Saccharose	71	1	6	419,428	b4	4	biology	0	10			0	0	0	1	0	0	0	0	1	0	0	0	NN	Saccharose	10.0	nn	Saccharose	10.0	sac-cha-ro-se	4.0	0.179851737912	0.179851737912	0.179851737912	8.3631058129	56.5073331107	1.13461586949	0.32588707237	11168.8010994	34707.488934	2507263.2593	6167613.1645	393660.121598	824891.480235	173334.049906	298014.10971	26995.0755041	1464.33649992	372.987979192	5.23009090909e-06	0.148581557136	0.0	0.0	0.049050473976	0.428085856899	0.0	0.0	0.0735757109639	0.856171713799	22.86635971069336	8.61616039276123	23.385967254638672	7.855709075927734	15.84984016418457	8.052202224731445	16.362581253051758	11.33447551727295	0.15191732498351485	0.00086831473345228
ist	ist	72	2	6	429,431	b4	4	biology	0	3			0	0	0	0	0	0	0	0	0	0	0	0	VAFIN	ist	3.0	vafin	sein	4.0	ist	1.0	6193.1128442	6201.98280491	17044.4184006	6201.98280491	0.428085856899	5647.61352462	10628.2947571	6392.98535058	321.920564388	917956.027182	2251465.76597	202181.475685	311508.232091	153618.244592	108375.49979	37971.7622471	6331.86028492	6216.50992029	0.0707295422332	0.285080866351	0.0	0.0	174.505236248	21.8323787019	0.0	0.0	350.048707529	42.380499833	2.5656962394714355	1.0373343229293823	1.357054352760315	1.5372657775878906	1.2816014289855957	1.4892373085021973	1.1787008047103882	1.0763403177261353	0.028229575604200363	0.018757695332169533
ein	ein	73	3	6	432,434	b4	4	biology	0	3			0	0	0	0	0	0	0	0	0	0	0	0	ART	ein	3.0	art	eine	4.0	ein	1.0	4621.55200817	4999.44503476	17543.4333976	4999.44503476	0.428085856899	5809.23325181	8404.82933604	11022.7206128	11717.9941609	1614569.79583	3344143.78548	401662.305848	493686.589782	324158.412201	289382.186491	45007.5949345	21503.4825387	20569.6023896	0.0272545875843	0.196343258894	0.0	0.0	1145.39396797	31.6783534106	13165.4578681	0.428085856899	22077.4630101	57.7915906814	1.1862573623657229	1.3535267114639282	0.6080077886581421	1.458049178123474	1.18869948387146	1.7435405254364014	0.9952253699302673	1.356044054031372	0.0827127993106842	0.058824822306632996
Dimer	Dimer	74	4	6	435,439	b4	4	biology	0	5			0	0	0	0	0	0	0	1	0	0	0	0	NN	Dimer	5.0	nn	Dimer	5.0	di-mer	2.0	0.00817507899599	0.00817507899599	0.00817507899599	0.335178238836	4.70894442589	0.126068429944	0.0155184320176	6100.38292315	22799.8527385	1609112.97147	3500681.94077	333188.784312	524224.094384	221356.62215	179293.915188	19121.5915224	6400.40832231	26.0294515232	1.461e-06	1.0	10.8565049067	4.70894442589	10.8892052227	6.42128785349	11.2734339355	7.27745956729	11.3470096464	11.1302322794	9.751052856445312	9.908979415893556	7.055024147033691	6.292344093322754	18.929616928100586	19.5424747467041	13.520198822021484	12.909374237060547	1.9599758386611938	5.984647683799267
und	und	75	5	6	440,442	b4	4	biology	0	3			0	0	0	0	0	0	0	0	0	0	0	0	KON	und	3.0	kon	und	3.0	und	1.0	22313.7473183	22313.7473183	23398.5884761	22313.7473183	0.428085856899	9064.0679761	29467.6401896	23513.5137367	723.037012303	869972.90787	1656300.13956	195202.966651	251153.263298	160187.509171	58920.0250002	32509.3788389	28906.6542257	22352.5789435	0.120238001286	0.419307858966	0.0	0.0	2201.34439665	22.6885504157	0.0	0.0	2454.42031712	42.8085856899	6.579889297485352	5.913873195648193	3.3580329418182373	3.623303651809693	3.7259445190429688	3.123056411743164	2.813182830810547	2.6580004692077637	0.09805301576852798	0.09620441496372223
wirkt	wirkt	76	6	6	443,447	b4	4	biology	0	5			0	0	0	0	0	0	0	0	0	0	0	0	VVFIN	wirkt	5.0	vvfin	wirken	6.0	wirkt	1.0	50.1949850354	50.1949850354	152.407997722	123.885147105	12.842575707	255.162502206	94.4451772593	94.8636166695	27.3974948416	1100709.0434	2658196.13182	160635.675177	173703.541982	139824.638179	97416.0737678	34258.3961147	10849.3026621	4840.94660319	0.0508493720482	0.267033494242	0.0	0.0	71.303039003	5.13703028279	0.0	0.0	101.959585238	8.13363128109	6.425889015197754	7.319147109985352	6.945365905761719	6.784421920776367	6.052976608276367	5.624922752380371	5.334460258483887	5.0072197914123535	0.6122732758522034	0.03513101115822792
nicht	nicht	77	7	6	448,452	b4	4	biology	0	5			0	0	0	0	0	0	0	0	0	0	0	0	PTKNEG	nicht	5.0	ptkneg	nicht	5.0	nicht	1.0	6706.81845815	6717.74853877	6860.93504739	6723.92889849	4.70894442589	5491.16260306	11339.5044965	6998.07199754	2410.97954606	1471456.9038	3287078.22841	327844.187442	506392.606101	205577.542476	183411.244959	21439.2836433	8395.39737493	7474.8017292	0.0550971405892	0.222071097484	0.0	0.0	345.339862028	15.8391767053	0.0	0.0	1003.60539786	23.5447221295	3.8560969829559326	3.74862003326416	5.084170341491699	5.365817546844482	5.120058059692383	4.9077911376953125	5.232426643371582	5.233760356903076	4.14956521987915	0.06705400347709656
reduzierend	reduzierend,	78	8	6	453,463	b4	4	biology	0	11		$,	0	0	0	0	0	0	0	0	0	0	0	0	ADJD	reduzierend	11.0	adjd	reduzierend	11.0	re-du-zie-rend	4.0	0.12262618494	0.16350157992	0.482329660764	4.83147168663	13.6987474208	1.51282115933	0.310368640353	14569.5930863	39216.5172647	4506735.07562	9314035.65099	632396.274986	1254903.2954	120486.243562	163205.592514	4443.89936651	2162.46372094	168.275826054	0.00325555515	0.2937316516	0.0	0.0	0.032700315984	0.428085856899	5.92693227209	0.428085856899	6.08225877302	1.2842575707	10.206207275390623	8.657840728759766	5.375912666320801	8.363472938537598	13.993017196655273	13.21467113494873	13.787256240844727	13.461822509765625	26.94669926125789	23.660730579227675
sie	sie	79	9	6	465,467	b4	4	biology	0	3			0	0	1	0	0	0	0	0	0	0	0	0	PPER	sie	3.0	pper	sie	3.0	sie	1.0	4963.73628971	4963.73628971	8487.45693951	4963.73628971	0.428085856899	4025.99531025	7654.66833231	8142.13342764	4056.96966584	1411597.82271	3107679.43219	282130.976914	322653.01929	243841.081467	199354.446528	48925.779496	15113.3748159	5524.95546278	0.0431282946748	0.183343569275	24520.1275636	0.428085856899	34559.672301	27.8255806985	24520.1275636	0.428085856899	34594.7025145	45.3771008313	5.205868721008301	4.475782871246338	4.392136096954346	3.351682662963867	4.775755882263184	4.439448833465576	3.915562868118286	3.2842071056365967	3.968832015991211	3.9885385036468506
wird	wird	80	10	6	468,471	b4	4	biology	0	4			0	0	0	0	0	0	0	0	0	0	0	0	VAFIN	wird	4.0	vafin	werden	6.0	wird	1.0	2344.60448097	2347.81728702	8998.09689884	2352.31358046	4.70894442589	4665.03618164	4186.0194446	2383.28895478	15.8391767053	988692.582261	1945833.01227	114090.380583	81194.6163923	94464.2477104	32816.2056182	34258.3961147	10849.3026621	4840.94660319	0.0454900900655	0.324052246465	0.0	0.0	89.680616586	11.5583181363	0.0	0.0	1784.98762338	16.2672625622	1.8295453786849976	1.8209772109985352	2.510794878005981	2.3857996463775635	2.4935669898986816	2.4436802864074707	2.323542594909668	2.251405954360962	0.004711715970188379	0.003504090243950486
in	in	81	11	6	472,473	b4	4	biology	0	2			0	0	0	0	0	0	0	0	0	0	0	0	APPR	in	2.0	appr	in	2.0	in	1.0	13129.4221199	13165.4578681	14298.1641135	0.0	0.0	8527.89894355	19687.5208529	18583.5486983	15158.092107	842500.587604	1735372.30627	309490.415689	350022.68855	273957.116004	252232.89583	37971.7622471	15391.66268	-0.00817507899599	0.0682365415668	0.281559937821	0.0	0.0	9683.14399346	42.380499833	0.0	0.0	17389.6438116	75.7711966712	2.722289562225342	2.8302855491638184	2.8707797527313232	3.1307411193847656	3.118464469909668	3.66618275642395	2.6230080127716064	3.2497329711914062	0.37349167466163635	0.20873726904392242
der	der	82	12	6	474,476	b4	4	biology	0	3			0	0	0	0	0	0	0	0	0	0	0	0	ART	der	3.0	art	d	1.0	der	1.0	24738.5901996	26530.3631386	80100.3069113	26530.3631386	0.428085856899	9372.80956103	30912.3596552	38163.5169	19310.096833	1332151.97174	2710999.66609	487983.455471	535760.152056	398226.025843	178781.068331	110461.430317	53801.2331077	27238.2432288	0.129811235347	0.318759302208	0.0	0.0	25590.4497812	36.8153836934	0.0	0.0	33289.1996244	55.22307554	0.7295121550559998	1.1797864437103271	0.7829369902610779	0.8469648361206055	1.0771706104278564	1.0372264385223389	0.9120700359344482	0.9059984683990479	0.018948612734675407	0.01247543003410101
Pflanze	Pflanze	83	13	6	477,483	b4	4	biology	0	7			0	0	0	0	0	0	0	0	0	0	0	0	NN	Pflanze	7.0	nn	Pflanze	7.0	pflan-ze	2.0	13.5379308174	13.5788062123	48.8297468431	74.2542425206	11.9864039932	42.7371977509	24.8139727962	1680.93521792	6680.27979692	1785664.20109	4131739.99777	218471.203493	439963.527085	153447.998572	236306.817695	10343.3797233	635.972095414	257.71119027	0.0173708440157	0.159022612967	0.0	0.0	0.457804423776	1.7123434276	35.3326914207	0.428085856899	36.3791015322	3.8527727121	5.802515506744385	1.8086369037628167	9.48393726348877	3.386462450027466	6.980340957641602	4.00968074798584	6.9030609130859375	2.424891948699951	5.344465255737305	1.5678937435150146
vor	vor	84	14	6	484,486	b4	4	biology	0	3			0	0	0	0	0	0	0	0	0	0	0	0	APPR	vor	3.0	appr	vor	3.0	vor	1.0	1407.18452266	1691.52194522	1804.03555744	1691.52194522	0.428085856899	3865.25806208	3063.60229362	5856.55301702	9583.98616427	488464.019315	1308682.86544	168980.011008	165765.974024	154755.201878	101413.539499	23102.1601118	13320.2529889	3635.39222889	0.0368451466493	0.258463732073	7955.34104766	0.428085856899	9241.5262261	25.685151414	7955.34104766	0.428085856899	9301.84195893	37.6715554072	4.547556400299072	4.80448579788208	4.676581382751465	4.083822727203369	4.113471508026123	4.603427886962891	4.2235870361328125	5.484304904937744	7.819823804311454e-05	0.0003240775258745998
allem	allem	85	15	6	487,491	b4	4	biology	0	5			0	0	0	0	0	0	0	0	0	0	0	0	PIS	allem	5.0	pis	alle	4.0	al-lem	2.0	332.521338162	332.521338162	2670.43042944	1678.1393409	20.9762069881	1379.94503416	623.096082372	6518.8079914	10387.5033177	1458301.19063	3552869.88758	168707.249497	289475.509208	110448.521867	89858.2179642	41334.1231877	9001.42415599	3625.86826186	0.114861555787	0.363440967003	967.512424097	0.856171713799	1306.25499737	5.99320199659	1803.3897262	1.2842575707	2144.02074273	9.41788885179	0.5586470365524292	0.8419443368911743	0.5202773213386536	0.3137920796871185	0.09601328521966934	0.49291443824768066	0.14030775427818298	0.1441434621810913	0.0008575814426876605	0.004331611096858978
als	als	86	16	6	492,494	b4	4	biology	0	3			0	0	0	0	0	0	0	0	0	0	0	0	KOKOM	als	3.0	kokom	als	3.0	als	1.0	3463.41309205	4153.65136184	4541.08470562	4153.65136184	0.428085856899	5247.34625955	6981.83567532	4603.69763565	302.228614971	681961.550037	1925878.64622	141980.120382	218560.946583	127440.529836	138813.260388	41334.1231877	9001.42415599	4724.78690573	0.0390845361957	0.243678478051	0.0	0.0	3467.69683344	19.2638635605	0.0	0.0	4065.34415852	32.9626109813	1.227860450744629	0.9452650547027588	1.2813663482666016	1.5422742366790771	2.2456307411193848	2.1426329612731934	1.7272005081176758	1.64652681350708	0.00033456450910307467	0.0007583603146485984
leicht	leicht	87	17	6	495,500	b4	4	biology	0	6			0	0	0	0	0	0	0	0	0	0	0	0	ADJD	leicht	6.0	adjd	leicht	6.0	leicht	1.0	166.624460096	166.624460096	273.431867179	316.514533488	17.5515201329	548.271601825	312.184296899	556.412226625	242.296595005	1938185.83241	4428526.35725	410260.870286	683091.89291	190016.009829	203744.895076	7813.184599	2444.11154251	702.239285756	0.0143750200102	0.172131342129	0.0	0.0	39.7554091575	7.70554542419	0.0	0.0	71.7526683478	13.6987474208	8.892484664916992	7.305887699127197	7.561919212341309	7.7563796043396	8.710634231567383	8.527215003967285	8.103747367858887	8.126510620117188	2.3080873489379883	2.356419324874878
verfügbarer	verfügbarer	88	18	6	501,511	b4	4	biology	0	11			0	0	0	0	0	0	0	0	0	0	0	0	ADJA	verfügbarer	11.0	adja	verfügbar	9.0	ver-füg-ba-rer	4.0	0.555905371728	0.555905371728	14.8132431407	779.085028318	896.411784347	6.17735306724	1.0552533772	19004.508041	51515.8520193	3149987.09523	7340909.59683	558594.694765	1052949.51155	242081.403889	214851.582633	23102.1601118	7335.96436261	7300.98319958	0.0385492503824	0.339332018426	5.85335656113	0.428085856899	6.04138337804	1.2842575707	7.70092441423	0.856171713799	7.88895123113	1.7123434276	6.360238075256348	3.248194694519043	2.6114940643310547	3.665590047836304	6.906573295593262	5.937902927398682	7.0752644538879395	5.728700637817383	1.8744267923757434	2.3358207438141108
Speicherstoff	Speicherstoff	89	19	6	512,524	b4	4	biology	0	13			0	0	0	0	0	0	0	0	0	0	0	0	NN	Speicherstoff	13.0	nn	Speicherstoff	13.0	spei-cher-stoff	3.0	0.00817507899599	0.00817507899599	0.0572255529719	17.4946690514	183.64883261	0.126068429944	0.0155184320176	2286.29164249	7965.82162519	3461356.69998	8153333.50457	590618.334935	1297258.53817	147374.462608	320770.297691	26995.0755041	1649.89444297	240.568049615	1.635e-06	4.0556e-05	0.0	0.0	0.00817507899599	0.428085856899	0.04087539498	0.428085856899	0.049050473976	0.856171713799	6.018219947814941	4.551706314086914	3.440102815628052	2.968550682067871	12.97672176361084	12.276857376098633	8.331717491149902	8.403146743774414	8.848313808441162	5.23566547036171
verwendet	verwendet.	90	20	6	525,533	b4	4	biology	0	9		$.	0	0	0	0	1	1	0	0	0	0	0	0	VVPP	verwendet	9.0	vvpp	verwenden	9.0	ver-wen-det	3.0	51.077893567	58.5662659273	108.368847171	1957.40821448	792.815006978	332.064244472	110.196385757	17245.2800916	41689.56926	3719015.22639	7822700.96491	667568.890185	1158943.99781	166892.635388	223237.356484	23102.1601118	7335.96436261	7300.98319958	0.0925604401698	0.415079496607	0.0	0.0	38.766224599	2.9966009983	0.0	0.0	46.3281726703	4.70894442589	2.84805679321289	2.4243268966674805	2.404295921325684	1.792697191238403	2.130742311477661	1.8631951808929443	2.2666194438934326	2.3924560546875	29.83196747303009	26.846667528152466
Stärke	Stärke	91	1	7	535,540	b4	4	biology	0	6			0	0	0	1	0	0	0	0	1	0	0	0	NN	Stärke	6.0	nn	Stärke	6.0	stär-ke	2.0	37.5236125916	37.5563129076	39.1259280748	105.793697287	10.7021464225	261.591992133	69.3518726868	1523.65487312	6179.41934434	1500109.6646	3608429.01052	192135.112931	358314.711599	169652.157828	277561.879811	26995.0755041	6635.67892073	239.660615847	0.0101658788552	0.136004278236	0.0	0.0	6.23758527394	2.9966009983	0.0	0.0	9.44221624037	5.99320199659	19.50234603881836	6.2004265785217285	22.853010177612305	5.852334499359131	11.649188995361328	11.277580261230469	11.422618865966797	11.839224815368652	11.166236877441406	10.687559127807617
ist	ist	92	2	7	541,543	b4	4	biology	0	3			0	0	0	0	0	0	0	0	0	0	0	0	VAFIN	ist	3.0	vafin	sein	4.0	ist	1.0	6193.1128442	6201.98280491	17044.4184006	6201.98280491	0.428085856899	5647.61352462	10628.2947571	6392.98535058	321.920564388	917956.027182	2251465.76597	202181.475685	311508.232091	153618.244592	108375.49979	37971.7622471	6331.86028492	6216.50992029	0.0707295422332	0.285080866351	0.0	0.0	174.505236248	21.8323787019	0.0	0.0	350.048707529	42.380499833	5.9604082107543945	1.6256674528121948	4.472967147827148	0.9767022132873536	3.521165370941162	1.5216416120529175	3.391693592071533	1.5540902614593506	0.9111591577529907	0.08493334800004959
ein	ein	93	3	7	544,546	b4	4	biology	0	3			0	0	0	0	0	0	0	0	0	0	0	0	ART	ein	3.0	art	eine	4.0	ein	1.0	4621.55200817	4999.44503476	17543.4333976	4999.44503476	0.428085856899	5809.23325181	8404.82933604	11022.7206128	11717.9941609	1614569.79583	3344143.78548	401662.305848	493686.589782	324158.412201	289382.186491	45007.5949345	21503.4825387	20569.6023896	0.0272545875843	0.196343258894	0.0	0.0	1145.39396797	31.6783534106	13165.4578681	0.428085856899	22077.4630101	57.7915906814	2.191195011138916	1.2887141704559326	2.6908020973205566	0.4772498309612274	1.9167518615722656	1.8408222198486328	2.146528720855713	1.7089968919754028	0.009483171626925468	0.008615112863481045
großes	großes	94	4	7	547,552	b4	4	biology	0	6			0	0	0	0	0	0	0	0	0	0	0	0	ADJA	großes	6.0	adja	groß	4.0	gro-ßes	2.0	45.5842404817	45.5842404817	1357.34106602	585.401056745	18.4076918467	305.211668894	85.9255580816	1123.98343608	943.501228606	1649294.95625	3979536.21178	159834.656411	301169.530561	117344.315451	162325.876078	23747.2147199	2182.14931116	1080.99887072	0.0080229994904	0.122057429448	494.526878626	0.856171713799	524.643869647	4.70894442589	793.432291956	1.2842575707	823.557458056	5.56511613969	4.557819366455078	7.689386367797852	5.4801025390625	8.05022144317627	6.45491361618042	7.806462287902832	5.542017936706543	7.06346321105957	3.2726387977600098	2.6555933952331543
Polymer	Polymer	95	5	7	553,559	b4	4	biology	0	7			0	0	0	0	0	0	0	1	0	0	0	0	NN	Polymer	7.0	nn	Polymer	7.0	poly-mer	2.0	0.147151421928	0.147151421928	0.972834400523	285.285731723	67.2094795332	0.882479009606	0.2638133443	2451.03583442	5829.67319926	1517644.38336	3689607.35965	322777.551433	564996.703739	207798.654214	192812.438463	10343.3797233	1242.11332757	670.789756858	0.0163409156667	0.192050592833	0.0	0.0	0.138976342932	1.2842575707	0.825682978595	0.856171713799	0.964659321527	2.1404292845	17.147544860839844	1.5673503875732422	12.682520866394045	1.1919039487838743	12.941911697387695	10.335685729980469	11.418835639953613	7.238340377807617	1.01700609177351	2.361726315692067
aus	aus	96	6	7	560,562	b4	4	biology	0	3			0	0	0	0	0	0	0	0	0	0	0	0	APPR	aus	3.0	appr	aus	3.0	aus	1.0	2366.71806966	2877.24357788	3047.3996721	2877.24357788	0.428085856899	4921.08116286	5006.30824262	7041.84954557	10996.2414062	691880.798486	1839111.63623	154052.594714	244752.951652	136403.612872	161007.799724	41334.1231877	16266.7803613	4798.31356622	0.0510223759777	0.292714090181	9745.02934146	0.856171713799	9978.06814332	29.966009983	9745.02934146	0.856171713799	10279.6059321	50.0860452572	4.690361022949219	2.788472414016724	3.2833187580108643	2.2086877822875977	3.8684778213500977	4.637044906616211	3.0590147972106934	3.2164595127105713	0.8204765319824219	0.08112384378910065
Glucose	Glucose,	97	7	7	563,569	b4	4	biology	0	7		$,	0	0	0	0	0	0	0	0	1	0	0	0	NN	Glucose	7.0	nn	Glucose	7.0	glu-co-se	3.0	0.457804423776	0.457804423776	0.457804423776	1.88844324807	7.27745956729	1.00854743955	0.806958464917	9667.4069664	27533.1980582	1659188.73933	4064968.02199	204605.787186	361834.433514	153618.138316	223470.663276	15129.6759234	811.580967327	18.5329040839	0.0111714634286	0.302189512036	1.20173661241	0.428085856899	1.20173661241	0.428085856899	1.20173661241	0.428085856899	1.24261200739	1.2842575707	9.879891395568848	2.815990924835205	7.60646390914917	2.593184232711792	10.760300636291504	6.258378028869629	8.040821075439453	4.009912967681885	24.526389048114652	23.988010308821686
wirkt	wirkt	98	8	7	571,575	b4	4	biology	0	5			0	0	1	0	0	0	0	0	0	0	0	0	VVFIN	wirkt	5.0	vvfin	wirken	6.0	wirkt	1.0	50.1949850354	50.1949850354	152.407997722	123.885147105	12.842575707	255.162502206	94.4451772593	94.8636166695	27.3974948416	1100709.0434	2658196.13182	160635.675177	173703.541982	139824.638179	97416.0737678	34258.3961147	10849.3026621	4840.94660319	0.0508493720482	0.267033494242	0.0	0.0	71.303039003	5.13703028279	0.0	0.0	101.959585238	8.13363128109	9.255619049072266	4.429508209228516	9.221693992614746	4.087023735046387	7.879120349884033	7.888827800750732	10.508337020874023	10.644742012023926	0.9795305132865906	0.034370411187410355
ebenfalls	ebenfalls	99	9	7	576,584	b4	4	biology	0	9			0	0	0	0	0	0	0	0	0	0	0	0	ADV	ebenfalls	9.0	adv	ebenfalls	9.0	e-ben-falls	3.0	111.63070369	111.63070369	116.298673797	118.628571311	8.98980299489	615.340006556	210.771343663	13208.9656386	31941.6262126	3011319.34518	7035284.54867	407850.677146	798973.878201	141995.236104	177290.901463	45007.5949345	655.477833899	586.561917962	0.0179919402622	0.228798679957	0.0	0.0	4.6843202647	1.2842575707	0.0	0.0	4.74972089667	3.4246868552	7.240034580230713	5.740823745727539	8.257678031921387	1.834575653076172	8.670633316040039	7.242542743682861	8.443798065185547	5.84477424621582	7.307101249694824	5.726719379425049
nicht	nicht	100	10	7	585,589	b4	4	biology	0	5			0	0	0	0	0	0	0	0	0	0	0	0	PTKNEG	nicht	5.0	ptkneg	nicht	5.0	nicht	1.0	6706.81845815	6717.74853877	6860.93504739	6723.92889849	4.70894442589	5491.16260306	11339.5044965	6998.07199754	2410.97954606	1471456.9038	3287078.22841	327844.187442	506392.606101	205577.542476	183411.244959	21439.2836433	8395.39737493	7474.8017292	0.0550971405892	0.222071097484	0.0	0.0	345.339862028	15.8391767053	0.0	0.0	1003.60539786	23.5447221295	5.401185989379883	0.108656495809555	5.068687915802002	0.0413989163935184	7.065330982208252	5.6286940574646	6.268604278564453	2.8151519298553467	5.490922927856445	0.2679300010204315
reduzierend	reduzierend	101	11	7	590,600	b4	4	biology	0	11			0	0	0	0	0	0	0	0	0	0	0	0	ADJD	reduzierend	11.0	adjd	reduzierend	11.0	re-du-zie-rend	4.0	0.12262618494	0.16350157992	0.482329660764	4.83147168663	13.6987474208	1.51282115933	0.310368640353	14569.5930863	39216.5172647	4506735.07562	9314035.65099	632396.274986	1254903.2954	120486.243562	163205.592514	4443.89936651	2162.46372094	168.275826054	0.00325555515	0.2937316516	0.0	0.0	0.032700315984	0.428085856899	5.92693227209	0.428085856899	6.08225877302	1.2842575707	8.724470138549805	0.0888170376420021	7.318521976470947	0.0385931208729743	10.334836959838867	1.5754832029342651	12.012441635131836	2.330705404281616	3.5021171443513595	0.06462415847636294
und	und	102	12	7	601,603	b4	4	biology	0	3			0	0	0	0	0	0	0	0	0	0	0	0	KON	und	3.0	kon	und	3.0	und	1.0	22313.7473183	22313.7473183	23398.5884761	22313.7473183	0.428085856899	9064.0679761	29467.6401896	23513.5137367	723.037012303	869972.90787	1656300.13956	195202.966651	251153.263298	160187.509171	58920.0250002	32509.3788389	28906.6542257	22352.5789435	0.120238001286	0.419307858966	0.0	0.0	2201.34439665	22.6885504157	0.0	0.0	2454.42031712	42.8085856899	1.0408248901367188	0.5623600482940674	1.0276998281478882	0.3413650095462799	1.2643197774887085	0.8497146368026733	1.7282429933547974	0.679144024848938	0.010641024447977543	0.007242732681334019
ist	ist	103	13	7	604,606	b4	4	biology	0	3			0	0	0	0	0	0	0	0	0	0	0	0	VAFIN	ist	3.0	vafin	sein	4.0	ist	1.0	6193.1128442	6201.98280491	17044.4184006	6201.98280491	0.428085856899	5647.61352462	10628.2947571	6392.98535058	321.920564388	917956.027182	2251465.76597	202181.475685	311508.232091	153618.244592	108375.49979	37971.7622471	6331.86028492	6216.50992029	0.0707295422332	0.285080866351	0.0	0.0	174.505236248	21.8323787019	0.0	0.0	350.048707529	42.380499833	1.4572999477386477	2.003272294998169	1.4712390899658203	1.7363361120224	1.74062180519104	1.7480878829956055	1.773569107055664	1.6259067058563232	0.0038191964849829674	0.017453063279390335
hauptsächlich	hauptsächlich	104	14	7	607,619	b4	4	biology	0	13			0	0	0	0	0	0	0	0	0	0	0	0	ADV	hauptsächlich	13.0	adv	hauptsächlich	13.0	haupt-säch-lich	3.0	0.547730292732	34.613284469	40.785469111	35.7496204495	14.9830049915	263.987292302	65.4412278183	7389.33945337	9841.26576426	2474613.68603	6163384.5324	469036.753414	932693.344977	174652.804599	156500.055651	17646.9952984	8376.95439672	78.0393040957	0.0118144202537	0.194855652166	0.0	0.0	1.48786437727	0.856171713799	0.0	0.0	2.33807259285	2.9966009983	6.650726795196533	6.138849258422852	7.050973415374756	6.225073337554932	7.814663887023926	6.898691177368164	6.118119239807129	5.623115539550781	3.789059638977051	2.5172243118286133
in	in	105	15	7	620,621	b4	4	biology	0	2			0	0	0	0	0	0	0	0	0	0	0	0	APPR	in	2.0	appr	in	2.0	in	1.0	13129.4221199	13165.4578681	14298.1641135	0.0	0.0	8527.89894355	19687.5208529	18583.5486983	15158.092107	842500.587604	1735372.30627	309490.415689	350022.68855	273957.116004	252232.89583	37971.7622471	15391.66268	-0.00817507899599	0.0682365415668	0.281559937821	0.0	0.0	9683.14399346	42.380499833	0.0	0.0	17389.6438116	75.7711966712	0.8912625312805176	2.916362762451172	0.6884721517562866	2.904099702835083	1.1671221256256104	1.2453787326812744	0.612858772277832	0.8808751702308655	0.12040305137634277	0.06333700567483902
Speicherorganen	Speicherorganen	106	16	7	622,636	b4	4	biology	0	15			0	0	0	0	0	0	0	0	1	0	0	0	NN	Speicherorganen	15.0	nn	Speicherorgan	13.0	spei-cher-or-ga-nen	5.0	0.024525236988	0.024525236988	0.032700315984	13.9793850831	143.408762061	0.126068429944	0.0465552960529	17328.0364162	41157.030454	5214631.45064	11728043.0483	1009330.96159	2006297.57104	460706.511419	718725.759638	26995.0755041	1649.89444297	240.568049615	1.314e-06	0.000437130333333	0.0	0.0	0.0	0.0	0.0	0.0	0.00817507899599	0.428085856899	11.682024955749512	5.720266342163086	11.041850090026855	4.6368408203125	18.611936569213867	17.341154098510742	15.873560905456543	14.686868667602539	9.367237537167966	6.322316635400057
zu	zu	107	17	7	637,638	b4	4	biology	0	2			0	0	0	0	0	0	0	0	0	0	0	0	PTKZU	zu	2.0	ptkzu	zu	2.0	zu	1.0	5677.21630908	8897.95218113	9058.93583672	0.0	0.0	7088.44961045	13807.9438853	16158.8284432	13822.8923193	227861.336305	547892.533326	51760.5780638	28442.4524183	57219.5279387	16021.5412803	19838.2434724	15326.7362026	-0.00817507899599	0.0592554444736	0.308475260123	0.0	0.0	1383.3868677	35.9592119796	0.0	0.0	4752.13254498	50.5141311141	1.827423334121704	1.840745210647583	3.090275764465332	2.663769483566284	3.7446212768554688	3.0781452655792236	2.6760661602020264	3.079573631286621	3.6000557884108275e-05	3.290122185717337e-05
finden	finden.	108	18	7	639,644	b4	4	biology	0	6		$.	0	0	0	0	1	1	0	0	0	0	0	0	VVINF	finden	6.0	vvinf	finden	6.0	fin-den	2.0	136.564694628	207.753282525	684.180536254	343.508644333	16.2672625622	915.508938252	391.545558237	24279.9273925	23573.4038819	2374327.91552	4765907.24236	627046.773069	956842.096251	390042.673667	519570.373034	12864.091756	837.021813163	498.876020651	0.0281130423236	0.267115631873	0.0	0.0	213.721090192	11.5583181363	0.0	0.0	237.649546414	14.9830049915	0.297914981842041	0.1656778901815414	0.269443929195404	0.2051732391119003	0.32629120349884033	0.2502572536468506	0.34411394596099854	0.2833678424358368	30.243369035422802	28.466675512492657
Das	Das	109	1	8	646,648	b4	4	biology	0	3			0	0	0	1	0	0	0	0	0	0	0	0	ART	Das	3.0	art	d	1.0	das	1.0	1025.44103386	1740.04103906	80100.3069113	1740.04103906	0.428085856899	4030.78591059	3283.94850984	9530.4416929	290.670296835	534766.342386	1447841.16302	107744.769815	172544.285482	102628.919831	139156.585245	19121.5915224	4160.8290812	1825.47061457	0.0254258224001	0.0443506865775	7683.24989344	0.428085856899	9528.85572757	34.246868552	7683.24989344	0.428085856899	9963.39387652	44.0928432606	13.94394302368164	4.14100980758667	16.300827026367188	4.07893705368042	3.379636764526367	5.27050256729126	3.4460103511810303	6.067991733551025	0.02011355571448803	0.11304999887943268
am	am	110	2	8	649,650	b4	4	biology	0	2			0	0	0	0	0	0	0	0	0	0	0	0	PTKA	am	2.0	ptka	am	2.0	am	1.0	18.5083788469	1474.58804898	1784.21916595	0.0	0.0	4486.7754217	2615.11960831	2154.98352366	1998.30478001	351161.442057	917762.56646	82561.7332711	74007.0548549	76871.8292394	45987.9793491	41334.1231877	1762.35082964	-0.00817507899599	0.0458989277095	0.257271069198	10228.6424896	1.2842575707	11986.0882719	39.8119846916	10228.6424896	1.2842575707	12616.1089098	64.6409643918	7.3985595703125	7.9520673751831055	8.217537879943848	6.613866806030273	7.3829426765441895	7.809346675872803	7.503294944763184	7.663119316101074	0.0002694958820939064	9.595887240720913e-05
häufigsten	häufigsten	111	3	8	651,660	b4	4	biology	0	10			0	0	0	0	0	0	0	0	0	0	0	0	ADJD	häufigsten	10.0	adja	häufig	6.0	häu-fig-sten	3.0		5.55087863828	118.366968783	12.29531881	6.42128785349	45.3846347798	10.5059784759	3407.83072995	9783.04608772	2777678.19532	6364971.01859	560485.991115	1128527.6415	381740.807371	551457.204257	17646.9952984	1010.43158883	128.553117212	0.00181390830191	0.126946491001	0.0	0.0	0.0735757109639	0.856171713799	0.0	0.0	1.46333914028	1.2842575707	3.027034044265747	1.5139150619506836	2.7788398265838623	2.052027463912964	3.463733673095703	0.8533246517181396	2.996563196182251	0.7750075459480286	0.38190963864326477	0.4488118290901184
in	in	112	4	8	661,662	b4	4	biology	0	2			0	0	0	0	0	0	0	0	0	0	0	0	APPR	in	2.0	appr	in	2.0	in	1.0	13129.4221199	13165.4578681	14298.1641135	0.0	0.0	8527.89894355	19687.5208529	18583.5486983	15158.092107	842500.587604	1735372.30627	309490.415689	350022.68855	273957.116004	252232.89583	37971.7622471	15391.66268	-0.00817507899599	0.0682365415668	0.281559937821	0.0	0.0	9683.14399346	42.380499833	0.0	0.0	17389.6438116	75.7711966712	3.850419998168945	2.058523178100586	3.8323261737823486	2.0603737831115723	4.903109550476074	4.701829433441162	4.493758201599121	3.8280675411224365	0.001341158407740295	0.0009054613183252513
der	der	113	5	8	663,665	b4	4	biology	0	3			0	0	0	0	0	0	0	0	0	0	0	0	ART	der	3.0	art	d	1.0	der	1.0	24738.5901996	26530.3631386	80100.3069113	26530.3631386	0.428085856899	9372.80956103	30912.3596552	38163.5169	19310.096833	1332151.97174	2710999.66609	487983.455471	535760.152056	398226.025843	178781.068331	110461.430317	53801.2331077	27238.2432288	0.129811235347	0.318759302208	0.0	0.0	25590.4497812	36.8153836934	0.0	0.0	33289.1996244	55.22307554	1.243148922920227	0.9246220588684082	1.4530941247940063	1.0912182331085205	1.8387436866760254	1.1368263959884644	1.653293251991272	0.9042366147041321	0.006013988982886076	0.004430478438735008
Biosphäre	Biosphäre	114	6	8	666,674	b4	4	biology	0	9			0	0	0	0	0	0	0	0	1	0	0	0	NN	Biosphäre	9.0	nn	Biosphäre	9.0	bi-o-sphä-re	4.0	0.269777606868	0.269777606868	0.269777606868	2.37077290884	20.9762069881	3.02564231865	0.512108256582	20619.3722705	68520.7065129	2152019.52614	5107300.5762	216081.055647	448883.980171	157528.115098	231607.291158	17498.1271098	1221.8227815	37.8015652775	4.26644242424e-05	0.0444693402727	0.0	0.0	0.0	0.0	0.0	0.0	0.0	0.0	10.492441177368164	7.141129016876221	9.858803749084473	6.877563953399658	9.792620658874512	7.957510948181152	11.16801643371582	8.291215896606445	2.6152926785871387	1.467464143410325
vorkommende	vorkommende	115	7	8	675,685	b4	4	biology	0	11			0	0	0	0	0	0	0	0	0	0	0	0	ADJA	vorkommende	11.0	adja	vorkommend	10.0	vor-kom-men-de	4.0	1.92114356406	1.92114356406	6.35203637989	342.266032325	302.228614971	17.3974433322	3.61579466011	30718.3007817	68581.9227904	3107217.19109	6846973.00491	577849.04957	994097.124119	229043.460903	329075.163315	23102.1601118	13320.2529889	3635.39222889	0.0263186899745	0.285819190319	0.0	0.0	0.114451105944	0.856171713799	3.71148586418	0.428085856899	4.83147168663	2.9966009983	0.8942633271217346	0.4113770425319671	1.615182399749756	0.3713540434837341	3.5405704975128174	1.7218855619430542	2.4596643447875977	0.31113773584365845	0.05221432162215933	0.047149569261819124
Kohlenhydrat	Kohlenhydrat	116	8	8	686,697	b4	4	biology	0	12			0	0	0	0	0	0	0	0	1	0	0	0	NN	Kohlenhydrat	12.0	nn	Kohlenhydrat	12.0	koh-len-hydrat	3.0	0.0981009479519	0.0981009479519	1.28348740237	12.1318172301	89.469944092	0.756410579663	0.170702752194	6190.37419274	16743.7221209	3049040.83556	7018417.53782	370157.047437	826916.754424	119723.459641	188232.775966	13511.0511576	3068.45867559	122.037579252	7.459875e-05	0.215639323917	0.0	0.0	0.0	0.0	0.964659321527	0.856171713799	1.0137097955	1.7123434276	5.001556873321533	2.364297389984131	5.345200538635254	2.5217831134796143	10.221467971801758	6.86746883392334	8.05752182006836	4.451853275299072	0.33549288753420115	0.8169809754472226
ist	ist	117	9	8	698,700	b4	4	biology	0	3			0	0	0	0	0	0	0	0	0	0	0	0	VAFIN	ist	3.0	vafin	sein	4.0	ist	1.0	6193.1128442	6201.98280491	17044.4184006	6201.98280491	0.428085856899	5647.61352462	10628.2947571	6392.98535058	321.920564388	917956.027182	2251465.76597	202181.475685	311508.232091	153618.244592	108375.49979	37971.7622471	6331.86028492	6216.50992029	0.0707295422332	0.285080866351	0.0	0.0	174.505236248	21.8323787019	0.0	0.0	350.048707529	42.380499833	0.4359632134437561	0.5173601508140564	0.1597179025411605	0.2754945755004883	0.9762518405914307	0.7596174478530884	0.5838974714279175	0.8316025733947754	0.028114836663007736	0.08944549411535263
unbestritten	unbestritten	118	10	8	701,712	b4	4	biology	0	12			0	0	0	0	0	0	0	0	0	0	0	0	ADJD	unbestritten	12.0	adjd	unbestreiten	12.0	un-be-strit-ten	4.0	2.46069877779	2.46069877779	4.38184234185	44.1290764204	109.161893509	30.1303547566	4.65552960529	49158.4013689	111073.724946	4560163.63958	10420667.5571	765302.82614	1546243.54661	436433.23854	587994.760229	32509.3788389	28906.6542257	370.102176307	0.00952871359136	0.141331190618	0.0	0.0	0.24525236988	0.428085856899	0.0	0.0	0.882908531567	1.2842575707	8.544249534606934	10.864456176757812	9.420624732971191	10.768077850341797	10.581209182739258	12.080787658691406	11.391036033630371	12.091897010803223	1.140114665031433	1.9613432008773088
die	die	119	11	8	713,715	b4	4	biology	0	3			0	0	0	0	0	0	0	0	0	0	0	0	ART	die	3.0	art	d	1.0	die	1.0	20527.116504	24520.1275636	80100.3069113	24520.1275636	0.428085856899	9091.29875697	30440.211361	33694.5118659	1928.95487119	1361337.08551	2613060.47141	356516.797331	303924.26305	343523.065172	189343.230678	110461.430317	29991.8223867	29048.3692201	0.0938387928357	0.266249299869	0.0	0.0	15201.9436218	35.5311261227	0.0	0.0	15852.8515865	58.2196765383	2.238487720489502	1.573716402053833	0.5828395485877991	0.8689042925834656	3.2174596786499023	3.7131900787353516	2.1305365562438965	2.4877138137817383	0.08798523247241974	1.137486457824707
Cellulose	Cellulose.	120	12	8	716,724	b4	4	biology	0	9		$.	0	0	0	0	0	1	0	0	1	0	0	0	NN	Cellulose	9.0	nn	Cellulose	9.0	cel-lu-lo-se	4.0	0.294302843856	0.294302843856	0.302477922852	1.52056469325	12.842575707	1.51282115933	0.512108256582	12222.7568088	40551.2889665	2613254.17219	6334253.71793	239541.022616	506699.54366	149561.835795	226320.858911	2901.18020918	86.8193389374	16.6035854409	0.0559383860833	0.176151978639	3.91586283908	0.428085856899	3.97308839205	1.7123434276	3.91586283908	0.428085856899	3.97308839205	1.7123434276	5.194797992706299	4.312994003295898	3.462085962295532	2.944976806640625	9.98181438446045	8.012405395507812	5.149167060852051	4.944934844970703	27.65456543234177	23.589995656511746
Sie	Sie	121	1	9	726,728	b4	4	biology	0	3			0	0	0	1	0	0	0	0	0	0	0	0	PPER	Sie	3.0	nn	Sie	3.0	sie	1.0	0.907433768555	2242.86562287	1.56961516723	2242.86562287	0.428085856899	2366.5565669	3859.83752202	8142.13342764	4056.96966584	1170614.74885	2465646.10998	241036.138288	351863.029649	206507.506762	258614.799784	26995.0755041	3872.82104817	2496.18679572	0.0556963133072	0.151365669783	36592.7326965	1.7123434276	37354.0124028	31.6783534106	36592.7326965	1.7123434276	37424.0319544	46.2332725451	15.275623321533203	0.7453995943069458	16.26304054260254	1.4669426679611206	3.9631690979003906	2.728696823120117	4.03070068359375	3.7065227031707764	2.578493356704712	3.187894582748413
ist	ist	122	2	9	729,731	b4	4	biology	0	3			0	0	0	0	0	0	0	0	0	0	0	0	VAFIN	ist	3.0	vafin	sein	4.0	ist	1.0	6193.1128442	6201.98280491	17044.4184006	6201.98280491	0.428085856899	5647.61352462	10628.2947571	6392.98535058	321.920564388	917956.027182	2251465.76597	202181.475685	311508.232091	153618.244592	108375.49979	37971.7622471	6331.86028492	6216.50992029	0.0707295422332	0.285080866351	0.0	0.0	174.505236248	21.8323787019	0.0	0.0	350.048707529	42.380499833	4.550022602081299	0.9176344275474548	4.014615058898926	0.7770664691925049	3.9706106185913086	1.030089259147644	4.0217790603637695	1.32981276512146	0.031884584575891495	0.058827631175518036
ein	ein	123	3	9	732,734	b4	4	biology	0	3			0	0	0	0	0	0	0	0	0	0	0	0	ART	ein	3.0	art	eine	4.0	ein	1.0	4621.55200817	4999.44503476	17543.4333976	4999.44503476	0.428085856899	5809.23325181	8404.82933604	11022.7206128	11717.9941609	1614569.79583	3344143.78548	401662.305848	493686.589782	324158.412201	289382.186491	45007.5949345	21503.4825387	20569.6023896	0.0272545875843	0.196343258894	0.0	0.0	1145.39396797	31.6783534106	13165.4578681	0.428085856899	22077.4630101	57.7915906814	2.709932327270508	0.6841518878936768	2.8093340396881104	0.8849422335624695	2.737222671508789	1.805492877960205	3.0334434509277344	1.9157735109329224	0.0005571481888182461	0.0022273273207247257
lineares	lineares	124	4	9	735,742	b4	4	biology	0	8			0	0	0	0	0	0	0	0	1	0	0	0	ADJA	lineares	8.0	adja	linear	6.0	li-ne-a-res	4.0	0.237077290884	0.237077290884	7.08779348953	4.07118934	14.5549191346	2.52136859888	0.450034528511	37457.9830574	97078.3140267	3409040.47814	7731614.14053	336370.32068	671492.478531	125072.332077	187786.710503	7813.184599	1588.18894671	203.731143659	0.00431098306897	0.209294253414	2.68142591069	0.856171713799	2.73865146366	1.7123434276	4.86417200262	1.2842575707	4.92139755559	2.1404292845	11.814933776855469	7.805653572082519	14.132705688476562	3.605686902999878	13.434500694274902	11.516472816467285	12.564803123474121	8.583881378173828	0.462168280268088	0.431585626443848
Polymer	Polymer	125	5	9	743,749	b4	4	biology	0	7			0	0	0	0	0	0	0	1	0	0	0	0	NN	Polymer	7.0	nn	Polymer	7.0	poly-mer	2.0	0.147151421928	0.147151421928	0.972834400523	285.285731723	67.2094795332	0.882479009606	0.2638133443	2451.03583442	5829.67319926	1517644.38336	3689607.35965	322777.551433	564996.703739	207798.654214	192812.438463	10343.3797233	1242.11332757	670.789756858	0.0163409156667	0.192050592833	0.0	0.0	0.138976342932	1.2842575707	0.825682978595	0.856171713799	0.964659321527	2.1404292845	7.410418510437012	0.6222496628761292	7.500471115112305	1.069944143295288	8.513442993164062	3.9091403484344482	8.650592803955078	3.9398839473724365	0.43758073449134827	1.1326831579208374
aus	aus	126	6	9	750,752	b4	4	biology	0	3			0	0	0	0	0	0	0	0	0	0	0	0	APPR	aus	3.0	appr	aus	3.0	aus	1.0	2366.71806966	2877.24357788	3047.3996721	2877.24357788	0.428085856899	4921.08116286	5006.30824262	7041.84954557	10996.2414062	691880.798486	1839111.63623	154052.594714	244752.951652	136403.612872	161007.799724	41334.1231877	16266.7803613	4798.31356622	0.0510223759777	0.292714090181	9745.02934146	0.856171713799	9978.06814332	29.966009983	9745.02934146	0.856171713799	10279.6059321	50.0860452572	3.213568687438965	0.6014888882637024	3.102144479751587	0.7685769200325012	3.756880760192871	2.156130075454712	3.687087059020996	2.7564260959625244	0.8245633840560913	0.2320842146873474
β-D-Glucose	β-D-Glucose	127	7	9	753,763	b4	4	biology	0	11			0	0	0	0	0	0	0	1	0	1	1	0	NN	β-D-Glucose	11.0	nn	β-D-Glucose	11.0																															16.363557815551758	7.627389907836914	15.428056716918944	8.164191246032715	30.528175354003906	27.731691360473633	19.819093704223633	17.409631729125977	57.36072318535298	60.89912417065352
und	und	128	8	9	764,766	b4	4	biology	0	3			0	0	0	0	0	0	0	0	0	0	0	0	KON	und	3.0	kon	und	3.0	und	1.0	22313.7473183	22313.7473183	23398.5884761	22313.7473183	0.428085856899	9064.0679761	29467.6401896	23513.5137367	723.037012303	869972.90787	1656300.13956	195202.966651	251153.263298	160187.509171	58920.0250002	32509.3788389	28906.6542257	22352.5789435	0.120238001286	0.419307858966	0.0	0.0	2201.34439665	22.6885504157	0.0	0.0	2454.42031712	42.8085856899	1.627049207687378	1.308464765548706	3.163890838623047	1.9829736948013303	1.311069130897522	1.442502737045288	0.8562301993370056	1.3972349166870117	0.016277743503451347	0.008665813133120537
liegt	liegt	129	9	9	767,771	b4	4	biology	0	5			0	0	0	0	0	0	0	0	0	0	0	0	VVFIN	liegt	5.0	vvfin	liegen	6.0	liegt	1.0	239.488939188	239.488939188	637.370033923	356.335343277	17.123434276	950.429893346	449.817270463	272.884136886	28.6817524123	1720959.19477	3993142.92074	220400.898189	294037.192099	106583.663346	104100.206337	7813.184599	1588.18894671	1203.15090108	0.0433434942226	0.231067183012	0.0	0.0	70.8207093423	9.84597470869	0.0	0.0	130.425210302	15.8391767053	7.408123970031738	6.149737358093262	6.4963698387146	5.413006782531738	5.469338417053223	5.741081237792969	5.977350234985352	5.839564323425293	3.70155668258667	3.0053887367248535
hauptsächlich	hauptsächlich	130	10	9	772,784	b4	4	biology	0	13			0	0	0	0	0	0	0	0	0	0	0	0	ADV	hauptsächlich	13.0	adv	hauptsächlich	13.0	haupt-säch-lich	3.0	0.547730292732	34.613284469	40.785469111	35.7496204495	14.9830049915	263.987292302	65.4412278183	7389.33945337	9841.26576426	2474613.68603	6163384.5324	469036.753414	932693.344977	174652.804599	156500.055651	17646.9952984	8376.95439672	78.0393040957	0.0118144202537	0.194855652166	0.0	0.0	1.48786437727	0.856171713799	0.0	0.0	2.33807259285	2.9966009983	5.450446128845215	3.659992694854736	5.819134712219238	4.588336944580078	6.13985538482666	4.850804805755615	5.886815071105957	5.320440769195557	4.767531394958496	4.263221263885498
extrazellulär	extrazellulär	131	11	9	785,797	b4	4	biology	0	13			0	0	0	0	0	0	0	0	1	0	0	0	ADJD	extrazellulär	13.0	adjd	extrazellulär	13.0	ex-tra-zel-lu-lär	5.0	0.0572255529719	0.0572255529719	0.53138013474	1.51238961426	18.8357777036	0.378205289831	0.0931105921058	2888.15730834	13795.9229103	3507723.44267	8528638.51574	264827.686462	485574.362794	169450.298777	137530.71516	45007.5949345	251.52265547	89.8768184819	0.0158887848571	0.240556664143	0.0	0.0	0.04087539498	1.2842575707	0.0817507899599	0.428085856899	0.12262618494	1.7123434276	9.63711929321289	7.870793342590332	12.666934967041016	10.031392097473145	17.804285049438477	16.25084114074707	15.587224960327148	13.343660354614258	0.7722048837167677	0.07743370345974654
vor	vor.	132	12	9	798,800	b4	4	biology	0	3		$.	0	0	0	0	0	1	0	0	0	0	0	0	PTKVZ	vor	3.0	ptkvz	vor	3.0	vor	1.0	280.200832588	1691.52194522	1804.03555744	1691.52194522	0.428085856899	3865.25806208	3063.60229362	5856.55301702	9583.98616427	488464.019315	1308682.86544	168980.011008	165765.974024	154755.201878	101413.539499	23102.1601118	13320.2529889	3635.39222889	0.0368451466493	0.258463732073	7955.34104766	0.428085856899	9241.5262261	25.685151414	7955.34104766	0.428085856899	9301.84195893	37.6715554072	1.0040801763534546	0.8570967316627502	0.7136585712432861	0.4934092164039612	1.7994499206542969	1.4630329608917236	1.027904987335205	0.7041528820991516	29.86760792694986	26.812739230692387
Dieses	Dieses	133	1	10	802,807	b4	4	biology	0	6			0	0	0	1	0	0	0	0	0	0	0	0	PDAT	Dieses	6.0	pdat	diese	5.0	die-ses	2.0	72.1614222976	84.7755691884	4932.97346745	345.527888845	26.9694089847	509.442525403	160.817510999	34799.6190446	5123.75962123	2473910.67011	5495608.26719	308329.807899	536669.406416	133900.935063	192849.253846	19121.5915224	6400.40832231	5199.86527143	0.0035875798776	0.0175299729625	647.180128718	0.856171713799	679.013886328	8.56171713799	1019.66125301	1.2842575707	1051.59311157	11.5583181363	13.913445472717283	5.453976154327393	17.809955596923828	5.744419097900391	5.412867546081543	6.525411605834961	5.444872856140137	7.174741268157959	1.2796229124069214	1.5330883264541626
Molekül	Molekül	134	2	10	808,814	b4	4	biology	0	7			0	0	0	0	0	0	0	0	1	0	0	0	NN	Molekül	7.0	nn	Molekül	7.0	mo-le-kül	3.0	2.01106943301	2.01106943301	7.44749696535	12.6304970488	36.3872978365	6.68162678702	3.55372093204	11755.8044716	40328.6843209	1321209.89828	3342499.5077	78530.8307204	222981.789228	30911.7149757	78031.9180815	14815.8918663	1405.28790433	62.2859268705	0.0199487032967	0.153572931443	0.0	0.0	0.0735757109639	0.856171713799	3.58068460024	0.428085856899	4.09571457699	2.5685151414	11.042914390563965	4.285987377166748	12.365880012512209	3.6905691623687744	11.050310134887695	2.653043508529663	11.80765151977539	2.268759250640869	0.0008599131069786381	0.0015211297068162821
wird	wird	135	3	10	815,818	b4	4	biology	0	4			0	0	0	0	0	0	0	0	0	0	0	0	VAFIN	wird	4.0	vafin	werden	6.0	wird	1.0	2344.60448097	2347.81728702	8998.09689884	2352.31358046	4.70894442589	4665.03618164	4186.0194446	2383.28895478	15.8391767053	988692.582261	1945833.01227	114090.380583	81194.6163923	94464.2477104	32816.2056182	34258.3961147	10849.3026621	4840.94660319	0.0454900900655	0.324052246465	0.0	0.0	89.680616586	11.5583181363	0.0	0.0	1784.98762338	16.2672625622	2.889002799987793	2.571415901184082	3.565887928009033	3.423966407775879	2.796034336090088	2.1814322471618652	2.7337896823883057	1.8989956378936768	0.03584687039256096	0.02974509447813034
durch	durch	136	4	10	819,823	b4	4	biology	0	5			0	0	0	0	0	0	0	0	0	0	0	0	APPR	durch	5.0	appr	durch	5.0	durch	1.0	2265.55146708	2302.17582098	2421.46657369	2302.66632572	6.84937371039	4479.71558962	3888.06554986	3354.08776063	2913.1242562	1088066.18564	2327777.207	307334.132327	365429.926626	203764.587907	61067.3036584	110461.430317	3873.65490622	2945.03133291	0.0339580104325	0.23931799428	0.0	0.0	119.413378894	9.41788885179	0.0	0.0	139.7284502	15.8391767053	3.140223264694214	3.0577754974365234	4.016057968139648	2.682816982269287	3.011765480041504	3.321556568145752	2.96748948097229	3.6383414268493652	2.1360011100769043	2.9220292568206787
membranständige	membranständige	137	5	10	824,838	b4	4	biology	0	15			0	0	0	0	0	0	0	1	0	0	0	0	ADJA	membranständige	15.0	adja	membranständig	14.0	mem-bran-stän-di-ge	5.0	0.04087539498	0.04087539498	0.0899258689559	0.212552053896	2.9966009983	0.378205289831	0.0775921600881	47753.0644141	114264.676924	4663620.31068	10352237.6048	512918.321143	1041457.54673	191365.134941	279861.128948	21052.512481	3656.05882859	4.19381552494	0.0002075014	0.3335807282	0.0	0.0	0.024525236988	0.428085856899	0.0	0.0	0.049050473976	1.7123434276	12.587376594543455	12.252925872802734	14.134062767028809	11.672025680541992	21.408798217773438	20.578739166259766	18.043842315673828	16.407001495361328	0.09689881699159741	0.12255609035491943
Cellulose-Synthasekomplexe	Cellulose-Synthasekomplexe	138	6	10	839,864	b4	4	biology	0	26			0	0	0	0	0	0	0	1	0	0	1	0	NN	Cellulose-Synthasekomplexe	26.0	nn	Cellulose-Synthasekomplex	25.0	cel-lu-lo-se-syn-tha-se-kom-ple-xe	10.0																													23.44555282592773	14.445780754089355	19.401531219482425	13.908443450927734	29.34674072265625	26.724163055419922	29.284055709838867	25.354862213134766	28.3681071040628	29.861477132246364
synthetisiert	synthetisiert,	139	7	10	865,877	b4	4	biology	0	13		$,	0	0	0	0	0	0	0	0	1	0	0	0	VVPP	synthetisiert	13.0	vvpp	synthetisieren	14.0	synthe-ti-siert	3.0	1.08728550647	1.09546058546	1.58596532522	7.99522725808	11.5583181363	3.52991603843	2.06395145834	10734.1648495	49371.5699621	4685912.84367	10800505.9975	568860.623789	1080005.39388	170199.454842	199481.159941	48925.779496	131.01381599	25.8577748643	0.0893324232985	0.450866518463	0.0	0.0	0.00817507899599	0.428085856899	0.0	0.0	0.138976342932	0.856171713799	3.209261178970337	3.784802198410034	3.9638864994049072	3.536720037460327	7.413389682769775	7.7354278564453125	6.0578718185424805	6.332603454589844	27.112158148533354	27.3548176160881
die	die	140	8	10	879,881	b4	4	biology	0	3			0	0	1	0	0	0	0	0	0	0	0	0	PRELS	die	3.0	prels	die	3.0	die	1.0	3918.55244007	24520.1275636	10789.1994813	24520.1275636	0.428085856899	9091.29875697	30440.211361	33694.5118659	1928.95487119	1361337.08551	2613060.47141	356516.797331	303924.26305	343523.065172	189343.230678	110461.430317	29991.8223867	29048.3692201	0.0938387928357	0.266249299869	0.0	0.0	15201.9436218	35.5311261227	0.0	0.0	15852.8515865	58.2196765383	0.6696842908859253	1.1165931224822998	0.742638885974884	0.6589248776435852	0.34495407342910767	0.5077860355377197	0.516331672668457	0.7819535732269287	0.10484179854393005	0.08662110567092896
in	in	141	9	10	882,883	b4	4	biology	0	2			0	0	0	0	0	0	0	0	0	0	0	0	APPR	in	2.0	appr	in	2.0	in	1.0	13129.4221199	13165.4578681	14298.1641135	0.0	0.0	8527.89894355	19687.5208529	18583.5486983	15158.092107	842500.587604	1735372.30627	309490.415689	350022.68855	273957.116004	252232.89583	37971.7622471	15391.66268	-0.00817507899599	0.0682365415668	0.281559937821	0.0	0.0	9683.14399346	42.380499833	0.0	0.0	17389.6438116	75.7711966712	1.9867690801620483	2.16508412361145	2.807935237884521	2.7727882862091064	2.1892662048339844	2.3469159603118896	1.9996565580368042	2.3832900524139404	0.8354166150093079	0.7625375986099243
der	der	142	10	10	884,886	b4	4	biology	0	3			0	0	0	0	0	0	0	0	0	0	0	0	ART	der	3.0	art	d	1.0	der	1.0	24738.5901996	26530.3631386	80100.3069113	26530.3631386	0.428085856899	9372.80956103	30912.3596552	38163.5169	19310.096833	1332151.97174	2710999.66609	487983.455471	535760.152056	398226.025843	178781.068331	110461.430317	53801.2331077	27238.2432288	0.129811235347	0.318759302208	0.0	0.0	25590.4497812	36.8153836934	0.0	0.0	33289.1996244	55.22307554	1.5088638067245483	1.3977407217025757	2.023386240005493	1.2656116485595703	1.2256921529769897	1.1530611515045166	1.2734673023223877	1.3116251230239868	1.0452910661697388	0.9808207154273987
Membran	Membran	143	11	10	887,893	b4	4	biology	0	7			0	0	0	0	0	0	0	0	1	0	0	0	NN	Membran	7.0	nn	Membran	7.0	mem-bran	2.0	2.6487255947	2.6487255947	2.66507575269	5.46912784832	10.7021464225	7.81624265651	4.87278765354	111.573478137	799.664380688	2029907.92973	4619018.57036	300600.180782	532708.327982	225107.421969	306170.001455	14815.8918663	2763.16035049	34.9893381028	0.0502180286667	0.219692604093	0.0	0.0	0.016350157992	0.428085856899	0.0	0.0	0.359703475824	2.5685151414	2.452502489089966	3.7239410877227774	3.1702303886413574	2.4315168857574463	6.010653018951416	6.755636692047119	3.695207118988037	4.799028396606445	0.0003753202023517588	0.0005878874206928231
zirkulieren	zirkulieren	144	12	10	894,904	b4	4	biology	0	11			0	0	0	0	0	0	0	0	0	0	0	0	VVFIN	zirkulieren	11.0	vvfin	zirkulieren	11.0	zir-ku-lie-ren	4.0	0.171676658916	0.637656161687	1.25896216538	1.18538645442	4.28085856899	8.0683795164	1.21043769738	11214.810444	28258.8035856	3885772.38437	8683710.47697	735320.053566	1360901.20635	381141.230727	531941.198127	19838.2434724	385.242422607	8.73915944672	0.0507187621429	0.307994182506	0.0	0.0	0.016350157992	0.428085856899	0.0	0.0	0.130801263936	1.2842575707	9.233131408691406	9.631065368652344	14.810215950012209	10.89694881439209	6.12018346786499	5.945596218109131	6.8231201171875	6.769468307495117	0.009234757162630558	0.019583299988880754
und	und	145	13	10	905,907	b4	4	biology	0	3			0	0	0	0	0	0	0	0	0	0	0	0	KON	und	3.0	kon	und	3.0	und	1.0	22313.7473183	22313.7473183	23398.5884761	22313.7473183	0.428085856899	9064.0679761	29467.6401896	23513.5137367	723.037012303	869972.90787	1656300.13956	195202.966651	251153.263298	160187.509171	58920.0250002	32509.3788389	28906.6542257	22352.5789435	0.120238001286	0.419307858966	0.0	0.0	2201.34439665	22.6885504157	0.0	0.0	2454.42031712	42.8085856899	1.1185495853424072	0.9584261178970336	1.3928574323654177	0.9624686241149902	1.2763110399246216	1.768600583076477	1.2602272033691406	1.681864857673645	0.03502730652689934	0.03686593100428581
in	in	146	14	10	908,909	b4	4	biology	0	2			0	0	0	0	0	0	0	0	0	0	0	0	APPR	in	2.0	appr	in	2.0	in	1.0	13129.4221199	13165.4578681	14298.1641135	0.0	0.0	8527.89894355	19687.5208529	18583.5486983	15158.092107	842500.587604	1735372.30627	309490.415689	350022.68855	273957.116004	252232.89583	37971.7622471	15391.66268	-0.00817507899599	0.0682365415668	0.281559937821	0.0	0.0	9683.14399346	42.380499833	0.0	0.0	17389.6438116	75.7711966712	2.8702409267425537	2.8091471195220947	3.286828756332397	3.463789463043213	2.8245604038238525	3.0484676361083984	3.451329231262207	3.4742543697357178	0.001800108002498746	0.002522027352824807
gewisser	gewisser	147	15	10	910,917	b4	4	biology	0	8			0	0	0	0	0	0	0	0	0	0	0	0	ADJA	gewisser	8.0	adja	gewiß	5.0	ge-wis-ser	3.0	24.9012906218	24.9012906218	285.522809014	593.33905845	64.2128785349	195.406066413	46.9587752853	47228.6249214	103354.908861	2986297.57842	6765786.52214	470705.556815	844185.737892	252049.580186	209840.409593	23747.2147199	15623.9820749	1864.82544485	0.0152361459882	0.155130238212	61.6973211828	0.428085856899	74.2787677576	2.5685151414	139.736625279	0.856171713799	152.358947248	4.28085856899	8.12686538696289	7.86677360534668	7.952030181884766	6.862267971038818	8.645651817321777	8.999467849731445	8.007946014404297	8.013412475585938	4.81749153137207	4.335558891296387
Weise	Weise	148	16	10	918,922	b4	4	biology	0	5			0	0	0	0	0	0	0	0	0	0	0	0	NN	Weise	5.0	nn	Weise	5.0	wei-se	2.0	252.49548987	253.280297454	262.232008954	356.122791223	26.1132372709	1066.79105418	475.267498972	11970.5719719	27927.8932183	2197230.98302	4749440.0637	305363.995515	514439.335953	162274.124509	237654.431973	13240.8075713	4570.94826919	968.428032944	0.086811184636	0.446280519315	0.0	0.0	214.448672223	15.4110908484	0.0	0.0	227.01376864	21.404292845	0.1675816178321838	0.112017385661602	0.139096975326538	0.1322286278009414	0.03369210660457611	0.03347320482134819	0.0646132230758667	0.10436980426311493	0.06755775213241577	0.0514441654086113
die	die	149	17	10	923,925	b4	4	biology	0	3			0	0	0	0	0	0	0	0	0	0	0	0	ART	die	3.0	art	d	1.0	die	1.0	20527.116504	24520.1275636	80100.3069113	24520.1275636	0.428085856899	9091.29875697	30440.211361	33694.5118659	1928.95487119	1361337.08551	2613060.47141	356516.797331	303924.26305	343523.065172	189343.230678	110461.430317	29991.8223867	29048.3692201	0.0938387928357	0.266249299869	0.0	0.0	15201.9436218	35.5311261227	0.0	0.0	15852.8515865	58.2196765383	2.620173454284668	2.9354019165039062	3.969988822937012	4.471323013305664	2.3255844116210938	2.476332187652588	1.564822793006897	1.8543479442596436	0.9407452344894409	0.8369481563568115
Cellulose-Mikrofibrillen	Cellulose-Mikrofibrillen	150	18	10	926,949	b4	4	biology	0	24			0	0	0	0	0	0	0	1	0	0	1	0	NN	Cellulose-Mikrofibrillen	24.0	nn	Cellulose-Mikrofibrille	23.0	cel-lu-lo-se-mi-kro-fi-bril-len	9.0																													11.763276100158691	12.71729564666748	9.33820629119873	10.73673152923584	28.87831687927246	29.559837341308594	21.860471725463867	19.847795486450195	25.490153631544672	25.95864868699573
weben	"""weben"","	151	19	10	951,955	b4	4	biology	0	5	$(	$($,	1	0	0	0	1	0	0	0	0	0	0	0	VVFIN	weben	5.0	vvfin	weben	5.0	we-ben	2.0	0.4087539498	0.972834400523	3.99761362904	1.41428866631	2.1404292845	9.83333753561	1.72254595396	10652.7165375	15490.2867319	2153567.57545	4493097.54364	480304.775447	780184.33377	382979.111112	460317.297237	34258.3961147	9994.2302745	2.63237543671	0.0165407372353	0.263904363403	1238.58986852	5.13703028279	1241.47567141	14.9830049915	1476.01051273	5.99320199659	1479.20696861	19.6919494174	13.107924461364746	14.035295486450195	9.472467422485352	10.136384963989258	17.56658363342285	19.255563735961914	16.365800857543945	18.2325439453125	70.24874925613403	71.87204027175903
die	die	152	20	10	958,960	b4	4	biology	0	3			0	0	1	0	0	0	0	0	0	0	0	0	PRELS	die	3.0	prels	die	3.0	die	1.0	3918.55244007	24520.1275636	10789.1994813	24520.1275636	0.428085856899	9091.29875697	30440.211361	33694.5118659	1928.95487119	1361337.08551	2613060.47141	356516.797331	303924.26305	343523.065172	189343.230678	110461.430317	29991.8223867	29048.3692201	0.0938387928357	0.266249299869	0.0	0.0	15201.9436218	35.5311261227	0.0	0.0	15852.8515865	58.2196765383	1.1491012573242188	1.179936170578003	0.8533610105514526	1.1385259628295898	0.8822876214981079	0.8755484819412231	0.9841035604476929	1.6501556634902954	5.609468460083008	4.612170219421387
die	die	153	21	10	961,963	b4	4	biology	0	3			0	0	0	0	0	0	0	0	0	0	0	0	ART	die	3.0	art	d	1.0	die 	1.0	20527.116504	24520.1275636	80100.3069113	24520.1275636	0.428085856899	9091.29875697	30440.211361	33694.5118659	1928.95487119	1361337.08551	2613060.47141	356516.797331	303924.26305	343523.065172	189343.230678	110461.430317	29991.8223867	29048.3692201	0.0938387928357	0.266249299869	0.0	0.0	15201.9436218	35.5311261227	0.0	0.0	15852.8515865	58.2196765383	1.7144180536270142	2.2780256271362305	1.7431297302246094	2.5486927032470703	2.9105722904205322	2.8583314418792725	1.879612684249878	2.2137258052825928	1.6520081758499146	2.26763653755188
extrazelluläre	extrazelluläre	154	22	10	964,977	b4	4	biology	0	14			0	0	0	0	0	0	0	0	1	0	0	0	ADJA	extrazelluläre	14.0	adja	extrazellulär	13.0	ex-tra-zel-lu-lä-re	6.0	0.0817507899599	0.0817507899599	0.53138013474	1.65136595719	14.9830049915	0.504273719775	0.155184320176	14273.4181494	46016.2330157	4279792.65089	10137409.9949	325657.81979	687938.680982	196555.819599	236115.463317	45007.5949345	251.52265547	89.8768184819	0.1255954369	0.3760508917	0.0	0.0	0.00817507899599	0.428085856899	0.310653001848	0.428085856899	0.44962934478	2.1404292845	6.1966400146484375	3.331063032150269	6.497824668884277	2.688230276107788	11.603875160217285	10.357780456542969	8.249834060668945	7.877422332763672	0.23059971098518872	0.051064360595773906
Matrix	Matrix	155	23	10	978,983	b4	4	biology	0	6			0	0	0	0	0	0	0	1	0	0	0	0	NN	Matrix	6.0	nn	Matrix	6.0	ma-trix	2.0	1.4306388243	1.4306388243	1.4306388243	25.0320918857	51.3703028279	5.79914777741	2.60709657896	4116.81445588	19983.9039718	1251075.24157	3095520.93768	69865.6557386	248732.865864	21976.4272088	65493.2833329	14815.8918663	4446.16386339	255.234141334	0.02390616	0.224159749636	0.0	0.0	0.776632504619	2.9966009983	0.0	0.0	0.817507899599	4.28085856899	0.3943757116794586	0.8055447340011597	0.109066292643547	0.1292626112699508	1.9366061687469482	2.6443309783935547	0.3479771614074707	2.8170664310455322	3.2225403785705566	3.5861334800720215
der	der	156	24	10	984,986	b4	4	biology	0	3			0	0	0	0	0	0	0	0	0	0	0	0	ART	der	3.0	art	d	1.0	der	1.0	24738.5901996	26530.3631386	80100.3069113	26530.3631386	0.428085856899	9372.80956103	30912.3596552	38163.5169	19310.096833	1332151.97174	2710999.66609	487983.455471	535760.152056	398226.025843	178781.068331	110461.430317	53801.2331077	27238.2432288	0.129811235347	0.318759302208	0.0	0.0	25590.4497812	36.8153836934	0.0	0.0	33289.1996244	55.22307554	2.284597396850586	1.7141239643096924	1.5792148113250732	1.4121079444885254	1.7869296073913574	1.9413166046142578	2.953754425048828	2.7336835861206055	0.6578958630561829	0.29914534091949463
Pflanzenzellen	Pflanzenzellen	157	25	10	987,1000	b4	4	biology	0	14			0	0	0	0	0	0	0	0	1	0	0	0	NN	Pflanzenzellen	14.0	nn	Pflanzenzelle	13.0	pflan-zen-zel-len	4.0	0.220727132892	0.220727132892	0.474154581768	9.36046545041	96.3193178024	1.76495801921	0.418997664476	9708.29871153	28535.3470492	4661031.07513	10458092.9631	735028.423973	1592883.50071	374865.54141	579010.52235	10343.3797233	635.972095414	257.71119027	5.45832592593e-05	0.0237084540741	0.0	0.0	0.0	0.0	0.253427448876	0.428085856899	0.253427448876	0.428085856899	2.551978588104248	2.132941722869873	4.735960960388184	5.748002052307129	13.605533599853516	13.300753593444824	8.886993408203125	7.999815940856934	6.736651182174683	3.7119404077529907
ausmachen	ausmachen.	158	26	10	1001,1009	b4	4	biology	0	9		$.	0	0	0	0	1	1	0	0	0	0	0	0	VVFIN	ausmachen	9.0	vvfin	ausmachen	9.0	aus-ma-chen	3.0	1.38976342932	7.84807583615	25.3018694926	221.87981903	294.523069547	76.271400116	14.8976947369	18517.7720127	46959.3061584	2638515.90205	6145285.06237	662334.844908	1224607.23123	451707.237308	606277.451006	41334.1231877	16266.7803613	4798.31356622	0.0420234242583	0.267086606549	0.0	0.0	4.15294012996	1.2842575707	0.0	0.0	5.95963258808	2.5685151414	2.3809032440185547	2.060441017150879	5.332588195800781	5.353881359100342	6.027678966522217	5.572815895080566	5.6978302001953125	5.062127590179443	27.38788326457143	27.006692031398416
