word	word_with_punct	word_index_in_text	word_index_in_sent	sent_index_in_text	word_limit_char_indices	text_id	text_id_numeric	text_domain	text_domain_numeric	word_length	STTS_punctuation_before	STTS_punctuation_after	is_in_quote	is_in_parentheses	is_clause_beginning	is_sent_beginning	is_clause_end	is_sent_end	is_abbreviation	is_expert_technical_term	is_general_technical_term	contains_symbol	contains_hyphen	contains_abbreviation	STTS_PoS_tag	type	type_length_chars	PoS_tag	lemma	lemma_length_chars	syllables	type_length_syllables	annotated_type_frequency_normalized	type_frequency_normalized	lemma_frequency_normalized	familiarity_normalized	regularity_normalized	document_frequency_normalized	sentence_frequency_normalized	cumulative_syllable_corpus_frequency_normalized	cumulative_syllable_lexicon_frequency_normalized	cumulative_character_corpus_frequency_normalized	cumulative_character_lexicon_frequency_normalized	cumulative_character_bigram_corpus_frequency_normalized	cumulative_character_bigram_lexicon_frequency_normalized	cumulative_character_trigram_corpus_frequency_normalized	cumulative_character_trigram_lexicon_frequency_normalized	initial_letter_frequency_normalized	initial_bigram_frequency_normalized	initial_trigram_frequency_normalized	avg_cond_prob_in_bigrams	avg_cond_prob_in_trigrams	neighbors_coltheart_higher_freq_cum_freq_normalized	neighbors_coltheart_higher_freq_count_normalized	neighbors_coltheart_all_cum_freq_normalized	neighbors_coltheart_all_count_normalized	neighbors_levenshtein_higher_freq_cum_freq_normalized	neighbors_levenshtein_higher_freq_count_normalized	neighbors_levenshtein_all_cum_freq_normalized	neighbors_levenshtein_all_count_normalized	sent_surprisal_llama-7b	text_surprisal_llama-7b	sent_surprisal_llama-13b	text_surprisal_llama-13b	sent_surprisal_gpt2-base	text_surprisal_gpt2-base	sent_surprisal_gpt2-large	text_surprisal_gpt2-large	sent_surprisal_bert-base	text_surprisal_bert-base
Ein	Ein	1	1	1	1,3	p0	6	physics	1	3			0	0	0	1	0	0	0	0	0	0	0	0	ART	Ein	3.0	art	eine	4.0	ein	1.0	562.600761425	562.682512215	17543.4333976	562.682512215	0.428085856899	1914.22304027	1063.64884892	11022.7206128	11717.9941609	859102.219201	1783188.21223	290087.985677	383818.354609	242134.778979	287624.465963	14903.9783425	3644.7281691	2977.8869754	0.0101295569273	0.0268804790931	4999.44503476	0.428085856899	5604.89138521	31.2502675537	18164.9029029	0.856171713799	19209.9723014	41.9524139761	15.02270793914795	14.522181510925291	17.756885528564453	17.89818572998047	4.330707550048828	4.330702781677246	4.394437789916992	4.394438743591309	0.26846250891685486	0.6151365637779236
Zyklotron	Zyklotron	2	2	1	4,12	p0	6	physics	1	9			0	0	0	0	0	0	0	1	0	0	0	0	NN	Zyklotron	9.0	nn	Zyklotron	9.0	zyklo-tron	2.0	0.024525236988	0.024525236988	0.032700315984	0.179851737912	2.5685151414	0.378205289831	0.0465552960529	13.0719513146	168.665827618	1554836.77445	4129124.82127	260095.255857	472733.927517	216847.469303	276715.554072	6468.08162623	46.1646710904	8.75550960471	0.000914242666667	0.340667107	0.0	0.0	0.016350157992	0.856171713799	0.0	0.0	0.016350157992	0.856171713799	15.994111061096191	16.013525009155273	13.615550994873049	13.634918212890623	18.974666595458984	18.974672317504883	17.119476318359375	17.119474411010742	0.2975152675062418	0.24064855510368943
besteht	besteht	3	3	1	13,19	p0	6	physics	1	7			0	0	0	0	0	0	0	0	0	0	0	0	VVFIN	besteht	7.0	vvfin	bestehen	8.0	be-steht	2.0	155.972332165	155.972332165	339.952484969	415.17956189	55.22307554	764.983232899	293.825991822	22948.7057039	47222.1508746	2658225.81313	6132165.08703	366240.571467	689562.838723	161725.862836	171367.905547	20337.830725	14068.4280436	3126.49356139	0.0481027197279	0.262672970546	0.0	0.0	22.9883221367	3.8527727121	0.0	0.0	23.5033521135	8.13363128109	4.737643718719482	4.638964653015137	5.549993991851807	5.561655044555664	6.105382442474365	6.1053853034973145	3.3778743743896484	3.3778774738311768	0.01169939711689949	0.008578591980040073
aus	aus	4	4	1	20,22	p0	6	physics	1	3			0	0	0	0	0	0	0	0	0	0	0	0	APPR	aus	3.0	appr	aus	3.0	aus	1.0	2366.71806966	2877.24357788	3047.3996721	2877.24357788	0.428085856899	4921.08116286	5006.30824262	7041.84954557	10996.2414062	691880.798486	1839111.63623	154052.594714	244752.951652	136403.612872	161007.799724	41334.1231877	16266.7803613	4798.31356622	0.0510223759777	0.292714090181	9745.02934146	0.856171713799	9978.06814332	29.966009983	9745.02934146	0.856171713799	10279.6059321	50.0860452572	0.1242561414837837	0.1246808543801307	0.248939961194992	0.2466675341129303	0.21529893577098846	0.21530047059059143	0.19428040087223053	0.1942821741104126	0.01848658360540867	0.019060781225562096
einer	einer	5	5	1	23,27	p0	6	physics	1	5			0	0	0	0	0	0	0	0	0	0	0	0	ART	einer	5.0	art	eine	4.0	ei-ner	2.0	2342.47896043	2431.18674262	17543.4333976	7303.86082739	14.1268332777	4894.732861	4237.55615733	21798.3739882	14462.4525895	2727078.92811	5805735.49431	528986.765912	752729.903509	325207.675415	207395.611264	45007.5949345	21503.4825387	20569.6023896	0.0318816192149	0.182077876037	0.0	0.0	4849.55496137	17.9796059898	4602.28334698	0.428085856899	10773.3725284	33.3906968382	1.6825414896011353	1.713188886642456	1.6251177787780762	1.617786884307861	2.287958860397339	2.287957191467285	1.9419149160385132	1.9419121742248535	0.04548141732811928	0.054160527884960175
flachen	flachen,	6	6	1	28,34	p0	6	physics	1	7		$,	0	0	0	0	0	0	0	0	0	0	0	0	ADJA	flachen	7.0	adja	flach	5.0	fla-chen	2.0	10.6766531688	10.6766531688	31.2615020807	18.442978215	19.6919494174	67.32054159	20.220516919	7527.79259125	16905.9666607	2074771.36532	4762126.81615	589269.667628	1119461.63923	397911.10545	569691.949417	12864.091756	371.483764657	72.7827283013	0.00284040561792	0.0950114741355	0.0	0.0	6.49101272282	5.56511613969	25.2119436236	0.428085856899	38.8725006259	8.13363128109	9.2164945602417	9.149951934814451	6.942177772521973	6.920100688934326	10.055807113647461	10.055815696716309	10.040626525878906	10.040628433227539	32.195905685424805	31.029897689819336
zylindrischen	zylindrischen	7	7	1	36,48	p0	6	physics	1	13			0	0	1	0	0	0	0	0	1	0	0	0	ADJA	zylindrischen	13.0	adja	zylindrisch	11.0	zylin-dri-schen	3.0	0.694881714659	0.694881714659	2.00289435402	1.09546058546	1.7123434276	5.92521620736	1.25699299343	7100.6855891	14190.6180704	3859887.03496	8394600.98117	828209.707486	1613969.29768	451265.357938	729999.40068	19838.2434724	13.7504828713	2.53427448876	0.0139000026588	0.136857774412	0.0	0.0	0.4087539498	1.7123434276	0.0	0.0	0.964659321527	2.1404292845	4.210052490234375	4.19972038269043	3.424157857894897	3.440891027450561	6.583583831787109	6.583594799041748	5.578336715698242	5.578339576721191	0.026393498625111533	0.029159161866118666
Vakuumkammer	Vakuumkammer	8	8	1	49,60	p0	6	physics	1	12			0	0	0	0	0	0	0	0	1	0	0	0	NN	Vakuumkammer	12.0	nn	Vakuumkammer	12.0	va-ku-um-kam-mer	5.0	0.024525236988	0.024525236988	0.032700315984	0.24525236988	6.42128785349	0.126068429944	0.0465552960529	8424.12460253	21906.0094693	2393939.7747	5847186.19166	348474.432567	632087.175404	215874.42235	196770.948381	10632.1480387	500.584612162	5.98415782507	2.76533333333e-06	0.00337023933333	0.0	0.0	0.0	0.0	0.0	0.0	0.00817507899599	0.428085856899	5.119178771972656	5.141365051269531	3.8736884593963614	3.8590025901794434	10.18835735321045	10.188355445861816	10.388664245605469	10.38865852355957	2.9261599896308326	0.22874066553958983
zwischen	zwischen	9	9	1	61,68	p0	6	physics	1	8			0	0	0	0	0	0	0	0	0	0	0	0	APPR	zwischen	8.0	appr	zwischen	8.0	zwi-schen	2.0	735.511857269	737.318549728	775.561569271	743.196431526	12.4144898501	2415.09291243	1311.77305845	7944.31286609	14019.3837276	2344393.87459	5097534.22546	657642.93817	1260086.55896	444775.571477	699547.941335	19838.2434724	2299.11834144	805.474183317	0.0884415280001	0.322548900074	0.0	0.0	38.1612687533	4.28085856899	0.0	0.0	40.3603650032	10.2740605656	6.0347442626953125	6.050176620483398	7.019437313079834	7.039425849914551	7.146283149719238	7.146282196044922	7.7460713386535645	7.746077537536621	1.7494293451309204	1.0095676183700562
den	den	10	10	1	69,71	p0	6	physics	1	3			0	0	0	0	0	0	0	0	0	0	0	0	ART	den	3.0	art	d	1.0	den	1.0	9532.82881596	9841.63424996	80100.3069113	9841.63424996	0.428085856899	7940.04185472	15266.5057923	23354.2468477	22159.4362965	1464587.59747	2838670.7078	583323.017065	738089.367203	513926.807063	462012.089145	110461.430317	53801.2331077	11287.0372669	0.0645632931127	0.22424070987	26530.3631386	0.428085856899	39507.1238333	37.6715554072	26530.3631386	0.428085856899	40560.2456847	58.6477623952	2.065092086791992	2.060187816619873	3.0212156772613525	3.020153760910034	1.6379908323287964	1.6379969120025635	1.6763427257537842	1.676343560218811	0.24917840957641602	0.37906911969184875
Polen	Polen	11	11	1	72,76	p0	6	physics	1	5			0	0	0	0	0	0	0	0	1	0	0	0	NN	Polen	5.0	nn	Pol	3.0	Pol-en	2.0		83.2958798902			23.9728079864	405.688207559	148.759689321	8442.72290724	25667.5998938	1539081.95024	3533177.51008	427595.700193	796033.35645	343095.279638	486740.468668	10343.3797233	1242.11332757	670.789756858	0.0124822692186	0.132841346603	0.0	0.0	44.840308293	14.1268332777	0.0	0.0	64.1743701185	20.5481211312	1.8632938861846924	1.817734956741333	4.875896453857422	4.812289714813232	6.912042140960693	6.912042140960693	4.801856994628906	4.80186128616333	3.08821439743042	6.821014404296875
eines	eines	12	12	1	77,81	p0	6	physics	1	5			0	0	0	0	0	0	0	0	0	0	0	0	ART	eines	5.0	art	eine	4.0	ei-nes	2.0	964.814648028	996.591180085	17543.4333976	7303.86082739	14.1268332777	2911.67645798	1770.37376144	17195.1259819	8521.04898158	2656542.58071	5696942.18272	367047.786942	545487.118897	215066.422067	203192.664321	45007.5949345	21503.4825387	20569.6023896	0.0495844122944	0.245308794672	6240.92070617	1.2842575707	6269.57435805	14.9830049915	10843.2040532	1.7123434276	11254.5822033	25.685151414	0.4472455978393554	0.4515445530414581	0.6038053631782532	0.6003642678260803	4.125978946685791	4.125978469848633	2.745609760284424	2.745612859725952	0.2558211088180542	0.20457391440868378
Elektromagneten	Elektromagneten,	13	13	1	82,96	p0	6	physics	1	15		$,	0	0	0	0	1	0	0	0	1	0	0	0	NN	Elektromagneten	15.0	nn	Elektromagnet	13.0	e-lek-tro-mag-ne-ten	6.0	0.212552053896	0.212552053896	0.53138013474	4.14476505097	74.4869391005	1.38675272938	0.403479232458	40014.7226633	96263.666641	4996672.97175	11580434.3359	621694.483449	1299190.48964	372301.06818	554318.102039	14903.9783425	524.202415381	220.048601335	9.42641538462e-05	0.110166143423	0.0	0.0	0.0	0.0	0.0	0.0	0.0735757109639	0.428085856899	4.376859664916992	4.344842910766602	3.769855976104736	3.820375204086304	10.172770500183105	10.172792434692383	8.277660369873047	8.277660369873047	28.249378949287347	28.097265760065056
der	der	14	14	1	98,100	p0	6	physics	1	3			0	0	1	0	0	0	0	0	0	0	0	0	PRELS	der	3.0	prels	die	3.0	der	1.0	1728.17899944	26530.3631386	10789.1994813	26530.3631386	0.428085856899	9372.80956103	30912.3596552	38163.5169	19310.096833	1332151.97174	2710999.66609	487983.455471	535760.152056	398226.025843	178781.068331	110461.430317	53801.2331077	27238.2432288	0.129811235347	0.318759302208	0.0	0.0	25590.4497812	36.8153836934	0.0	0.0	33289.1996244	55.22307554	2.0370306968688965	2.043868064880371	1.726012110710144	1.723339319229126	1.0568004846572876	1.0568008422851562	1.8845374584197998	1.884534478187561	0.292454332113266	0.34676414728164673
ein	ein	15	15	1	101,103	p0	6	physics	1	3			0	0	0	0	0	0	0	0	0	0	0	0	ART	ein	3.0	art	eine	4.0	ein	1.0	4621.55200817	4999.44503476	17543.4333976	4999.44503476	0.428085856899	5809.23325181	8404.82933604	11022.7206128	11717.9941609	1614569.79583	3344143.78548	401662.305848	493686.589782	324158.412201	289382.186491	45007.5949345	21503.4825387	20569.6023896	0.0272545875843	0.196343258894	0.0	0.0	1145.39396797	31.6783534106	13165.4578681	0.428085856899	22077.4630101	57.7915906814	4.13484001159668	4.146425724029541	3.56624174118042	3.5876481533050537	4.3549041748046875	4.354903221130371	4.062562942504883	4.062561988830566	0.1420973539352417	0.10249540209770203
Feld	Feld	16	16	1	104,107	p0	6	physics	1	4			0	0	0	0	0	0	0	0	1	0	0	0	NN	Feld	4.0	nn	Feld	4.0	feld	1.0	30.632020998	30.632020998	66.4552171584	41.4149501937	2.9966009983	182.925291848	56.7198690244	232.564647278	1309.0865504	1171594.01704	2411789.4845	84568.6742892	175995.085574	54305.144977	64540.3642154	11807.4546207	1473.69696537	237.126341358	0.040081165737	0.240985198339	147.723677458	0.428085856899	173.581452322	11.5583181363	147.723677458	0.428085856899	188.672648149	17.123434276	5.902482032775879	5.891185760498047	3.828367710113525	3.82070517539978	5.630174160003662	5.630173683166504	5.766304969787598	5.766303539276123	5.34801721572876	1.675507664680481
in	in	17	17	1	108,109	p0	6	physics	1	2			0	0	0	0	0	0	0	0	0	0	0	0	APPR	in	2.0	appr	in	2.0	in	1.0	13129.4221199	13165.4578681	14298.1641135	0.0	0.0	8527.89894355	19687.5208529	18583.5486983	15158.092107	842500.587604	1735372.30627	309490.415689	350022.68855	273957.116004	252232.89583	37971.7622471	15391.66268	-0.00817507899599	0.0682365415668	0.281559937821	0.0	0.0	9683.14399346	42.380499833	0.0	0.0	17389.6438116	75.7711966712	4.072885990142822	4.091475963592529	3.59126615524292	3.5967442989349365	3.257627248764038	3.2576327323913574	3.5027928352355957	3.50278639793396	0.05183553323149681	0.03931982070207596
z-Richtung	z-Richtung	18	18	1	110,119	p0	6	physics	1	10			0	0	0	0	0	0	0	0	1	1	1	0	NN	z-Richtung	10.0	nn	z-Richtung	10.0	z-rich-tung	3.0																													6.68526029586792	6.65219259262085	6.17191219329834	6.168344020843506	15.23716926574707	15.237167358398438	10.521571159362793	10.521564483642578	33.664039611816406	31.42357587814331
erzeugt	erzeugt.	19	19	1	120,126	p0	6	physics	1	7		$.	0	0	0	0	1	1	0	0	0	0	0	0	VVFIN	erzeugt	7.0	vvfin	erzeugen	8.0	er-zeugt	2.0	4.43906789482	25.0075666487	44.86483353	134.59450059	11.5583181363	134.01074103	46.9432568533	18354.5974359	21962.5168024	2524169.35536	5734578.20701	332003.904712	536116.747575	151619.257926	112497.966592	45007.5949345	12349.7403108	349.239374709	0.0632801154137	0.386622979944	0.0	0.0	0.931959005543	1.2842575707	0.0	0.0	5.90240703511	3.4246868552	0.8332886695861816	0.8388413190841675	1.1049124002456665	1.0808004140853882	5.9810099601745605	5.981008529663086	1.194779872894287	1.1947814226150513	32.65080189704895	32.255046129226685
Die	Die	20	1	2	128,130	p0	6	physics	1	3			0	0	0	1	0	0	0	0	0	0	0	0	ART	Die	3.0	art	d	1.0	die	1.0	4044.09712821	4092.99227569	80100.3069113	4092.99227569	0.428085856899	7006.50513099	7668.65043956	33694.5118659	1928.95487119	1162034.30857	2398782.95191	235702.357048	295575.732669	203871.746843	202066.798517	19121.5915224	6400.40832231	5199.86527143	0.05895410862	0.0848217844714	29483.8638533	0.856171713799	35483.8322812	32.5345251244	29483.8638533	0.856171713799	35649.500257	46.661358402	14.877184867858888	7.487484931945801	15.74546241760254	2.021332263946533	2.596067428588867	2.3938584327697754	2.6906278133392334	2.143770694732666	0.08412368595600128	0.25008633732795715
Kammer	Kammer	21	2	2	131,136	p0	6	physics	1	6			0	0	0	0	0	0	0	0	0	0	0	0	NN	Kammer	6.0	nn	Kammer	6.0	kam-mer	2.0	30.2232670482	30.2232670482	37.0576330888	56.5306712573	24.4008938433	191.245808225	55.5404681911	3042.98512944	6266.74885915	1584370.58804	3684170.66927	333530.012109	588500.757712	220232.033758	225276.329421	13511.0511576	2535.99943043	407.167984474	0.0103325931085	0.106091555431	0.0	0.0	22.8656959518	9.84597470869	0.0	0.0	32.5286393251	14.5549191346	9.326045989990234	3.610125541687012	9.301620483398438	2.8925342559814453	8.893465995788574	3.9346742630004883	9.032611846923828	1.8083192110061646	4.013591766357422	0.17207710444927216
ist	ist	22	3	2	137,139	p0	6	physics	1	3			0	0	0	0	0	0	0	0	0	0	0	0	VAFIN	ist	3.0	vafin	sein	4.0	ist	1.0	6193.1128442	6201.98280491	17044.4184006	6201.98280491	0.428085856899	5647.61352462	10628.2947571	6392.98535058	321.920564388	917956.027182	2251465.76597	202181.475685	311508.232091	153618.244592	108375.49979	37971.7622471	6331.86028492	6216.50992029	0.0707295422332	0.285080866351	0.0	0.0	174.505236248	21.8323787019	0.0	0.0	350.048707529	42.380499833	4.382829189300537	0.9619241952896118	3.562236785888672	0.9402687549591064	2.8285388946533203	1.3051091432571411	2.9652724266052246	1.5620818138122559	0.09958931803703308	0.19069211184978485
in	in	23	4	2	140,141	p0	6	physics	1	2			0	0	0	0	0	0	0	0	0	0	0	0	APPR	in	2.0	appr	in	2.0	in	1.0	13129.4221199	13165.4578681	14298.1641135	0.0	0.0	8527.89894355	19687.5208529	18583.5486983	15158.092107	842500.587604	1735372.30627	309490.415689	350022.68855	273957.116004	252232.89583	37971.7622471	15391.66268	-0.00817507899599	0.0682365415668	0.281559937821	0.0	0.0	9683.14399346	42.380499833	0.0	0.0	17389.6438116	75.7711966712	3.3913137912750244	2.7524003982543945	3.3887386322021484	2.6314854621887207	3.6642913818359375	2.579007387161255	3.171319007873535	2.2321035861968994	0.005097369197756052	0.004687392618507147
zwei	zwei	24	5	2	142,145	p0	6	physics	1	4			0	0	0	0	0	0	0	0	0	0	0	0	CARD	zwei	4.0	card	zwei	4.0	zwei	1.0	521.251211863	521.251211863	575.885264794	522.109595158	2.5685151414	1807.69521696	948.874525718	1327.24042516	1445.21785289	1251085.84465	2573867.92695	134614.570409	193790.18656	43415.2203474	37203.2294797	19838.2434724	2299.11834144	1060.56117323	0.00808774974252	0.170529329617	0.0	0.0	55.4760860668	7.70554542419	0.0	0.0	63.250586192	11.5583181363	3.9662325382232666	2.3064563274383545	3.533573865890503	2.9753098487854004	4.168406963348389	2.7770309448242188	3.0927577018737793	2.885514497756958	0.6633366942405701	0.40331679582595825
D-förmige	D-förmige	25	6	2	146,154	p0	6	physics	1	9			0	0	0	0	0	0	0	0	0	1	1	0	ADJA	D-förmige	9.0	adja	D-förmig	8.0	d-för-mig	3.0																													18.060853958129883	12.992198944091797	20.15558815002441	12.628158569335938	19.395313262939453	15.131299018859863	14.056892395019531	13.454127311706543	37.740038530319	39.15853441343643
Hälften	Hälften	26	7	2	155,161	p0	6	physics	1	7			0	0	0	0	0	0	0	0	0	0	0	0	NN	Hälften	7.0	nn	Hälfte	6.0	hälf-ten	2.0	2.61602527872	2.62420035771	66.9865972932	2.66507575269	1.7123434276	25.9700965684	4.90382451757	18941.0203776	49331.3298915	1796610.99157	4171492.47853	475317.405004	904928.55247	360106.850571	524286.166834	10830.0176507	512.185049257	72.4475500625	0.0176067546106	0.139009088293	0.0	0.0	0.04087539498	1.2842575707	64.4114474094	0.428085856899	64.4523228044	1.7123434276	5.546505451202393	4.074306964874268	3.0067970752716064	3.45527982711792	5.218167304992676	4.345897197723389	3.6811106204986572	4.6532440185546875	2.6430946241889615	2.8094119903398678
aufgeteilt	aufgeteilt,	27	8	2	162,171	p0	6	physics	1	10		$,	0	0	0	0	0	0	0	0	0	0	0	0	VVPP	aufgeteilt	10.0	vvpp	aufteilen	9.0	auf-ge-teilt	3.0	4.8968723186	4.8968723186	7.30034554342	335.79136976	356.16743294	57.6132724843	9.26450391452	52288.7290423	101809.090831	3260672.76796	7641421.15943	443614.072604	800440.500347	171287.827634	155873.766043	41334.1231877	16266.7803613	7317.89743803	0.0654970829147	0.41212851786	0.0	0.0	0.711231872651	1.2842575707	0.0	0.0	0.825682978595	2.1404292845	3.416396379470825	2.9037628173828125	3.7281885147094727	2.640347957611084	4.00108528137207	3.923459529876709	3.057018518447876	2.909374475479126	32.98237419128418	32.95032048225403
zwischen	zwischen	28	9	2	173,180	p0	6	physics	1	8			0	0	1	0	0	0	0	0	0	0	0	0	APPR	zwischen	8.0	appr	zwischen	8.0	zwi-schen	2.0	735.511857269	737.318549728	775.561569271	743.196431526	12.4144898501	2415.09291243	1311.77305845	7944.31286609	14019.3837276	2344393.87459	5097534.22546	657642.93817	1260086.55896	444775.571477	699547.941335	19838.2434724	2299.11834144	805.474183317	0.0884415280001	0.322548900074	0.0	0.0	38.1612687533	4.28085856899	0.0	0.0	40.3603650032	10.2740605656	4.601531505584717	3.194375991821289	4.7245402336120605	3.049981117248535	7.165994644165039	6.447470188140869	5.518965721130371	4.799100399017334	2.0994906425476074	1.814471960067749
denen	denen	29	10	2	181,185	p0	6	physics	1	5			0	0	0	0	0	0	0	0	0	0	0	0	PRELS	denen	5.0	prels	die	3.0	de-nen	2.0	410.87129526	437.284975496	10789.1994813	531.396484898	13.2706615639	1621.36607751	805.391103283	27725.5269875	56465.8087826	2709532.35548	5427933.45833	805987.038723	1199461.89608	532357.759736	500201.200353	110461.430317	53801.2331077	11287.0372669	0.00720609666104	0.0918501341122	0.0	0.0	453.340830644	15.8391767053	664.960925534	0.428085856899	1324.34644719	21.404292845	0.2333113551139831	0.1432908177375793	0.1352979987859726	0.0668830871582031	0.12464412301778793	0.1090259924530983	0.11893557757139206	0.04602723568677902	0.007618775125592947	0.00921461172401905
eine	eine	30	11	2	186,189	p0	6	physics	1	4			0	0	0	0	0	0	0	0	0	0	0	0	ART	eine	4.0	art	eine	4.0	ei-ne	2.0	4544.81254164	4602.28334698	17543.4333976	4654.20327368	7.70554542419	6231.56249212	7847.29862895	30417.7276523	27062.3036156	2386639.00405	4952915.26469	382524.871022	493577.855975	268757.733063	229873.543438	45007.5949345	21503.4825387	20569.6023896	0.0243873860821	0.18682983564	0.0	0.0	517.016520944	29.1098382692	4999.44503476	0.428085856899	15385.972825	53.5107321124	2.263044834136963	2.929515838623047	1.7806450128555298	2.864843845367432	2.349245071411133	2.3397607803344727	2.5389294624328613	2.2378082275390625	0.9452394843101501	0.9921166300773621
Hochfrequenzspannung	Hochfrequenzspannung	31	12	2	190,209	p0	6	physics	1	20			0	0	0	0	0	0	0	0	1	0	0	0	NN	Hochfrequenzspannung	20.0	nn	Hochfrequenzspannung	20.0	hoch-fre-quenz-span-nung	5.0																													19.358606338500977	7.234317779541016	18.500164031982425	9.651900291442873	19.949344635009766	14.732552528381348	19.828453063964844	12.68899154663086	6.230811715126038	2.6014856714755297
anliegt	anliegt.	32	13	2	210,216	p0	6	physics	1	7		$.	0	0	0	0	1	1	0	0	0	0	0	0	VVFIN	anliegt	7.0	vvfin	anliegen	8.0	an-liegt	2.0	0.523205055744	0.523205055744	2.64055051571	14.7233172718	14.1268332777	5.92521620736	0.993179649128	12992.5631225	19287.8363685	2438357.44776	5642317.9993	299233.283049	425239.085951	148122.237084	125666.743722	41334.1231877	8435.34898599	54.0127469265	0.0505256421563	0.413370324984	0.0	0.0	0.0981009479519	0.428085856899	1.54508993024	0.428085856899	1.72494166815	1.2842575707	2.8644282817840576	3.1279592514038086	2.4876549243927	2.787772417068481	6.624929904937744	6.888437747955322	3.9922423362731934	3.817164897918701	28.315395899116993	28.318383217789233
Die	Die	33	1	3	218,220	p0	6	physics	1	3			0	0	0	1	0	0	0	0	0	0	0	0	ART	Die	3.0	art	d	1.0	die	1.0	4044.09712821	4092.99227569	80100.3069113	4092.99227569	0.428085856899	7006.50513099	7668.65043956	33694.5118659	1928.95487119	1162034.30857	2398782.95191	235702.357048	295575.732669	203871.746843	202066.798517	19121.5915224	6400.40832231	5199.86527143	0.05895410862	0.0848217844714	29483.8638533	0.856171713799	35483.8322812	32.5345251244	29483.8638533	0.856171713799	35649.500257	46.661358402	15.02270793914795	1.6353490352630615	15.745166778564451	1.4568634033203125	2.596067428588867	1.7429484128952026	2.6906278133392334	1.786463975906372	0.024682704359292984	0.048976294696331024
von	von	34	2	3	221,223	p0	6	physics	1	3			0	0	0	0	0	0	0	0	0	0	0	0	APPR	von	3.0	appr	von	3.0	von	1.0	7955.34104766	7955.34104766	8265.3727435	7955.34104766	0.428085856899	7856.20634881	12401.4928732	8585.23905938	340.756342092	620899.645044	1436353.90714	258695.641457	333765.271963	253104.606831	264495.4152	23102.1601118	13320.2529889	7993.18348833	0.0874371201871	0.312235645495	0.0	0.0	3224.03042889	30.8221816968	0.0	0.0	3276.15473257	38.9558129779	5.829465866088867	5.937248229980469	6.6291823387146	6.386034965515137	5.946149826049805	6.122533798217773	6.017848491668701	5.864306449890137	0.36038172245025635	0.05668695643544197
der	der	35	3	3	224,226	p0	6	physics	1	3			0	0	0	0	0	0	0	0	0	0	0	0	ART	der	3.0	art	d	1.0	der	1.0	24738.5901996	26530.3631386	80100.3069113	26530.3631386	0.428085856899	9372.80956103	30912.3596552	38163.5169	19310.096833	1332151.97174	2710999.66609	487983.455471	535760.152056	398226.025843	178781.068331	110461.430317	53801.2331077	27238.2432288	0.129811235347	0.318759302208	0.0	0.0	25590.4497812	36.8153836934	0.0	0.0	33289.1996244	55.22307554	2.074160099029541	1.2400802373886108	1.7782325744628906	1.3933701515197754	1.8149330615997314	1.1887547969818115	1.7724895477294922	1.1002862453460693	0.1701509803533554	0.16054324805736542
Ionenquelle	Ionenquelle	36	4	3	227,237	p0	6	physics	1	11			0	0	0	0	0	0	0	1	0	0	0	0	NN	Ionenquelle	11.0	nn	Ionenquelle	11.0	i-o-nen-quel-le	5.0																													16.892044067382812	7.5444722175598145	18.3739070892334	4.7156476974487305	16.977502822875977	11.031576156616211	17.156055450439453	9.816971778869629	1.6293121613562107	1.6877788527635857
im	im	37	5	3	238,239	p0	6	physics	1	2			0	0	0	0	0	0	0	0	0	0	0	0	APPRART	im	2.0	apprart	im	2.0	im	1.0	4320.93800333	4320.93800333	4852.53069013	0.0	0.0	6505.00491667	7332.35049931	6212.43055587	1739.74092244	476263.776674	1003959.79418	79143.642817	44968.7069239	79582.1540543	29361.1246672	37971.7622471	5463.51156905	-0.00817507899599	0.0471865575674	0.258008463415	13165.4578681	0.428085856899	17856.5143979	39.8119846916	13165.4578681	0.428085856899	19278.847342	58.6477623952	5.147735595703125	4.8976240158081055	4.945466041564941	4.372874736785889	4.8522114753723145	5.454326152801514	5.025017261505127	5.4132399559021	0.12043888121843338	0.6585327386856079
Spalt	Spalt	38	6	3	240,244	p0	6	physics	1	5			0	0	0	0	0	0	0	0	0	0	0	0	NN	Spalt	5.0	nn	Spalt	5.0	spalt	1.0	4.51264360579	4.56169407976	4.65979502772	12.6223219698	21.404292845	34.1645445148	8.48858231364	16.6853362308	113.442752078	748712.353526	2199560.35582	157044.763552	284078.202724	123534.468917	183996.438326	26995.0755041	1649.89444297	302.265370798	0.0154166165986	0.147427756256	0.0	0.0	0.138976342932	1.7123434276	0.0	0.0	4.18564044595	4.28085856899	9.009839057922363	6.5034613609313965	8.619754791259766	8.314265251159668	9.864948272705078	8.091750144958496	9.045452117919922	7.489393711090088	0.24172392766922712	0.0019994794856756926
zwischen	zwischen	39	7	3	245,252	p0	6	physics	1	8			0	0	0	0	0	0	0	0	0	0	0	0	APPR	zwischen	8.0	appr	zwischen	8.0	zwi-schen	2.0	735.511857269	737.318549728	775.561569271	743.196431526	12.4144898501	2415.09291243	1311.77305845	7944.31286609	14019.3837276	2344393.87459	5097534.22546	657642.93817	1260086.55896	444775.571477	699547.941335	19838.2434724	2299.11834144	805.474183317	0.0884415280001	0.322548900074	0.0	0.0	38.1612687533	4.28085856899	0.0	0.0	40.3603650032	10.2740605656	2.9212474822998047	1.853079319000244	3.4408605098724365	2.177304744720459	2.630903720855713	3.542781352996826	3.5005135536193848	2.8569552898406982	0.5038383603096008	0.2351253479719162
den	den	40	8	3	253,255	p0	6	physics	1	3			0	0	0	0	0	0	0	0	0	0	0	0	ART	den	3.0	art	d	1.0	den	1.0	9532.82881596	9841.63424996	80100.3069113	9841.63424996	0.428085856899	7940.04185472	15266.5057923	23354.2468477	22159.4362965	1464587.59747	2838670.7078	583323.017065	738089.367203	513926.807063	462012.089145	110461.430317	53801.2331077	11287.0372669	0.0645632931127	0.22424070987	26530.3631386	0.428085856899	39507.1238333	37.6715554072	26530.3631386	0.428085856899	40560.2456847	58.6477623952	1.3863117694854736	0.10763730853796	1.416023015975952	0.0768691301345825	1.179152488708496	0.6258528232574463	1.8443613052368164	0.7626240253448486	0.17710202932357788	0.12637591361999512
Kammern	Kammern	41	9	3	256,262	p0	6	physics	1	7			0	0	0	0	0	0	0	0	0	0	0	0	NN	Kammern	7.0	nn	Kammer	6.0	kam-mern	2.0	6.76079032969	6.76079032969	37.0576330888	43.6876221546	40.2400705485	56.8568619046	12.3837087501	781.145148225	1675.5280439	2057246.13782	4664661.9406	426686.386156	779287.065814	235861.861014	359153.331792	13511.0511576	2535.99943043	407.167984474	0.0101987588319	0.138980298782	0.0	0.0	3.03295430751	4.28085856899	30.2232670482	0.428085856899	36.787855482	5.56511613969	5.9203314781188965	4.274363517761231	4.269410610198975	3.196845293045044	5.191858768463135	4.440149784088135	6.333301544189453	1.9703794717788696	0.4803047776222229	8.141280174255371
im	im	42	10	3	263,264	p0	6	physics	1	2			0	0	0	0	0	0	0	0	0	0	0	0	APPRART	im	2.0	apprart	im	2.0	im	1.0	4320.93800333	4320.93800333	4852.53069013	0.0	0.0	6505.00491667	7332.35049931	6212.43055587	1739.74092244	476263.776674	1003959.79418	79143.642817	44968.7069239	79582.1540543	29361.1246672	37971.7622471	5463.51156905	-0.00817507899599	0.0471865575674	0.258008463415	13165.4578681	0.428085856899	17856.5143979	39.8119846916	13165.4578681	0.428085856899	19278.847342	58.6477623952	6.061773300170898	7.619935512542725	6.03381872177124	6.882848739624023	4.76214599609375	6.017223358154297	5.5435919761657715	7.092770576477051	0.0656842291355133	0.04205852746963501
Zentrum	Zentrum	43	11	3	265,271	p0	6	physics	1	7			0	0	0	0	0	0	0	0	0	0	0	0	NN	Zentrum	7.0	nn	Zentrum	7.0	zen-trum	2.0	37.8097403565	37.8097403565	51.5111727538	50.4811128003	18.4076918467	231.587705807	69.8019072153	2834.97024439	9553.16398257	2154698.76113	4889018.31351	271565.790947	615608.866514	56244.600718	91023.0395808	6468.08162623	2120.85256885	201.777299779	0.0147348619829	0.167230951853	0.0	0.0	1.57779024623	2.1404292845	0.0	0.0	8.3549307339	3.4246868552	5.0874762535095215	5.98543119430542	5.216350078582764	3.43296480178833	5.337113380432129	5.182605743408203	4.690924644470215	5.921806335449219	3.9517507553100586	1.9106051921844482
der	der	44	12	3	272,274	p0	6	physics	1	3			0	0	0	0	0	0	0	0	0	0	0	0	ART	der	3.0	art	d	1.0	der	1.0	24738.5901996	26530.3631386	80100.3069113	26530.3631386	0.428085856899	9372.80956103	30912.3596552	38163.5169	19310.096833	1332151.97174	2710999.66609	487983.455471	535760.152056	398226.025843	178781.068331	110461.430317	53801.2331077	27238.2432288	0.129811235347	0.318759302208	0.0	0.0	25590.4497812	36.8153836934	0.0	0.0	33289.1996244	55.22307554	1.3644046783447266	0.9644767045974731	1.5163992643356323	1.1003670692443848	1.6256071329116821	2.672074317932129	1.1678717136383057	2.1093268394470215	0.3533855378627777	0.6852165460586548
Anordnung	Anordnung	45	13	3	275,283	p0	6	physics	1	9			0	0	0	0	0	0	0	0	0	0	0	0	NN	Anordnung	9.0	nn	Anordnung	9.0	an-ord-nung	3.0	26.1030272342	26.1030272342	36.648879139	27.0513363977	8.13363128109	160.359042888	48.1071392546	14729.9554359	23464.6700742	2426630.41957	5283261.843	197187.557003	473638.044846	98901.2391351	241833.406108	19822.5963712	3723.58498109	46.1646710904	0.0269896019706	0.158121403556	0.0	0.0	9.72016892624	1.7123434276	0.0	0.0	9.82644495318	3.4246868552	5.75245475769043	4.366452693939209	4.312865734100342	3.979750871658325	10.465694427490234	9.099482536315918	9.225435256958008	9.079972267150879	5.599819660186768	6.484560012817383
emittierten	emittierten	46	14	3	284,294	p0	6	physics	1	11			0	0	0	0	0	0	0	1	0	0	0	0	ADJA	emittierten	11.0	adja	emittiert	9.0	e-mit-tier-ten	4.0	0.16350157992	0.171676658916	0.302477922852	0.899258689559	3.8527727121	2.14316330904	0.310368640353	33810.8841154	78366.6812216	4810694.15111	10676140.2067	861917.005176	1614911.51465	429024.695826	601400.696924	45007.5949345	351.569272223	6.61363890776	0.00726984895238	0.115452092571	0.0	0.0	0.0572255529719	0.428085856899	0.0	0.0	0.277952685864	2.5685151414	2.58843731880188	1.9490413665771484	3.915430068969727	2.163404941558838	8.441941261291504	6.919651985168457	5.816638469696045	5.096986293792725	0.007457837229594588	0.005107458622660488
positiven	positiven	47	15	3	295,303	p0	6	physics	1	9			0	0	0	0	0	0	0	0	1	0	0	0	ADJA	positiven	9.0	adja	positiv	7.0	po-si-ti-ven	4.0	16.6608109938	16.6608109938	58.6398416383	25.3590950456	23.9728079864	118.630392577	31.3161958116	17524.736992	79449.3103537	2709856.38291	6214629.40607	475925.46738	928513.086585	335204.783317	461056.173426	3420.10969861	724.84337918	83.8844855779	0.00205135167912	0.0997606940378	0.0	0.0	7.24311999045	2.1404292845	17.0123393907	0.428085856899	24.2718095391	2.9966009983	4.984292984008789	4.6188154220581055	4.625322341918945	3.826182126998901	8.417488098144531	8.613780975341797	7.77202844619751	7.402914524078369	2.7174882888793945	3.7418172359466553
Ionen	Ionen	48	16	3	304,308	p0	6	physics	1	5			0	0	0	0	0	0	0	0	1	0	0	0	NN	Ionen	5.0	nn	Ion	3.0	i-o-nen	3.0	1.88844324807	1.88844324807	3.24550636141	2.07647006498	3.4246868552	5.92521620736	3.38301817984	24257.5849016	62859.6991413	1843095.78241	3976733.10559	451193.253742	782731.016533	346377.982609	464655.519311	8060.80774179	12.7939986287	8.13420360101	0.00811135030736	0.216389956251	194.975634054	1.2842575707	196.569774459	11.1302322794	194.975634054	1.2842575707	198.719820235	14.1268332777	0.2179488539695739	0.3681976795196533	0.355966180562973	0.2085831761360168	3.5541346073150635	2.0728721618652344	0.6558898687362671	1.6620841026306152	0.009944728808477521	0.0011134569940622896
werden	werden	49	17	3	309,314	p0	6	physics	1	6			0	0	0	0	0	0	0	0	0	0	0	0	VAFIN	werden	6.0	vafin	werden	6.0	wer-den	2.0	778.937876896	2700.75179743	8998.09689884	2746.965519	21.8323787019	5182.42101813	4801.51149528	27766.5331837	27383.7960941	2636081.51067	5388986.20707	706673.440428	1134529.40522	412109.304698	481425.782755	34258.3961147	9994.2302745	3399.46762414	0.105793166509	0.538682739217	0.0	0.0	1484.61069583	16.6953484191	0.0	0.0	1872.33016737	25.685151414	1.406279683113098	0.6254009008407593	0.7665792107582092	0.3225262761116028	2.2194552421569824	1.697845220565796	1.7853572368621826	1.5584781169891357	1.7781734466552734	3.108896017074585
auf	auf	50	18	3	315,317	p0	6	physics	1	3			0	0	0	0	0	0	0	0	0	0	0	0	APPR	auf	3.0	appr	auf	3.0	auf	1.0	5092.06867979	5591.37797963	5914.8658555	5591.37797963	0.428085856899	6569.04767908	9351.09676518	8980.91288279	7572.83880855	489216.952266	1286948.94648	95233.9886234	112163.203452	83805.1382611	46267.0913278	41334.1231877	16266.7803613	7317.89743803	0.0692951484301	0.289895292654	0.0	0.0	3235.89246851	19.2638635605	0.0	0.0	3376.16047392	32.5345251244	3.705359935760498	3.8553719520568848	3.47579026222229	3.5157103538513184	3.8081164360046387	3.790431261062622	3.561129570007324	3.424032211303711	1.4139063358306885	2.0553903579711914
die	die	51	19	3	318,320	p0	6	physics	1	3			0	0	0	0	0	0	0	0	0	0	0	0	ART	die	3.0	art	d	1.0	die	1.0	20527.116504	24520.1275636	80100.3069113	24520.1275636	0.428085856899	9091.29875697	30440.211361	33694.5118659	1928.95487119	1361337.08551	2613060.47141	356516.797331	303924.26305	343523.065172	189343.230678	110461.430317	29991.8223867	29048.3692201	0.0938387928357	0.266249299869	0.0	0.0	15201.9436218	35.5311261227	0.0	0.0	15852.8515865	58.2196765383	1.4545857906341553	1.6090760231018066	2.785782814025879	2.623509407043457	1.789137363433838	1.3416204452514648	1.5385053157806396	1.6521720886230469	0.04920533671975136	0.1533355414867401
negative	negative	52	20	3	321,328	p0	6	physics	1	8			0	0	0	0	0	0	0	0	1	0	0	0	ADJA	negative	8.0	adja	negativ	7.0	ne-ga-ti-ve	4.0	9.23783926547	9.23783926547	35.8477213974	10.4477509569	8.13363128109	63.7906255515	17.2875332676	28796.6912381	85867.1735203	3075328.4806	6810307.02318	270445.592573	489383.898835	162146.40525	204958.946566	21439.2836433	2061.65682184	36.9268318249	0.00344931549779	0.151219437301	0.0	0.0	1.8393927741	1.7123434276	10.0553471651	0.428085856899	24.7704893579	4.28085856899	1.8705074787139893	3.7795042991638175	4.236776351928711	4.3649749755859375	7.842020034790039	5.499378204345703	7.577617168426514	5.341963768005371	7.66384744644165	8.560196876525879
Kammerhälfte	Kammerhälfte	53	21	3	329,340	p0	6	physics	1	12			0	0	0	0	0	0	0	0	0	0	0	0	NN	Kammerhälfte	12.0	nn	Kammerhälfte	12.0	kam-mer-hälf-te	4.0	0.016350157992	0.016350157992	0.024525236988	14.3963141119	127.141499499	0.126068429944	0.0155184320176	28531.4262749	52489.3192579	3106423.10479	7292744.8009	452613.42029	940996.070172	189220.721795	302336.920693	13511.0511576	2535.99943043	407.167984474	0.000190622	0.0005899515	0.0	0.0	0.0	0.0	0.0	0.0	0.00817507899599	0.428085856899	15.00145149230957	11.011171340942385	12.5337553024292	3.966513156890869	15.605873107910156	16.799739837646484	13.342545509338379	10.48779010772705	11.017468094825745	4.503974010236561
zu	zu	54	22	3	341,342	p0	6	physics	1	2			0	0	0	0	0	0	0	0	0	0	0	0	APZR	zu	2.0	ptkvz	zu	2.0	zu	1.0	265.747292923	8897.95218113	9058.93583672	0.0	0.0	7088.44961045	13807.9438853	16158.8284432	13822.8923193	227861.336305	547892.533326	51760.5780638	28442.4524183	57219.5279387	16021.5412803	19838.2434724	15326.7362026	-0.00817507899599	0.0592554444736	0.308475260123	0.0	0.0	1383.3868677	35.9592119796	0.0	0.0	4752.13254498	50.5141311141	5.504659652709961	3.636365652084351	4.998134613037109	5.163944721221924	6.12851095199585	6.180565357208252	6.609078407287598	6.841059684753418	5.949273586273193	4.442927360534668
beschleunigt	beschleunigt.	55	23	3	343,354	p0	6	physics	1	12		$.	0	0	0	0	0	1	0	0	0	0	0	0	VVPP	beschleunigt	12.0	vvpp	beschleunigen	13.0	be-schleu-nigt	3.0	2.51792433077	6.51553795981	14.7151421928	110.183714708	140.84024692	75.0107158165	12.290598158	22482.8406523	47544.4995248	3841359.77986	8758321.13289	522752.507896	1039890.3244	180537.937693	268973.193264	20337.830725	14068.4280436	3126.49356139	0.0367002878417	0.290699498587	0.0	0.0	0.237077290884	0.856171713799	0.0	0.0	3.4744085733	2.5685151414	8.289469718933105	7.643491744995117	1.5357201099395752	1.320243239402771	11.47099494934082	10.747604370117188	9.133316993713379	7.910406112670898	26.978725790977478	29.319879174232483
Da	Da	56	1	4	356,357	p0	6	physics	1	2			0	0	0	1	0	0	0	0	0	0	0	0	KOUS	Da	2.0	kous	da	2.0	da	1.0	130.719513146	420.746790687	1430.23824543	0.0	0.0	1137.64151181	796.716299785	6410.69257168	8294.59156328	264862.765726	703814.244985	30148.0481463	48805.6404593	30549.8859793	48264.5399361	19121.5915224	4160.8290812	-0.00817507899599	0.00709866948468	0.0171440421339	1664.62593532	0.856171713799	2717.37173303	47.5175301158	3404.66697438	1.2842575707	4859.51220759	63.784792678	13.354397773742676	3.996251106262207	17.47858238220215	3.844772100448608	5.700619697570801	5.128166675567627	5.697991371154785	5.5980730056762695	0.4974469840526581	0.29494038224220276
im	im	57	2	4	358,359	p0	6	physics	1	2			0	0	0	0	0	0	0	0	0	0	0	0	APPRART	im	2.0	apprart	im	2.0	im	1.0	4320.93800333	4320.93800333	4852.53069013	0.0	0.0	6505.00491667	7332.35049931	6212.43055587	1739.74092244	476263.776674	1003959.79418	79143.642817	44968.7069239	79582.1540543	29361.1246672	37971.7622471	5463.51156905	-0.00817507899599	0.0471865575674	0.258008463415	13165.4578681	0.428085856899	17856.5143979	39.8119846916	13165.4578681	0.428085856899	19278.847342	58.6477623952	4.942418098449707	4.137641429901123	5.588170528411865	4.583012104034424	5.745214939117432	4.7324347496032715	5.699521064758301	4.8514838218688965	0.004578582942485809	0.0036491251084953547
Inneren	Inneren	58	3	4	360,366	p0	6	physics	1	7			0	0	0	0	0	0	0	0	0	0	0	0	NN	Inneren	7.0	nn	Innere	6.0	in-ne-ren	3.0	12.5160459429	12.5160459429	23.1763489536	22.424241686	12.842575707	96.0641436172	23.5104245067	42672.3345688	55872.4817849	3312893.464	7035338.91557	652655.126273	1201763.71373	369550.955255	515379.412495	8060.80774179	3275.63970259	180.11334044	0.00179231306409	0.135805681972	67.0111225302	0.428085856899	76.4369886125	2.9966009983	113.74804915	1.2842575707	123.19844047	4.70894442589	8.140928268432617	3.284721612930298	8.751418113708496	2.813750505447388	6.546637535095215	2.3968167304992676	6.807328224182129	2.039077043533325	1.7487493753433228	1.7356667518615723
der	der	59	4	4	367,369	p0	6	physics	1	3			0	0	0	0	0	0	0	0	0	0	0	0	ART	der	3.0	art	d	1.0	der	1.0	24738.5901996	26530.3631386	80100.3069113	26530.3631386	0.428085856899	9372.80956103	30912.3596552	38163.5169	19310.096833	1332151.97174	2710999.66609	487983.455471	535760.152056	398226.025843	178781.068331	110461.430317	53801.2331077	27238.2432288	0.129811235347	0.318759302208	0.0	0.0	25590.4497812	36.8153836934	0.0	0.0	33289.1996244	55.22307554	1.716566562652588	0.3837954103946686	1.3882719278335571	0.4953424334526062	1.4326467514038086	0.8363592624664307	1.5534982681274414	0.8043960332870483	0.369976669549942	0.21185119450092316
Kammerhälften	Kammerhälften	60	5	4	370,382	p0	6	physics	1	13			0	0	0	0	0	0	0	0	0	0	0	0	NN	Kammerhälften	13.0	nn	Kammerhälfte	12.0	kam-mer-hälf-ten	4.0	0.00817507899599	0.00817507899599	0.024525236988	16.6199355989	118.579782361	0.126068429944	0.0155184320176	21984.005507	55598.0787507	3579298.65458	8273236.07223	694414.876773	1402477.33285	381815.470367	588135.600476	13511.0511576	2535.99943043	407.167984474	0.015873015	0.03030303	0.0	0.0	0.0	0.0	0.016350157992	0.428085856899	0.016350157992	0.428085856899	19.217344284057617	11.006148338317873	19.44576835632324	9.148184776306152	16.455684661865234	10.440693855285645	20.212181091308594	13.347908020019531	13.267238900065422	0.4982899371534586
mit	mit	61	6	4	383,385	p0	6	physics	1	3			0	0	0	0	0	0	0	0	0	0	0	0	APPR	mit	3.0	appr	mit	3.0	mit	1.0	6311.02200856	6389.55999248	6727.32973136	6389.55999248	0.428085856899	6848.28925141	10606.5379154	9545.0750843	6105.78857696	754691.189375	1756517.60717	154872.35076	192565.004837	138846.449102	106042.43187	21052.512481	9522.82251927	6974.74032209	0.0635514315396	0.282257671036	0.0	0.0	1501.70478601	30.3940958399	0.0	0.0	1518.70077524	44.5209291175	4.987302303314209	5.3780059814453125	5.157281875610352	6.223713397979736	4.701987266540527	5.186305999755859	4.797048091888428	5.713942527770996	2.5414013862609863	2.634242057800293
metallischen	metallischen	62	7	4	386,397	p0	6	physics	1	12			0	0	0	0	0	0	0	0	0	0	0	0	ADJA	metallischen	12.0	adja	metallisch	10.0	me-tal-li-schen	4.0	0.694881714659	0.694881714659	3.18010572944	11.3878850414	26.9694089847	8.57265323618	1.3190667215	22506.1805028	68217.1936404	3971730.87931	9192746.51324	765183.592613	1591512.7698	455854.405833	736410.414473	21052.512481	3656.05882859	57.6261318428	0.0125460248353	0.198579356235	0.0	0.0	1.09546058546	1.7123434276	0.0	0.0	1.58596532522	2.1404292845	8.734100341796875	10.472862243652344	10.243764877319336	9.767264366149902	8.57004165649414	9.206201553344727	9.470142364501953	8.843755722045898	0.022468587121693417	0.013052743044681847
Wänden	Wänden	63	8	4	398,403	p0	6	physics	1	6			0	0	0	0	0	0	0	0	0	0	0	0	NN	Wänden	6.0	nn	Wand	4.0	wän-den	2.0	13.6687320813	13.7096074763	77.9984287008	13.7913582662	2.1404292845	78.1624265651	25.7761155813	23420.0644087	22463.3772549	1978047.82825	3935223.76048	553648.902773	871961.660631	385250.753013	531874.416733	13240.8075713	351.544746986	31.8991582424	0.0197072293447	0.151033212844	70.6817329994	0.428085856899	92.9261229474	7.27745956729	88.4952301316	0.856171713799	110.747795159	8.13363128109	6.690589904785156	3.489987850189209	5.323298454284668	0.894792914390564	7.443750381469727	8.529430389404297	6.156666278839111	6.299403190612793	7.347115516662598	7.0292439460754395
kein	kein	64	9	4	404,407	p0	6	physics	1	4			0	0	0	0	0	0	0	0	0	0	0	0	PIAT	kein	4.0	piat	keine	5.0	kein	1.0	422.766035199	422.766035199	1610.00005747	423.771569915	2.1404292845	1333.17364666	761.085979873	469.200483896	20.1200352743	1667801.68373	3553357.04929	380873.251638	534966.480877	275061.225824	289967.379858	11052.747678	1953.97468131	1637.88525193	0.00935442253857	0.136701272702	1666.95583284	0.428085856899	2659.6638504	20.5481211312	7356.73723834	1.2842575707	8395.20117304	26.9694089847	4.564234733581543	3.614673137664795	3.3801913261413574	3.487692356109619	6.706973075866699	5.734673023223877	6.308487892150879	6.91882848739624	0.17582789063453674	0.17563949525356293
elektrisches	elektrisches	65	10	4	408,419	p0	6	physics	1	12			0	0	0	0	0	0	0	0	1	0	0	0	ADJA	elektrisches	12.0	adja	elektrisch	10.0	e-lek-tri-sches	4.0	1.34071295534	1.34071295534	38.3165952542	22.2852653431	14.1268332777	15.8846221729	2.52950441887	6006.18966296	27591.8458206	4415803.21414	10196156.6452	506590.581097	1195160.0613	220743.254148	431955.753046	45007.5949345	274.290250474	162.267142991	0.00810489982317	0.184600578561	17.7317463423	0.856171713799	18.9743583497	1.7123434276	30.4848695761	1.2842575707	31.7274815834	2.1404292845	5.210115432739258	1.683149814605713	5.879871368408203	2.602041959762573	7.027098655700684	3.795377254486084	6.273458480834961	2.5903477668762207	0.6929770432325313	0.48756650459836237
Feld	Feld	66	11	4	420,423	p0	6	physics	1	4			0	0	0	0	0	0	0	0	1	0	0	0	NN	Feld	4.0	nn	Feld	4.0	feld	1.0	30.632020998	30.632020998	66.4552171584	41.4149501937	2.9966009983	182.925291848	56.7198690244	232.564647278	1309.0865504	1171594.01704	2411789.4845	84568.6742892	175995.085574	54305.144977	64540.3642154	11807.4546207	1473.69696537	237.126341358	0.040081165737	0.240985198339	147.723677458	0.428085856899	173.581452322	11.5583181363	147.723677458	0.428085856899	188.672648149	17.123434276	0.5303257703781128	0.1064071506261825	0.0788877680897712	0.0387516394257545	3.830517053604126	0.9412553310394287	1.1689692735671997	0.2689165472984314	0.1935890167951584	0.016219567507505417
existiert	existiert,	67	12	4	424,432	p0	6	physics	1	9		$,	0	0	0	0	0	0	0	0	0	0	0	0	VVFIN	existiert	9.0	vvfin	existieren	10.0	e-xi-stiert	3.0	13.8404087402	14.5925160078	34.2127055982	16.9796390747	10.7021464225	102.241496684	27.1417375988	5452.68776446	22590.0906686	3452854.00469	7843012.35456	496798.528702	921310.113956	170738.887429	197458.454268	45007.5949345	251.52265547	52.7537847611	0.0254970004675	0.204757701052	0.0	0.0	1.77399214213	1.7123434276	0.0	0.0	5.12577453049	4.28085856899	3.1828386783599854	2.271937131881714	2.461747407913208	1.380840301513672	5.926408290863037	4.611117839813232	4.543214797973633	3.045668601989746	27.46287202835083	27.371285438537598
beschreiben	beschreiben	68	13	4	434,444	p0	6	physics	1	11			0	0	1	0	0	0	0	0	0	0	0	0	VVFIN	beschreiben	11.0	vvfin	beschreiben	11.0	be-schrei-ben	3.0	1.56961516723	14.363613796	63.6429899838	293.248258665	150.258135772	89.2564484002	27.1107007348	30538.5307946	58951.2752678	4274718.27308	9370361.04761	844880.066972	1600921.24076	432902.274771	644949.014974	20337.830725	14068.4280436	3126.49356139	0.0226539272777	0.212392818038	0.0	0.0	2.79587701663	1.2842575707	0.0	0.0	3.60520983723	2.5685151414	9.908584594726562	5.996849060058594	8.875765800476074	8.037787437438965	11.039081573486328	10.125972747802734	10.95834732055664	9.856494903564453	5.700064182281494	6.414996147155762
die	die	69	14	4	445,447	p0	6	physics	1	3			0	0	0	0	0	0	0	0	0	0	0	0	ART	die	3.0	art	d	1.0	die	1.0	20527.116504	24520.1275636	80100.3069113	24520.1275636	0.428085856899	9091.29875697	30440.211361	33694.5118659	1928.95487119	1361337.08551	2613060.47141	356516.797331	303924.26305	343523.065172	189343.230678	110461.430317	29991.8223867	29048.3692201	0.0938387928357	0.266249299869	0.0	0.0	15201.9436218	35.5311261227	0.0	0.0	15852.8515865	58.2196765383	1.3967143297195437	0.1778517067432403	0.697782039642334	0.35575932264328	0.9491298198699951	1.086026668548584	0.9194444417953491	0.6596834063529968	0.12768511474132538	0.023958222940564156
Ionen	Ionen	70	15	4	448,452	p0	6	physics	1	5			0	0	0	0	0	0	0	0	1	0	0	0	NN	Ionen	5.0	nn	Ion	3.0	i-o-nen	3.0	1.88844324807	1.88844324807	3.24550636141	2.07647006498	3.4246868552	5.92521620736	3.38301817984	24257.5849016	62859.6991413	1843095.78241	3976733.10559	451193.253742	782731.016533	346377.982609	464655.519311	8060.80774179	12.7939986287	8.13420360101	0.00811135030736	0.216389956251	194.975634054	1.2842575707	196.569774459	11.1302322794	194.975634054	1.2842575707	198.719820235	14.1268332777	6.730048179626465	0.3623454570770263	6.488041877746582	0.2750822305679321	8.856136322021484	3.4297423362731934	6.349239826202393	3.3959946632385254	1.23574772849679	0.002168423030525446
hier	hier	71	16	4	453,456	p0	6	physics	1	4			0	0	0	0	0	0	0	0	0	0	0	0	ADV	hier	4.0	adv	hier	4.0	hier	1.0	772.994594466	772.994594466	939.733505668	835.067969283	2.5685151414	1555.18015179	1424.65413295	1145.28769194	152.826650913	1691894.33642	3675612.8049	383985.062757	572110.634509	223797.283809	192983.24472	17646.9952984	3197.7148496	1274.05336121	0.00997839893916	0.133706185438	0.0	0.0	529.164688332	17.9796059898	0.0	0.0	713.68439635	28.6817524123	5.954541206359863	6.625217437744141	4.597399711608887	3.840123653411865	7.690319538116455	7.637594223022461	7.1494293212890625	6.529480457305908	5.467591285705566	5.664559841156006
im	im	72	17	4	457,458	p0	6	physics	1	2			0	0	0	0	0	0	0	0	0	0	0	0	APPRART	im	2.0	apprart	im	2.0	im	1.0	4320.93800333	4320.93800333	4852.53069013	0.0	0.0	6505.00491667	7332.35049931	6212.43055587	1739.74092244	476263.776674	1003959.79418	79143.642817	44968.7069239	79582.1540543	29361.1246672	37971.7622471	5463.51156905	-0.00817507899599	0.0471865575674	0.258008463415	13165.4578681	0.428085856899	17856.5143979	39.8119846916	13165.4578681	0.428085856899	19278.847342	58.6477623952	5.554851055145264	5.713066577911377	5.12433671951294	5.057682991027832	4.8328752517700195	5.02861213684082	4.322378158569336	4.76934289932251	1.9553132057189941	0.38811683654785156
Magnetfeld	Magnetfeld	73	18	4	459,468	p0	6	physics	1	10			0	0	0	0	0	0	0	0	1	0	0	0	NN	Magnetfeld	10.0	nn	Magnetfeld	10.0	mag-net-feld	3.0	1.0218848745	1.0218848745	1.6350157992	11.4941610684	59.9320199659	6.30342149719	1.80013811404	1141.82963353	3431.10814305	3143477.16537	6990314.1294	176654.251964	387874.040017	63198.9278678	89913.0129539	14815.8918663	4446.16386339	157.198594014	0.007210713888	0.175536497744	0.0	0.0	0.0	0.0	0.0	0.0	0.179851737912	0.856171713799	3.278783798217773	1.514914631843567	5.565759181976318	3.088998317718506	7.6866841316223145	8.118926048278809	6.0154852867126465	5.95296049118042	0.3113950192928314	0.017880704253911972
einen	einen	74	19	4	469,473	p0	6	physics	1	5			0	0	0	0	0	0	0	0	0	0	0	0	ART	einen	5.0	art	eine	4.0	ei-nen	2.0	1964.53688337	2019.39166343	17543.4333976	7303.86082739	14.1268332777	4198.07871713	3586.62000791	27432.3768297	26896.634389	2859514.55384	5933406.53601	624326.327506	955059.118657	461556.498907	499462.324164	45007.5949345	21503.4825387	20569.6023896	0.0187226863739	0.182841381842	2431.18674262	0.428085856899	5300.88472258	16.2672625622	7033.4700896	0.856171713799	11104.7330053	35.1030402658	3.371781826019287	2.880218982696533	1.9034899473190308	2.1516342163085938	2.9155306816101074	2.9764111042022705	3.5997848510742188	3.1515350341796875	0.13144080340862274	0.26920458674430847
Halbkreis	Halbkreis	75	20	4	474,482	p0	6	physics	1	9			0	0	0	0	0	0	0	0	0	0	0	0	NN	Halbkreis	9.0	nn	Halbkreis	9.0	halb-kreis	2.0	2.28902211888	2.28902211888	2.78770193763	26.3401045251	124.144898501	20.170948791	4.28308723687	814.671147188	2153.69994606	2306339.52769	5599471.31397	271283.05584	593582.993005	97684.5421282	208088.25418	10830.0176507	3527.48118614	360.717185619	0.00894897556071	0.137431219757	0.0	0.0	0.0	0.0	0.0	0.0	0.335178238836	0.428085856899	4.822500228881836	5.888573169708252	6.961220741271973	6.987366676330566	7.493551731109619	7.753592014312744	8.078184127807617	7.742281436920166	1.8728582859039307	0.024561705999076366
in	in	76	21	4	483,484	p0	6	physics	1	2			0	0	0	0	0	0	0	0	0	0	0	0	APPR	in	2.0	appr	in	2.0	in	1.0	13129.4221199	13165.4578681	14298.1641135	0.0	0.0	8527.89894355	19687.5208529	18583.5486983	15158.092107	842500.587604	1735372.30627	309490.415689	350022.68855	273957.116004	252232.89583	37971.7622471	15391.66268	-0.00817507899599	0.0682365415668	0.281559937821	0.0	0.0	9683.14399346	42.380499833	0.0	0.0	17389.6438116	75.7711966712	4.62147331237793	3.649442195892334	4.208473205566406	3.802692413330078	3.5726733207702637	3.901686191558838	4.132258415222168	4.6190643310546875	0.2468026876449585	0.22009171545505524
der	der	77	22	4	485,487	p0	6	physics	1	3			0	0	0	0	0	0	0	0	0	0	0	0	ART	der	3.0	art	d	1.0	der	1.0	24738.5901996	26530.3631386	80100.3069113	26530.3631386	0.428085856899	9372.80956103	30912.3596552	38163.5169	19310.096833	1332151.97174	2710999.66609	487983.455471	535760.152056	398226.025843	178781.068331	110461.430317	53801.2331077	27238.2432288	0.129811235347	0.318759302208	0.0	0.0	25590.4497812	36.8153836934	0.0	0.0	33289.1996244	55.22307554	1.2346272468566897	1.7362658977508545	1.2499724626541138	1.6544172763824463	1.2533541917800903	1.3411474227905273	1.318289875984192	1.2679311037063599	0.2517072856426239	0.4226701855659485
x-y-Ebene	x-y-Ebene,	78	23	4	488,496	p0	6	physics	1	9		$,	0	0	0	0	1	0	0	0	1	1	1	0	NN	x-y-Ebene	9.0	nn	x-y-Ebene	9.0																															6.504777908325195	3.93220591545105	6.413808822631836	4.814812660217285	19.55912208557129	18.933652877807617	12.285860061645508	11.152521133422852	84.45955121517181	82.44734713435173
dessen	dessen	79	24	4	498,503	p0	6	physics	1	6			0	0	1	0	0	0	0	0	0	0	0	0	PRELAT	dessen	6.0	prelat	die	3.0	des-sen	2.0	276.530222118	340.892619054	10789.1994813	342.625735801	12.842575707	1349.31040569	628.341312394	17810.1617	28489.9699484	2776463.95902	5935496.02308	684736.139147	979525.509636	518426.885572	500860.452572	110461.430317	53801.2331077	7725.99738151	0.0115689887806	0.141396491303	0.0	0.0	39.9516110534	13.2706615639	0.0	0.0	74.8837236033	16.2672625622	4.51816987991333	4.118185997009277	3.54323959350586	3.57417893409729	3.6058449745178223	3.6276254653930664	3.428238868713379	3.2683815956115723	0.02132323943078518	0.172495037317276
Radius	Radius	80	25	4	504,509	p0	6	physics	1	6			0	0	0	0	0	0	0	0	1	0	0	0	NN	Radius	6.0	nn	Radius	6.0	ra-di-us	3.0	2.12552053896	2.12552053896	2.54244956775	8.51025723483	30.3940958399	14.3718010136	3.80201584432	7034.46744923	36811.5309206	1292003.53749	2887739.19297	132354.55347	245801.333916	81955.9353923	156812.130241	9222.31479046	1128.24265224	119.315277947	0.0128605318538	0.184324387335	0.0	0.0	2.64055051571	4.70894442589	0.0	0.0	2.88580288559	5.56511613969	1.4427322149276731	1.1903687715530396	0.7241097688674927	0.7638973593711853	2.9226768016815186	3.462527275085449	1.9210238456726074	2.142535924911499	0.008931289732572623	0.006994076418777695
durch	durch	81	26	4	510,514	p0	6	physics	1	5			0	0	0	0	0	0	0	0	0	0	0	0	APPR	durch	5.0	appr	durch	5.0	durch	1.0	2265.55146708	2302.17582098	2421.46657369	2302.66632572	6.84937371039	4479.71558962	3888.06554986	3354.08776063	2913.1242562	1088066.18564	2327777.207	307334.132327	365429.926626	203764.587907	61067.3036584	110461.430317	3873.65490622	2945.03133291	0.0339580104325	0.23931799428	0.0	0.0	119.413378894	9.41788885179	0.0	0.0	139.7284502	15.8391767053	4.007754325866699	2.985269546508789	1.776741862297058	1.4958982467651367	3.4150824546813965	3.266983985900879	3.368762254714966	3.0023908615112305	0.006361591629683971	0.008133740164339542
die	die	82	27	4	515,517	p0	6	physics	1	3			0	0	0	0	0	0	0	0	0	0	0	0	ART	die	3.0	art	d	1.0	die	1.0	20527.116504	24520.1275636	80100.3069113	24520.1275636	0.428085856899	9091.29875697	30440.211361	33694.5118659	1928.95487119	1361337.08551	2613060.47141	356516.797331	303924.26305	343523.065172	189343.230678	110461.430317	29991.8223867	29048.3692201	0.0938387928357	0.266249299869	0.0	0.0	15201.9436218	35.5311261227	0.0	0.0	15852.8515865	58.2196765383	0.5931450128555298	0.3133459091186523	0.5275269150733948	0.2898886501789093	1.03229558467865	0.9047665596008301	0.7744453549385071	0.7534986734390259	0.19992446899414062	0.3329137861728668
als	als	83	28	4	518,520	p0	6	physics	1	3			0	0	0	0	0	0	0	0	0	0	0	0	KOKOM	als	3.0	kokom	als	3.0	als	1.0	3463.41309205	4153.65136184	4541.08470562	4153.65136184	0.428085856899	5247.34625955	6981.83567532	4603.69763565	302.228614971	681961.550037	1925878.64622	141980.120382	218560.946583	127440.529836	138813.260388	41334.1231877	9001.42415599	4724.78690573	0.0390845361957	0.243678478051	0.0	0.0	3467.69683344	19.2638635605	0.0	0.0	4065.34415852	32.9626109813	9.784682273864746	9.45670223236084	10.240041732788086	10.52989673614502	8.92020034790039	8.97115707397461	9.695615768432617	9.155259132385254	0.1238207072019577	0.7623055577278137
Zentripetalkraft	Zentripetalkraft	84	29	4	521,536	p0	6	physics	1	16			0	0	0	0	0	0	0	0	1	0	0	0	NN	Zentripetalkraft	16.0	nn	Zentripetalkraft	16.0	zen-tri-pe-tal-kraft	5.0	0.0572255529719	0.0572255529719	0.0572255529719	8.39580612888	59.0758482521	0.756410579663	0.108629024123	5084.03257713	23331.9634586	4715953.25872	11349897.2594	427222.417911	1034621.87176	116481.558489	181526.382931	6468.08162623	2120.85256885	201.777299779	2.03228571429e-06	0.262131984429	0.0	0.0	0.0	0.0	0.0	0.0	0.0	0.0	7.413628578186035	6.59991979598999	8.298151016235352	8.021656036376953	20.1085205078125	18.644277572631836	9.587355613708496	9.19957447052002	2.577680718153715	3.665282817557454
wirkende	wirkende	85	30	4	537,544	p0	6	physics	1	8			0	0	0	0	0	0	0	0	0	0	0	0	ADJA	wirkende	8.0	adja	wirkend	7.0	wir-ken-de	3.0	5.17482500446	5.17482500446	14.7314923508	223.727386883	11.9864039932	43.9978820504	9.77661217111	20998.8349123	43838.9883475	3058938.4364	6353080.50583	552666.013026	870096.490552	225957.049754	292677.591418	34258.3961147	10849.3026621	4840.94660319	0.0436544444392	0.365976748649	0.0	0.0	0.457804423776	1.2842575707	6.79349064567	0.428085856899	10.5458519048	3.4246868552	0.9909358620643616	0.7450917959213257	0.5511487722396851	0.3886143267154693	3.824312210083008	3.6603779792785645	2.240664482116699	2.2883925437927246	0.6017388612963259	0.5187267954461277
Lorentzkraft	Lorentzkraft	86	31	4	545,556	p0	6	physics	1	12			0	0	0	0	0	0	0	1	0	0	0	0	NN			nn																																	1.7166599035263062	3.2958638668060303	1.843753695487976	1.97321617603302	17.470806121826172	17.79618263244629	6.802464485168457	7.8447442054748535	0.021041836007498205	0.024567142827436328
festgelegt	festgelegt	87	32	4	557,566	p0	6	physics	1	10			0	0	0	0	0	0	0	0	0	0	0	0	VVPP	festgelegt	10.0	vvpp	festlegen	9.0	fest-ge-legt	3.0	28.0977465092	28.0977465092	43.5486458117	60.2339820425	44.5209291175	259.700965684	53.1506296604	44095.1007921	95740.9738097	3644345.55905	8508018.47619	348481.716563	746190.035874	121394.437612	141779.039204	12864.091756	1343.79496012	572.672458748	0.0539007191835	0.329820039451	0.0	0.0	0.130801263936	0.856171713799	0.0	0.0	3.21280604543	2.1404292845	4.492588520050049	4.941770076751709	3.522390604019165	3.754286527633667	6.364844799041748	6.17616081237793	3.2975144386291504	3.232877731323242	6.364940166473389	5.864132404327393
und	und	88	33	4	567,569	p0	6	physics	1	3			0	0	0	0	0	0	0	0	0	0	0	0	KON	und	3.0	kon	und	3.0	und	1.0	22313.7473183	22313.7473183	23398.5884761	22313.7473183	0.428085856899	9064.0679761	29467.6401896	23513.5137367	723.037012303	869972.90787	1656300.13956	195202.966651	251153.263298	160187.509171	58920.0250002	32509.3788389	28906.6542257	22352.5789435	0.120238001286	0.419307858966	0.0	0.0	2201.34439665	22.6885504157	0.0	0.0	2454.42031712	42.8085856899	5.835395812988281	5.446743011474609	6.3558125495910645	6.028246402740479	4.648151874542236	4.896214962005615	5.4548163414001465	5.7443060874938965	0.08426538109779358	0.2064080685377121
dessen	dessen	89	34	4	570,575	p0	6	physics	1	6			0	0	0	0	0	0	0	0	0	0	0	0	PRELAT	dessen	6.0	prelat	die	3.0	des-sen	2.0	276.530222118	340.892619054	10789.1994813	342.625735801	12.842575707	1349.31040569	628.341312394	17810.1617	28489.9699484	2776463.95902	5935496.02308	684736.139147	979525.509636	518426.885572	500860.452572	110461.430317	53801.2331077	7725.99738151	0.0115689887806	0.141396491303	0.0	0.0	39.9516110534	13.2706615639	0.0	0.0	74.8837236033	16.2672625622	6.255039215087891	7.610195159912109	1.6662566661834717	2.152620792388916	5.537603378295898	5.710075378417969	5.235689163208008	5.15074348449707	0.05968352034687996	0.6008041501045227
Umlaufszeit	Umlaufszeit	90	35	4	576,586	p0	6	physics	1	11			0	0	0	0	0	0	0	0	1	0	0	0	NN	Umlaufszeit	11.0	nn	Umlaufszeit	11.0	um-laufs-zeit	3.0	0.220727132892	0.220727132892	0.302477922852	0.637656161687	8.56171713799	2.39530016893	0.403479232458	5425.7754044	10146.0628944	2509888.68592	6050111.73041	280917.370087	500008.133631	135215.054486	164219.727909	5614.22732542	736.574617539	15.9659292792	0.0389598328148	0.195132563407	0.0	0.0	0.0	0.0	0.572255529719	0.428085856899	0.572255529719	0.428085856899	7.489110946655273	6.587186813354492	13.97163200378418	11.234432220458984	12.915424346923828	13.246543884277344	13.301925659179688	13.936259269714355	11.45512342453003	10.607480525970459
unabhängig	unabhängig	91	36	4	587,596	p0	6	physics	1	10			0	0	0	0	0	0	0	0	0	0	0	0	ADJD	unabhängig	10.0	adjd	unabhängig	10.0	un-ab-hän-gig	4.0	35.1773649198	35.1773649198	69.2592692541	53.5222421868	16.6953484191	223.141121	65.7826333227	12859.8243648	27993.3903544	2318307.61444	5287029.85471	215631.409952	462850.709338	96132.3071789	84921.9599483	32509.3788389	28906.6542257	200.902566327	0.0191693042522	0.206703045096	0.0	0.0	2.29719719787	0.856171713799	0.0	0.0	11.7721137542	2.1404292845	5.3082709312438965	5.588647842407227	5.272745132446289	5.772368907928467	8.879627227783203	8.796529769897461	6.906315803527832	6.45237922668457	0.4675077795982361	0.6613258719444275
vom	vom	92	37	4	597,599	p0	6	physics	1	3			0	0	0	0	0	0	0	0	0	0	0	0	APPRART	vom	3.0	apprart	vom	3.0	vom	1.0	1070.10149042	1070.10149042	1120.19019943	1070.10149042	0.428085856899	3414.4373566	1889.72602208	1121.14668367	17.123434276	254662.834113	704941.395046	76489.2682427	70161.1315165	70068.4549232	40004.1952414	23102.1601118	13320.2529889	1070.7309715	0.0456636596419	0.247575195203	9646.86299288	0.856171713799	9801.78073985	21.404292845	9646.86299288	0.856171713799	9809.30998761	24.4008938433	1.3569568395614624	1.5931135416030884	1.9828505516052248	1.899974703788757	0.9238497614860535	0.8605674505233765	1.7684804201126099	1.6032483577728271	0.003153234953060746	0.004770920146256685
Radius	Radius	93	38	4	600,605	p0	6	physics	1	6			0	0	0	0	0	0	0	0	1	0	0	0	NN	Radius	6.0	nn	Radius	6.0	ra-di-us	3.0	2.12552053896	2.12552053896	2.54244956775	8.51025723483	30.3940958399	14.3718010136	3.80201584432	7034.46744923	36811.5309206	1292003.53749	2887739.19297	132354.55347	245801.333916	81955.9353923	156812.130241	9222.31479046	1128.24265224	119.315277947	0.0128605318538	0.184324387335	0.0	0.0	2.64055051571	4.70894442589	0.0	0.0	2.88580288559	5.56511613969	3.0778050422668457	3.569278717041016	3.756956100463867	2.9246442317962646	5.439130783081055	5.594170570373535	2.9310197830200195	4.214204788208008	0.0016669074284436647	0.0017790471465559676
ist	ist.	94	39	4	606,608	p0	6	physics	1	3		$.	0	0	0	0	1	1	0	0	0	0	0	0	VAFIN	ist	3.0	vafin	sein	4.0	ist	1.0	6193.1128442	6201.98280491	17044.4184006	6201.98280491	0.428085856899	5647.61352462	10628.2947571	6392.98535058	321.920564388	917956.027182	2251465.76597	202181.475685	311508.232091	153618.244592	108375.49979	37971.7622471	6331.86028492	6216.50992029	0.0707295422332	0.285080866351	0.0	0.0	174.505236248	21.8323787019	0.0	0.0	350.048707529	42.380499833	0.6588622331619263	0.96657133102417	1.060440182685852	1.015757441520691	2.3666982650756836	2.315977096557617	0.8015883564949036	1.3932141065597534	27.382999692112207	28.098830826580524
Wird	Wird	95	1	5	610,613	p0	6	physics	1	4			0	0	0	1	0	0	0	0	0	0	0	0	VAFIN	Wird	4.0	vafin	werden	6.0	wird	1.0	34.695035259	34.727735575	8998.09689884	52.2551049424	4.70894442589	184.059907718	65.9067807789	2383.28895478	15.8391767053	943271.753434	1890098.37413	80295.9283766	91780.7515475	61912.6527635	55821.9676538	13240.8075713	3498.68855792	1347.64542233	0.00280239853449	0.0260991862762	2387.26204317	0.856171713799	2416.07919663	10.2740605656	3001.21047577	1.2842575707	3030.22383113	12.842575707	24.649633407592773	4.682343482971191	19.348207473754883	4.609737873077393	8.070992469787598	7.143881797790527	8.017586708068848	7.823030471801758	1.3592017889022827	0.592957079410553
die	die	96	2	5	614,616	p0	6	physics	1	3			0	0	0	0	0	0	0	0	0	0	0	0	ART	die	3.0	art	d	1.0	die	1.0	20527.116504	24520.1275636	80100.3069113	24520.1275636	0.428085856899	9091.29875697	30440.211361	33694.5118659	1928.95487119	1361337.08551	2613060.47141	356516.797331	303924.26305	343523.065172	189343.230678	110461.430317	29991.8223867	29048.3692201	0.0938387928357	0.266249299869	0.0	0.0	15201.9436218	35.5311261227	0.0	0.0	15852.8515865	58.2196765383	2.357172727584839	1.0746798515319824	2.187464475631714	1.0010595321655271	2.3178443908691406	1.8105775117874146	2.348407030105591	1.4701333045959473	0.07755959779024124	0.2947690784931183
Hochfrequenz	Hochfrequenz	97	3	5	617,628	p0	6	physics	1	12			0	0	0	0	0	0	0	0	1	0	0	0	NN	Hochfrequenz	12.0	nn	Hochfrequenz	12.0	hoch-fre-quenz	3.0	0.0899258689559	0.0899258689559	0.0899258689559	10.300599535	88.1856865213	1.00854743955	0.170702752194	523.221405902	3360.47397666	3130920.15411	7020945.38481	387567.504999	899319.771573	28863.8086367	79522.9411211	10830.0176507	1168.20243837	202.006201991	0.0119180213636	0.188496685636	0.0	0.0	0.0	0.0	0.0	0.0	0.00817507899599	0.428085856899	12.793070793151855	2.8377833366394043	11.951727867126465	3.1852831840515137	11.319369316101074	6.800332546234131	11.915629386901855	4.414069652557373	5.710620403289795	0.7734214505180717
nun	nun	98	4	5	629,631	p0	6	physics	1	3			0	0	0	0	0	0	0	0	0	0	0	0	ADV	nun	3.0	adv	nun	3.0	nun	1.0	611.471383663	611.471383663	786.96580447	611.471383663	0.428085856899	1420.53906861	1143.28944203	1197.21579373	1506.86221629	1123205.61819	2387383.45363	284526.438561	378476.699287	223239.498169	251125.009632	21439.2836433	3127.83427434	672.580099158	0.00867340062493	0.123773351542	2374.50074486	0.428085856899	2817.36929931	28.6817524123	2374.50074486	0.428085856899	2874.01442167	35.5311261227	9.514220237731934	7.89244794845581	11.052497863769531	6.350354671478272	7.751038551330566	6.707914352416992	6.292272567749023	6.2908477783203125	6.150828838348389	10.002069473266602
genau	genau	99	5	5	632,636	p0	6	physics	1	5			0	0	0	0	0	0	0	0	0	0	0	0	ADJD	genau	5.0	adjd	genau	5.0	ge-nau	2.0	168.120499553	169.265010612	247.745768974	320.152443641	14.9830049915	598.572905373	315.334538598	43485.1336229	94844.9901112	1800224.24569	4048112.14137	320398.64432	658027.465989	78373.2724229	86669.4064162	23747.2147199	15623.9820749	967.185420937	0.01487948548	0.168523964174	0.0	0.0	14.1020112681	5.99320199659	0.0	0.0	33.3052718297	8.13363128109	7.956537246704102	5.907608985900879	8.46731185913086	9.34666633605957	7.630168437957764	7.186843395233154	6.427728176116943	6.627281665802002	3.2198901176452637	3.6535961627960205
so	so	100	6	5	637,638	p0	6	physics	1	2			0	0	0	0	0	0	0	0	0	0	0	0	ADV	so	2.0	adv	so	2.0	so	1.0	2876.40154474	2881.65812053	3315.19890985	0.0	0.0	3533.31988603	5044.40599322	7559.98605233	8425.15774964	385490.57713	1127504.08822	67552.2555341	43642.0688533	67539.3225592	31723.3024255	48925.779496	8037.09183762	-0.00817507899599	0.0178285087072	0.131475681059	0.0	0.0	1397.905808	42.8085856899	0.0	0.0	1576.88281246	60.3601058228	1.8914815187454224	1.2569055557250977	1.981650114059448	2.11989688873291	0.9277458190917969	2.4885635375976562	0.9341202974319458	3.3339314460754395	0.021473880857229233	0.024523355066776276
gewählt	gewählt,	101	7	5	639,645	p0	6	physics	1	7		$,	0	0	0	0	0	0	0	0	0	0	0	0	VVPP	gewählt	7.0	vvpp	wählen	6.0	ge-wählt	2.0	51.5765733857	51.5765733857	110.747795159	685.562124604	48.8017876865	414.639066085	96.2453153733	43201.891661	94210.9949571	1647099.83309	3869198.36642	206648.984679	323901.317648	134701.773977	109688.011027	23747.2147199	15623.9820749	1864.82544485	0.0528776294379	0.312068474513	0.0	0.0	38.9379012579	4.28085856899	0.0	0.0	45.5106647707	5.99320199659	8.649147033691406	4.071740627288818	8.109015464782715	2.382383346557617	7.797519207000732	8.470911026000977	7.766725063323975	6.250182628631592	29.928244829177856	30.52382254600525
dass	dass	102	8	5	647,650	p0	6	physics	1	4			0	0	1	0	0	0	0	0	0	0	0	0	KOUS	dass	4.0	kous	dass	4.0	dass	1.0	147.780903011	147.780903011	153.552508782	148.034330459	3.4246868552	363.833488818	251.97278067	154.729720157	3.8527727121	1003972.69599	2406145.60056	229855.777627	221936.403565	206556.835189	132887.26787	110461.430317	19319.7963127	7903.50287175	0.00336324744952	0.0553902165934	0.0	0.0	25.6370477314	20.1200352743	7683.24989344	0.428085856899	7709.39379606	23.9728079864	0.3356412351131439	0.1008864045143127	0.6916573643684387	0.0869065001606941	2.1315579414367676	2.5135457515716553	1.357424259185791	0.39143136143684387	0.05433464050292969	0.20840641856193542
die	die	103	9	5	651,653	p0	6	physics	1	3			0	0	0	0	0	0	0	0	0	0	0	0	ART	die	3.0	art	d	1.0	die	1.0	20527.116504	24520.1275636	80100.3069113	24520.1275636	0.428085856899	9091.29875697	30440.211361	33694.5118659	1928.95487119	1361337.08551	2613060.47141	356516.797331	303924.26305	343523.065172	189343.230678	110461.430317	29991.8223867	29048.3692201	0.0938387928357	0.266249299869	0.0	0.0	15201.9436218	35.5311261227	0.0	0.0	15852.8515865	58.2196765383	1.514515399932861	0.79311203956604	1.42409086227417	0.8587948083877563	1.4185528755187988	1.47594153881073	1.617584466934204	1.3311721086502075	0.03866172581911087	0.026243781670928
Ionen	Ionen	104	10	5	654,658	p0	6	physics	1	5			0	0	0	0	0	0	0	0	1	0	0	0	NN	Ionen	5.0	nn	Ion	3.0	i-o-nen	3.0	1.88844324807	1.88844324807	3.24550636141	2.07647006498	3.4246868552	5.92521620736	3.38301817984	24257.5849016	62859.6991413	1843095.78241	3976733.10559	451193.253742	782731.016533	346377.982609	464655.519311	8060.80774179	12.7939986287	8.13420360101	0.00811135030736	0.216389956251	194.975634054	1.2842575707	196.569774459	11.1302322794	194.975634054	1.2842575707	198.719820235	14.1268332777	8.346705436706543	1.315876841545105	8.807256698608398	2.898132562637329	9.307969093322754	4.095004558563232	8.159295082092285	3.7589800357818604	1.6736795695032924	0.001900189381558448
nach	nach	105	11	5	659,662	p0	6	physics	1	4			0	0	0	0	0	0	0	0	0	0	0	0	APPR	nach	4.0	appr	nach	2.0	zu	1.0	2391.39045807	2502.6941586	2810.50223295	2502.74320907	2.1404292845	4686.84602002	4309.48408973	3967.0388336	3346.34714338	1067927.15648	2448323.1877	213866.982652	365842.601392	118034.496495	66628.5670254	21439.2836433	4139.62292628	3075.39114258	0.0451554294378	0.247249102273	0.0	0.0	2812.17812415	22.2604645588	0.0	0.0	2844.01188176	30.8221816968	4.759960174560547	3.833460807800293	5.343375205993652	4.241552352905273	5.796814918518066	6.843998908996582	5.854583740234375	5.431380271911621	1.4012421369552612	1.8365812301635742
Durchlaufen	Durchlaufen	106	12	5	663,673	p0	6	physics	1	11			0	0	0	0	0	0	0	0	0	0	0	0	NN	Durchlaufen	11.0	nn	Durchlaufen	11.0	durch-lau-fen	3.0	0.36787855482	0.384228712812	0.392403791808	21.3941817325	75.7711966712	4.66453190792	0.729366304829	7485.52743284	13527.513078	2790460.38914	6502879.30547	621244.061122	1177258.79502	375467.685029	510851.120301	19121.5915224	897.590973444	345.266286317	0.001711904	0.133874925021	4.16929028796	0.428085856899	4.21016568294	1.2842575707	4.16929028796	0.428085856899	4.23469091992	1.7123434276	6.182965278625488	5.266800880432129	6.16153621673584	7.14655876159668	13.005846977233887	12.116695404052734	9.944941520690918	9.462712287902832	0.0972045511007309	0.14403831958770752
des	des	107	13	5	674,676	p0	6	physics	1	3			0	0	0	0	0	0	0	0	0	0	0	0	ART	des	3.0	art	d	1.0	des	1.0	7101.07799289	7101.07799289	80100.3069113	7101.07799289	0.428085856899	7430.34719246	10967.4656073	9589.02430898	7300.14811771	1261615.62435	2602206.35451	326044.476501	328517.367443	261724.107647	165779.244685	110461.430317	53801.2331077	7725.99738151	0.121698304848	0.352013185599	44055.247282	1.2842575707	49782.1108458	35.9592119796	44055.247282	1.2842575707	54875.2749862	52.2264745417	0.9856130480766296	1.7627922296524048	1.3000649213790894	2.2181038856506348	1.355750322341919	1.2450246810913086	0.9730013608932495	0.8481309413909912	0.10746259987354279	0.11477635055780411
Halbkreises	Halbkreises	108	14	5	677,687	p0	6	physics	1	11			0	0	0	0	0	0	0	0	0	0	0	0	NN	Halbkreises	11.0	nn	Halbkreis	9.0	halb-krei-ses	3.0	0.0981009479519	0.0981009479519	2.78770193763	12.7449481548	125.857241928	1.51282115933	0.186221184212	1926.17941272	5214.51382289	3348312.31258	7952269.71121	359387.590771	782767.403831	120399.538674	248760.691444	10830.0176507	3527.48118614	360.717185619	0.00400197508333	0.132070234417	0.0	0.0	0.0654006319679	0.428085856899	0.335178238836	0.428085856899	0.400578870804	0.856171713799	12.886055946350098	2.0367259979248047	15.220552444458008	0.6683365106582642	9.5449800491333	2.784511089324951	8.263360977172852	2.2620651721954346	0.020477107143960893	0.06287546386010945
immer	immer	109	15	5	688,692	p0	6	physics	1	5			0	0	0	0	0	0	0	0	0	0	0	0	ADV	immer	5.0	adv	immer	5.0	im-mer	2.0	971.125809013	971.125809013	1019.53862683	972.433821652	2.5685151414	1980.66110285	1756.2519883	8608.72606134	6974.37478061	1695411.64781	3714630.26225	355353.254687	523192.835555	248182.195566	169439.806848	37971.7622471	5463.51156905	1044.88137171	0.0148459878394	0.162126034749	0.0	0.0	49.2548509509	4.70894442589	0.0	0.0	176.540830918	14.9830049915	5.617020130157471	6.552263259887695	5.104457378387451	6.62888240814209	4.200876235961914	4.589797019958496	4.102442741394043	4.497674465179443	5.744408130645752	5.300295829772949
zu	zu	110	16	5	693,694	p0	6	physics	1	2			0	0	0	0	0	0	0	0	0	0	0	0	APPR	zu	2.0	appr	zu	2.0	zu	1.0	2657.22767686	8897.95218113	9058.93583672	0.0	0.0	7088.44961045	13807.9438853	16158.8284432	13822.8923193	227861.336305	547892.533326	51760.5780638	28442.4524183	57219.5279387	16021.5412803	19838.2434724	15326.7362026	-0.00817507899599	0.0592554444736	0.308475260123	0.0	0.0	1383.3868677	35.9592119796	0.0	0.0	4752.13254498	50.5141311141	5.534584999084473	5.809304237365723	4.682656764984131	4.296361446380615	5.391848564147949	5.306820869445801	5.66196346282959	5.492074966430664	0.021426275372505188	0.022540787234902382
einem	einem	111	17	5	695,699	p0	6	physics	1	5			0	0	0	0	0	0	0	0	0	0	0	0	ART	einem	5.0	art	eine	4.0	ei-nem	2.0	1782.61685047	1790.34230012	17543.4333976	7303.86082739	14.1268332777	3919.97176067	3153.9350864	17827.7708202	6388.75332837	2493277.74291	5201994.02392	301314.568235	387807.68671	171268.730649	89262.7505372	45007.5949345	21503.4825387	20569.6023896	0.0251622544387	0.156656778568	4450.57840605	0.856171713799	5459.35045384	11.5583181363	9052.86175303	1.2842575707	10785.1855175	20.9762069881	2.2200803756713867	1.8175737857818604	1.590752363204956	1.0104687213897705	2.273005247116089	2.0402278900146484	1.9993304014205933	1.8468286991119385	0.7762589454650879	0.6296942234039307
Zeitpunkt	Zeitpunkt	112	18	5	700,708	p0	6	physics	1	9			0	0	0	0	0	0	0	0	0	0	0	0	NN	Zeitpunkt	9.0	nn	Zeitpunkt	9.0	zeit-punkt	2.0	41.1615227448	41.1615227448	44.4397294222	133.597140953	80.908226954	329.290739013	76.1799827745	1833.52306738	3381.87826951	2438210.90129	5666928.65521	290025.961353	501309.942722	115293.817612	146259.385782	6468.08162623	2120.85256885	1435.89540009	0.0176100759231	0.136581776983	0.0	0.0	0.106276026948	2.5685151414	0.0	0.0	1.89661832707	5.13703028279	5.14341402053833	3.3426218032836914	3.5329911708831787	1.8200201988220213	5.440574645996094	5.603628158569336	4.963830947875977	5.110742568969727	0.48377472162246704	0.295091450214386
wieder	wieder	113	19	5	709,714	p0	6	physics	1	6			0	0	0	0	0	0	0	0	0	0	0	0	ADV	wieder	6.0	adv	wieder	6.0	wie-der	2.0	1049.85999482	1064.2317837	1089.9178819	1076.68242901	11.9864039932	2297.34499887	1944.08708944	44007.4230698	21289.9939212	2532830.99871	5163375.97068	517165.806061	673640.613361	294945.045361	194392.931446	34258.3961147	10849.3026621	4473.9509569	0.0332591041392	0.208030500245	0.0	0.0	102.809793454	8.56171713799	0.0	0.0	236.137156799	12.4144898501	2.509240865707397	2.1836605072021484	1.6643637418746948	1.5642039775848389	4.0480637550354	4.200929641723633	3.7380802631378174	3.444350481033325	1.6684504747390747	1.6626776456832886
am	am	114	20	5	715,716	p0	6	physics	1	2			0	0	0	0	0	0	0	0	0	0	0	0	APPRART	am	2.0	apprart	am	2.0	am	1.0	1456.07967013	1474.58804898	1784.21916595	0.0	0.0	4486.7754217	2615.11960831	2154.98352366	1998.30478001	351161.442057	917762.56646	82561.7332711	74007.0548549	76871.8292394	45987.9793491	41334.1231877	1762.35082964	-0.00817507899599	0.0458989277095	0.257271069198	10228.6424896	1.2842575707	11986.0882719	39.8119846916	10228.6424896	1.2842575707	12616.1089098	64.6409643918	2.286487340927124	2.300787925720215	3.079619646072388	3.679960012435913	5.405657768249512	5.262113571166992	4.437051773071289	3.9675097465515137	1.4349064826965332	2.5157318115234375
Spalt	Spalt	115	21	5	717,721	p0	6	physics	1	5			0	0	0	0	0	0	0	0	0	0	0	0	NN	Spalt	5.0	nn	Spalt	5.0	spalt	1.0	4.51264360579	4.56169407976	4.65979502772	12.6223219698	21.404292845	34.1645445148	8.48858231364	16.6853362308	113.442752078	748712.353526	2199560.35582	157044.763552	284078.202724	123534.468917	183996.438326	26995.0755041	1649.89444297	302.265370798	0.0154166165986	0.147427756256	0.0	0.0	0.138976342932	1.7123434276	0.0	0.0	4.18564044595	4.28085856899	7.569056034088135	4.718712329864502	6.111177444458008	4.078018665313721	8.900125503540039	5.996199607849121	9.50654411315918	7.011417865753174	1.718971947208047	0.003047588630579412
ankommen	ankommen,	116	22	5	722,729	p0	6	physics	1	8		$,	0	0	0	0	1	0	0	0	0	0	0	0	VVFIN	ankommen	8.0	vvfin	ankommen	8.0	an-kom-men	3.0	0.130801263936	6.04138337804	41.1860479818	10.7992793537	23.5447221295	59.5042989335	11.421565965	22147.1392084	43063.2967748	2344439.37708	5329285.78156	505375.993261	904834.801668	395122.618705	501601.897277	41334.1231877	8435.34898599	53.1788888689	0.0226144653035	0.186620527912	0.0	0.0	0.743932188635	1.2842575707	0.0	0.0	2.28084703988	3.8527727121	1.1739537715911863	1.6117147207260132	1.9476475715637207	1.3354815244674685	4.474143028259277	3.5071518421173096	2.4948363304138184	2.586268663406372	29.229169011116028	28.708789587020874
bei	bei	117	23	5	731,733	p0	6	physics	1	3			0	0	1	0	0	0	0	0	0	0	0	0	APPR	bei	3.0	appr	bei	3.0	bei	1.0	2135.91106436	2161.86694017	2489.87563473	2161.86694017	0.428085856899	4322.25612062	3715.43851209	5555.26048062	4566.8199214	1219263.07434	2569992.0376	157298.346328	245814.176491	54673.4895113	42554.7307768	20337.830725	14068.4280436	3488.24080696	0.0361569463119	0.220877330072	0.0	0.0	1512.16888713	28.2536665554	0.0	0.0	1895.89892012	38.0996412641	3.139975070953369	3.739047288894653	3.5322341918945312	3.5243682861328125	3.954561710357666	3.98830509185791	3.365203380584717	5.132464408874512	3.820547580718994	3.2127065658569336
dem	dem	118	24	5	734,736	p0	6	physics	1	3			0	0	0	0	0	0	0	0	0	0	0	0	PRELS	dem	3.0	prels	die	3.0	dem	1.0	486.597051999	5616.24656993	10789.1994813	5616.24656993	0.428085856899	6562.36605229	9206.65119996	6667.98683292	1002.148991	1098350.78654	2107258.1957	260311.257794	170837.935256	214520.302265	48324.4719561	110461.430317	53801.2331077	5810.24119451	0.0776634434188	0.228051977566	43473.0753814	1.2842575707	43630.2003997	29.966009983	43473.0753814	1.2842575707	43925.3698019	41.0962422623	0.0601084940135479	0.0233308151364326	0.0335686542093753	0.0148889506235718	0.12343250960111618	0.13715779781341553	0.10290353745222092	0.08982161432504654	0.03605881333351135	0.031225504353642464
die	die	119	25	5	737,739	p0	6	physics	1	3			0	0	0	0	0	0	0	0	0	0	0	0	ART	die	3.0	art	d	1.0	die	1.0	20527.116504	24520.1275636	80100.3069113	24520.1275636	0.428085856899	9091.29875697	30440.211361	33694.5118659	1928.95487119	1361337.08551	2613060.47141	356516.797331	303924.26305	343523.065172	189343.230678	110461.430317	29991.8223867	29048.3692201	0.0938387928357	0.266249299869	0.0	0.0	15201.9436218	35.5311261227	0.0	0.0	15852.8515865	58.2196765383	1.2053823471069336	0.8593215942382812	1.1067324876785278	0.8453598618507385	1.463624358177185	1.6569702625274658	1.2397291660308838	1.3699947595596313	0.01694299466907978	0.00896464753895998
richtige	richtige	120	26	5	740,747	p0	6	physics	1	8			0	0	0	0	0	0	0	0	0	0	0	0	ADJA	richtige	8.0	adja	richtig	7.0	rich-ti-ge	3.0	42.1261820664	42.1261820664	239.112885554	74.1724917306	13.6987474208	239.782153753	78.5698213053	55126.004659	145515.800649	2614017.78997	5886824.3735	460595.894425	909272.33966	229221.342447	317430.799921	4443.89936651	666.514190543	339.600956573	0.00297070766867	0.0711946627343	51.2413951469	0.428085856899	62.7519063732	6.42128785349	178.32299814	0.856171713799	247.565917236	10.2740605656	8.13316822052002	8.316251754760742	6.831465244293213	7.724769115447998	8.45482063293457	8.342687606811523	7.232614517211914	8.350081443786621	5.760416030883789	5.657046318054199
Polarität	Polarität	121	27	5	748,756	p0	6	physics	1	9			0	0	0	0	0	0	0	0	1	0	0	0	NN	Polarität	9.0	nn	Polarität	9.0	po-la-ri-tät	4.0	2.34624767185	2.34624767185	2.52609940976	52.4758320753	122.004469216	11.3461586949	4.32964253292	9944.84462228	46424.6269232	1832600.41161	4808488.08637	206086.809022	467123.00619	104893.285911	150627.14578	10343.3797233	1242.11332757	670.789756858	0.0123340807805	0.157605594334	0.0	0.0	0.024525236988	0.856171713799	0.0	0.0	0.032700315984	1.2842575707	4.775670051574707	4.2969279289245605	4.260022163391113	3.227499961853028	8.294205665588379	8.562970161437988	6.005769729614258	5.03622579574585	3.2549407333135605	2.6773279905319214
der	der	122	28	5	757,759	p0	6	physics	1	3			0	0	0	0	0	0	0	0	0	0	0	0	ART	der	3.0	art	d	1.0	der	1.0	24738.5901996	26530.3631386	80100.3069113	26530.3631386	0.428085856899	9372.80956103	30912.3596552	38163.5169	19310.096833	1332151.97174	2710999.66609	487983.455471	535760.152056	398226.025843	178781.068331	110461.430317	53801.2331077	27238.2432288	0.129811235347	0.318759302208	0.0	0.0	25590.4497812	36.8153836934	0.0	0.0	33289.1996244	55.22307554	2.272055387496948	1.320682168006897	2.736565589904785	1.442103385925293	3.302171230316162	3.4259164333343506	1.8678553104400635	1.4597723484039307	1.1988911628723145	0.855291485786438
Beschleunigungsspannung	Beschleunigungsspannung	123	29	5	760,782	p0	6	physics	1	23			0	0	0	0	0	0	0	0	1	0	0	0	NN	Beschleunigungsspannung	23.0	nn	Beschleunigungsspannung	23.0	be-schleu-ni-gungs-span-nung	6.0																													7.733046054840088	7.589216709136963	4.889010429382324	3.8543388843536377	13.634389877319336	12.93545150756836	14.332253456115723	11.678284645080566	2.734828877262771	1.5936984131112695
anliegt	anliegt,	124	30	5	783,789	p0	6	physics	1	7		$,	0	0	0	0	1	0	0	0	0	0	0	0	VVFIN	anliegt	7.0	vvfin	anliegen	8.0	an-liegt	2.0	0.523205055744	0.523205055744	2.64055051571	14.7233172718	14.1268332777	5.92521620736	0.993179649128	12992.5631225	19287.8363685	2438357.44776	5642317.9993	299233.283049	425239.085951	148122.237084	125666.743722	41334.1231877	8435.34898599	54.0127469265	0.0505256421563	0.413370324984	0.0	0.0	0.0981009479519	0.428085856899	1.54508993024	0.428085856899	1.72494166815	1.2842575707	4.957799434661865	3.2969369888305664	2.2253332138061523	0.7704513072967529	8.340473175048828	7.61577844619751	6.3237152099609375	4.939856052398682	28.77513027191162	26.52488885074854
nimmt	nimmt	125	31	5	791,795	p0	6	physics	1	5			0	0	1	0	0	0	0	0	0	0	0	0	VVFIN	nimmt	5.0	vvfin	nehmen	6.0	nimmt	1.0	112.807915066	112.807915066	699.917563321	113.355645358	5.56511613969	530.748090063	212.090410385	185.222764812	33.8187826951	1334205.47801	2986087.63774	148533.558008	177340.559423	121337.82519	93346.6896121	21439.2836433	8395.39737493	135.57551007	0.0252030862967	0.17884876726	0.0	0.0	4.78242121266	5.56511613969	0.0	0.0	14.339088559	7.70554542419	7.839956760406494	7.166606426239014	7.498894691467285	7.772597789764404	7.300833225250244	6.678380966186523	6.633572578430176	5.968688011169434	4.681007385253906	6.490881443023682
ihre	ihre	126	32	5	796,799	p0	6	physics	1	4			0	0	0	0	0	0	0	0	0	0	0	0	PPOSAT	ihre	4.0	pposat	ihr	3.0	ih-re	2.0	982.399242948	982.399242948	3655.35577179	983.102299742	4.28085856899	2645.41993394	1735.69006588	14745.4799109	31582.0340928	1691894.33642	3675612.8049	236357.164525	320611.477838	193283.498978	188792.284181	37971.7622471	6598.66216304	3742.25686152	0.012373382704	0.169595036524	0.0	0.0	200.093233506	13.2706615639	1057.47099337	0.428085856899	2928.26424589	18.4076918467	5.747328281402588	3.613664150238037	5.014763355255127	2.636035680770874	6.038158893585205	4.502279281616211	5.162230968475342	3.4902899265289307	1.3202025890350342	0.925215482711792
kinetische	kinetische	127	33	5	800,809	p0	6	physics	1	10			0	0	0	0	0	0	0	1	0	0	0	0	ADJA	kinetische	10.0	adja	kinetisch	9.0	ki-ne-ti-sche	4.0	0.866558373575	0.866558373575	1.4306388243	12.6795475228	16.2672625622	4.53846347798	1.5828800658	29858.0290439	84454.4901926	3708355.82264	8212742.40362	549613.536629	1103601.48631	256017.984258	450646.83773	11052.747678	102.572716163	34.2208806772	0.00134087732075	0.116834546	0.0	0.0	0.04087539498	0.428085856899	0.0	0.0	0.53138013474	2.5685151414	2.344550848007202	2.679518461227417	2.941625595092773	1.699275016784668	7.74999475479126	7.340372562408447	6.882876873016357	6.079755783081055	0.0030856577795930207	0.004524337506154552
Energie	Energie	128	34	5	810,816	p0	6	physics	1	7			0	0	0	0	0	0	0	0	1	0	0	0	NN	Energie	7.0	nn	Energie	7.0	e-ner-gie	3.0	35.9294721874	35.9294721874	41.0388965599	36.0193980563	3.8527727121	230.579158367	65.0222301539	13112.9329856	33433.5054238	2876982.82556	6217316.07291	450008.17794	759201.705494	203236.919258	239974.229231	14903.9783425	1881.82960917	74.0743907827	0.0311393321197	0.222351012169	0.0	0.0	0.0981009479519	1.7123434276	0.0	0.0	6.42561209085	4.28085856899	0.0063553401269018	0.0039909319020807	0.0043303216807544	0.0024116782005876	0.46430352330207825	0.6026081442832947	0.04047445207834244	0.02809559740126133	0.4435403347015381	0.525519073009491
bei	bei	129	35	5	817,819	p0	6	physics	1	3			0	0	0	0	0	0	0	0	0	0	0	0	APPR	bei	3.0	appr	bei	3.0	bei	1.0	2135.91106436	2161.86694017	2489.87563473	2161.86694017	0.428085856899	4322.25612062	3715.43851209	5555.26048062	4566.8199214	1219263.07434	2569992.0376	157298.346328	245814.176491	54673.4895113	42554.7307768	20337.830725	14068.4280436	3488.24080696	0.0361569463119	0.220877330072	0.0	0.0	1512.16888713	28.2536665554	0.0	0.0	1895.89892012	38.0996412641	4.894879817962647	4.119397640228272	3.7954392433166495	2.20279312133789	4.85565185546875	5.030200958251953	4.808200359344482	5.198578834533691	3.060814380645752	2.8432998657226562
Durchlaufen	Durchlaufen	130	36	5	820,830	p0	6	physics	1	11			0	0	0	0	0	0	0	0	0	0	0	0	NN	Durchlaufen	11.0	nn	Durchlaufen	11.0	durch-lau-fen	3.0	0.36787855482	0.384228712812	0.392403791808	21.3941817325	75.7711966712	4.66453190792	0.729366304829	7485.52743284	13527.513078	2790460.38914	6502879.30547	621244.061122	1177258.79502	375467.685029	510851.120301	19121.5915224	897.590973444	345.266286317	0.001711904	0.133874925021	4.16929028796	0.428085856899	4.21016568294	1.2842575707	4.16929028796	0.428085856899	4.23469091992	1.7123434276	2.874842643737793	3.9872584342956543	5.949490547180176	7.419635772705078	8.183883666992188	8.602027893066406	7.8417649269104	7.565327167510986	0.11189518868923187	0.3446883112192154
des	des	131	37	5	831,833	p0	6	physics	1	3			0	0	0	0	0	0	0	0	0	0	0	0	ART	des	3.0	art	d	1.0	des	1.0	7101.07799289	7101.07799289	80100.3069113	7101.07799289	0.428085856899	7430.34719246	10967.4656073	9589.02430898	7300.14811771	1261615.62435	2602206.35451	326044.476501	328517.367443	261724.107647	165779.244685	110461.430317	53801.2331077	7725.99738151	0.121698304848	0.352013185599	44055.247282	1.2842575707	49782.1108458	35.9592119796	44055.247282	1.2842575707	54875.2749862	52.2264745417	0.128543734550476	0.5281741619110107	0.5282739996910095	0.6764588952064514	0.38825544714927673	0.452014684677124	0.2820456624031067	0.51884925365448	0.14382140338420868	0.25498801469802856
Spaltes	Spaltes	132	38	5	834,840	p0	6	physics	1	7			0	0	0	0	0	0	0	0	0	0	0	0	NN	Spaltes	7.0	nn	Spalt	5.0	spal-tes	2.0	0.0572255529719	0.0572255529719	4.65979502772	73.6983371489	43.6647574037	0.630342149719	0.108629024123	1312.37813154	7708.54202519	1790685.13841	4552358.75307	266886.449305	630199.744861	128978.842626	267513.420492	26995.0755041	1649.89444297	302.265370798	0.00404833771429	0.136767578143	4.62709471173	0.856171713799	4.67614518571	1.2842575707	8.26500486495	1.2842575707	8.37945597089	2.9966009983	2.6636264324188232	3.0291190147399902	2.570734024047852	2.312894821166992	6.0086188316345215	6.5781660079956055	5.773802757263184	5.848736763000488	13.96911883354187	14.02023696899414
zu	zu,	133	39	5	841,842	p0	6	physics	1	2		$,	0	0	0	0	1	0	0	0	0	0	0	0	PTKVZ	zu	2.0	ptkvz	zu	2.0	zu	1.0	265.747292923	8897.95218113	9058.93583672	0.0	0.0	7088.44961045	13807.9438853	16158.8284432	13822.8923193	227861.336305	547892.533326	51760.5780638	28442.4524183	57219.5279387	16021.5412803	19838.2434724	15326.7362026	-0.00817507899599	0.0592554444736	0.308475260123	0.0	0.0	1383.3868677	35.9592119796	0.0	0.0	4752.13254498	50.5141311141	3.092545509338379	2.579618215560913	3.5882909297943115	3.0751376152038574	4.830170631408691	5.078383445739746	4.4273223876953125	5.230420112609863	25.014493584632874	25.10110831260681
ihre	ihre	134	40	5	844,847	p0	6	physics	1	4			0	0	1	0	0	0	0	0	0	0	0	0	PPOSAT	ihre	4.0	pposat	ihr	3.0	ih-re	2.0	982.399242948	982.399242948	3655.35577179	983.102299742	4.28085856899	2645.41993394	1735.69006588	14745.4799109	31582.0340928	1691894.33642	3675612.8049	236357.164525	320611.477838	193283.498978	188792.284181	37971.7622471	6598.66216304	3742.25686152	0.012373382704	0.169595036524	0.0	0.0	200.093233506	13.2706615639	1057.47099337	0.428085856899	2928.26424589	18.4076918467	4.291297912597656	4.351179122924805	4.944255352020264	5.632587909698486	7.377131462097168	6.9578070640563965	5.718907356262207	5.080543041229248	1.1710189580917358	2.1554994583129883
Geschwindigkeit	Geschwindigkeit	135	41	5	848,862	p0	6	physics	1	15			0	0	0	0	0	0	0	0	1	0	0	0	NN	Geschwindigkeit	15.0	nn	Geschwindigkeit	15.0	gesch-win-dig-keit	4.0	21.6312590234	21.6312590234	24.0429073272	110.273640577	448.205892174	109.175260331	39.4633726208	3581.2486807	8714.5437889	4505781.1747	9718635.43352	672006.41299	1221704.80912	202765.895732	371810.546323	15129.6759234	8582.12435428	2602.0213684	0.0149868699592	0.13287638335	0.0	0.0	0.0572255529719	0.856171713799	0.0	0.0	0.0981009479519	2.5685151414	1.7805819511413574	1.6584702730178833	1.7954015731811523	2.090301752090454	5.435726642608643	5.2972564697265625	4.06282377243042	3.554659366607666	1.8163031339645386	1.2705804109573364
wächst	wächst	136	42	5	863,868	p0	6	physics	1	6			0	0	0	0	0	0	0	0	0	0	0	0	VVFIN	wächst	6.0	vvfin	wachsen	7.0	wächst	1.0	21.9500871042	21.9500871042	85.5603767721	21.9500871042	0.428085856899	155.94664784	40.7824393423	29.1278064627	16.2672625622	984865.402679	2467529.25967	301155.056094	515849.878852	139613.304212	114491.134342	34258.3961147	1068.63815128	23.0128473737	0.0298506221058	0.212950130874	0.0	0.0	3.58885967924	2.5685151414	0.0	0.0	3.85046220711	4.28085856899	3.619140386581421	3.928913354873657	3.4204108715057373	4.130757808685303	6.287905693054199	6.212588310241699	5.460079669952393	5.645693778991699	5.289386749267578	5.120816230773926
und	und	137	43	5	869,871	p0	6	physics	1	3			0	0	0	0	0	0	0	0	0	0	0	0	KON	und	3.0	kon	und	3.0	und	1.0	22313.7473183	22313.7473183	23398.5884761	22313.7473183	0.428085856899	9064.0679761	29467.6401896	23513.5137367	723.037012303	869972.90787	1656300.13956	195202.966651	251153.263298	160187.509171	58920.0250002	32509.3788389	28906.6542257	22352.5789435	0.120238001286	0.419307858966	0.0	0.0	2201.34439665	22.6885504157	0.0	0.0	2454.42031712	42.8085856899	2.347161293029785	1.390962839126587	1.9806318283081052	1.2081778049468994	1.6681303977966309	1.8129507303237915	2.592585563659668	2.52962064743042	0.6424947381019592	1.3772321939468384
daher	daher	138	44	5	872,876	p0	6	physics	1	5			0	0	0	0	0	0	0	0	0	0	0	0	PAV	daher	5.0	adv	daher	5.0	da-her	2.0	150.217076551	173.957505956	207.164676837	250.083841566	2.9966009983	792.844355916	327.873431668	8923.01697334	13313.8982354	1786434.84126	3838823.53445	464127.504026	587392.443428	329901.91205	175046.01923	110461.430317	19319.7963127	312.034590198	0.00461700568254	0.191980805718	0.0	0.0	37.2211346688	4.70894442589	0.0	0.0	37.6217135396	8.56171713799	6.095462799072266	6.240353107452393	6.60159158706665	8.054147720336914	6.760969638824463	6.820387840270996	7.859549522399902	8.286298751831055	5.849049091339111	5.337474822998047
auch	auch	139	45	5	877,880	p0	6	physics	1	4			0	0	0	0	0	0	0	0	0	0	0	0	ADV	auch	4.0	adv	auch	4.0	auch	1.0	3657.70201947	3657.70201947	4062.31120421	3657.7265447	1.7123434276	5011.09402184	6605.29644085	4063.36578941	38.527727121	772506.125321	1894232.82734	249438.811483	395247.390817	147745.267841	76885.5041567	41334.1231877	16266.7803613	3659.42696113	0.0286380221234	0.178284036154	0.0	0.0	662.908980706	17.9796059898	0.0	0.0	722.251879138	30.8221816968	0.6905727386474609	0.5878482460975647	1.823830485343933	1.4802597761154177	3.037846326828003	3.026728630065918	1.7290095090866089	1.4841583967208862	0.8615304827690125	0.7359170913696289
der	der	140	46	5	881,883	p0	6	physics	1	3			0	0	0	0	0	0	0	0	0	0	0	0	ART	der	3.0	art	d	1.0	der	1.0	24738.5901996	26530.3631386	80100.3069113	26530.3631386	0.428085856899	9372.80956103	30912.3596552	38163.5169	19310.096833	1332151.97174	2710999.66609	487983.455471	535760.152056	398226.025843	178781.068331	110461.430317	53801.2331077	27238.2432288	0.129811235347	0.318759302208	0.0	0.0	25590.4497812	36.8153836934	0.0	0.0	33289.1996244	55.22307554	2.7983598709106445	2.9135708808898926	1.901138424873352	1.6201673746109009	1.7874932289123535	1.8520758152008057	1.9844335317611694	2.2587451934814453	1.5724364519119263	1.5068415403366089
Radius	Radius	141	47	5	884,889	p0	6	physics	1	6			0	0	0	0	0	0	0	0	1	0	0	0	NN	Radius	6.0	nn	Radius	6.0	ra-di-us	3.0	2.12552053896	2.12552053896	2.54244956775	8.51025723483	30.3940958399	14.3718010136	3.80201584432	7034.46744923	36811.5309206	1292003.53749	2887739.19297	132354.55347	245801.333916	81955.9353923	156812.130241	9222.31479046	1128.24265224	119.315277947	0.0128605318538	0.184324387335	0.0	0.0	2.64055051571	4.70894442589	0.0	0.0	2.88580288559	5.56511613969	5.558800220489502	1.5724287033081057	3.758265733718872	0.3648354709148407	5.488626003265381	4.827121734619141	4.326956748962402	2.98905873298645	0.0008495407819282264	0.0006814916559960693
des	des	142	48	5	890,892	p0	6	physics	1	3			0	0	0	0	0	0	0	0	0	0	0	0	ART	des	3.0	art	d	1.0	des	1.0	7101.07799289	7101.07799289	80100.3069113	7101.07799289	0.428085856899	7430.34719246	10967.4656073	9589.02430898	7300.14811771	1261615.62435	2602206.35451	326044.476501	328517.367443	261724.107647	165779.244685	110461.430317	53801.2331077	7725.99738151	0.121698304848	0.352013185599	44055.247282	1.2842575707	49782.1108458	35.9592119796	44055.247282	1.2842575707	54875.2749862	52.2264745417	1.1245298385620115	0.8174333572387695	1.255870342254639	1.0718618631362915	1.3750662803649902	1.3361564874649048	1.0484422445297241	1.1950968503952026	0.014069418422877789	0.018377041444182396
nächsten	nächsten	143	49	5	893,900	p0	6	physics	1	8			0	0	0	0	0	0	0	0	0	0	0	0	ADJA	nächsten	8.0	adja	nächst	6.0	näch-sten	2.0	142.385350873	142.385350873	202.880935444	155.097598712	4.28085856899	727.036635486	267.708470736	3209.38068733	8651.18708208	2643700.92955	5948559.49109	654436.067232	1269847.34458	389214.668966	553287.271295	21439.2836433	537.666770487	226.179910582	0.00716626885262	0.0716960618366	0.0	0.0	17.0286895487	2.9966009983	0.0	0.0	61.7708968937	5.56511613969	7.340588569641113	7.98908519744873	8.907697677612305	7.67114782333374	7.353360176086426	8.183265686035156	7.595880031585693	7.872172832489014	3.1361491680145264	3.0284790992736816
Halbkreises	Halbkreises.	144	50	5	901,911	p0	6	physics	1	11		$.	0	0	0	0	1	1	0	0	0	0	0	0	NN	Halbkreises	11.0	nn	Halbkreis	9.0	halb-krei-ses	3.0	0.0981009479519	0.0981009479519	2.78770193763	12.7449481548	125.857241928	1.51282115933	0.186221184212	1926.17941272	5214.51382289	3348312.31258	7952269.71121	359387.590771	782767.403831	120399.538674	248760.691444	10830.0176507	3527.48118614	360.717185619	0.00400197508333	0.132070234417	0.0	0.0	0.0654006319679	0.428085856899	0.335178238836	0.428085856899	0.400578870804	0.856171713799	1.0086500644683838	0.7526971697807312	1.2773888111114502	1.0393462181091309	4.951327323913574	2.7310574054718018	3.5682904720306396	2.269143581390381	24.36593498243019	25.00761779071763
Die	Die	145	1	6	913,915	p0	6	physics	1	3			0	0	0	1	0	0	0	0	0	0	0	0	ART	Die	3.0	art	d	1.0	die	1.0	4044.09712821	4092.99227569	80100.3069113	4092.99227569	0.428085856899	7006.50513099	7668.65043956	33694.5118659	1928.95487119	1162034.30857	2398782.95191	235702.357048	295575.732669	203871.746843	202066.798517	19121.5915224	6400.40832231	5199.86527143	0.05895410862	0.0848217844714	29483.8638533	0.856171713799	35483.8322812	32.5345251244	29483.8638533	0.856171713799	35649.500257	46.661358402	15.02285099029541	2.125321626663208	15.745166778564451	2.135061025619507	2.5960693359375	3.770495653152466	2.6906301975250244	4.274667263031006	0.13438400626182556	0.5870454907417297
Ionen	Ionen	146	2	6	916,920	p0	6	physics	1	5			0	0	0	0	0	0	0	0	1	0	0	0	NN	Ionen	5.0	nn	Ion	3.0	i-o-nen	3.0	1.88844324807	1.88844324807	3.24550636141	2.07647006498	3.4246868552	5.92521620736	3.38301817984	24257.5849016	62859.6991413	1843095.78241	3976733.10559	451193.253742	782731.016533	346377.982609	464655.519311	8060.80774179	12.7939986287	8.13420360101	0.00811135030736	0.216389956251	194.975634054	1.2842575707	196.569774459	11.1302322794	194.975634054	1.2842575707	198.719820235	14.1268332777	12.153100967407228	1.1524169445037842	12.356964111328123	1.656587839126587	14.052221298217773	3.1960387229919434	12.283071517944336	3.8510994911193848	2.185721289832145	0.002971569134388119
durchlaufen	durchlaufen	147	3	6	921,931	p0	6	physics	1	11			0	0	0	0	0	0	0	0	0	0	0	0	VVFIN	durchlaufen	11.0	vvfin	durchlaufen	11.0	durch-lau-fen	3.0	0.0817507899599	4.16929028796	7.36574617539	79.6824949739	181.508403325	37.1901868334	7.89888189697	7485.52743284	13527.513078	2989763.16608	6717156.82497	718624.285934	1176966.41238	472733.000931	498251.269275	110461.430317	3873.65490622	2945.03133291	0.0549018894235	0.366320559265	0.0	0.0	0.384228712812	0.428085856899	0.0	0.0	0.604955845703	2.1404292845	9.478798866271973	3.097644090652466	11.09064483642578	2.600332736968994	11.274421691894531	8.095540046691895	12.962278366088867	7.750197410583496	0.5760292960330844	0.28603309486061335
deshalb	deshalb	148	4	6	932,938	p0	6	physics	1	7			0	0	0	0	0	0	0	0	0	0	0	0	PAV	deshalb	7.0	adv	deshalb	7.0	des-halb	2.0	165.962278698	165.962278698	217.7268789	167.016863888	21.8323787019	787.675550289	311.65667021	10235.2561285	8575.84397127	1961002.59234	4449537.66727	315376.276364	359601.96577	182559.340425	39411.7244154	110461.430317	53801.2331077	7725.99738151	0.0057240684191	0.139436768851	0.0	0.0	87.9147995229	2.5685151414	0.0	0.0	87.9883752339	5.13703028279	8.231793403625488	5.921418190002441	8.32717514038086	6.904797077178955	8.177020072937012	4.806049346923828	9.123252868652344	5.982547760009766	6.327816009521484	5.304702281951904
eine	eine	149	5	6	939,942	p0	6	physics	1	4			0	0	0	0	0	0	0	0	0	0	0	0	ART	eine	4.0	art	eine	4.0	ei-ne	2.0	4544.81254164	4602.28334698	17543.4333976	4654.20327368	7.70554542419	6231.56249212	7847.29862895	30417.7276523	27062.3036156	2386639.00405	4952915.26469	382524.871022	493577.855975	268757.733063	229873.543438	45007.5949345	21503.4825387	20569.6023896	0.0243873860821	0.18682983564	0.0	0.0	517.016520944	29.1098382692	4999.44503476	0.428085856899	15385.972825	53.5107321124	2.366727590560913	2.105717420578003	2.156594753265381	1.3326393365859983	1.7135956287384033	2.050023078918457	1.9504449367523193	2.4757583141326904	0.029249245300889015	0.03715852275490761
spiralartige	spiralartige	150	6	6	943,954	p0	6	physics	1	12			0	0	0	0	0	0	0	0	0	0	0	0	ADJA	spiralartige	12.0	adja	spiralartig	11.0	spi-ral-ar-tig	4.0																													13.277727127075195	9.13864803314209	8.950284957885742	7.273243427276611	15.961809158325195	15.737990379333496	15.467079162597656	13.826332092285156	0.8948381140362471	1.2044742212747224
Bahn	Bahn,	151	7	6	955,958	p0	6	physics	1	4		$,	0	0	0	0	0	0	0	0	0	0	0	0	NN	Bahn	4.0	nn	Bahn	4.0	bahn	1.0	31.3269027126	31.5067544506	43.9083492875	34.7849611279	3.4246868552	205.743677668	58.2251569301	256.32142684	1811.23126054	945465.83836	2166268.97491	229926.214108	335740.888193	216503.919783	297539.79058	17498.1271098	1827.57978495	121.587949907	0.0265918670869	0.176011753749	0.0	0.0	41.8073539855	19.6919494174	0.0	0.0	42.9518650449	24.4008938433	2.441150665283203	1.2991690635681152	2.8372645378112797	1.1831327676773071	5.272149085998535	4.457571983337402	4.733640670776367	4.4782023429870605	32.55834102630615	34.232919692993164
die	die	152	8	6	960,962	p0	6	physics	1	3			0	0	1	0	0	0	0	0	0	0	0	0	PRELS	die	3.0	prels	die	3.0	die	1.0	3918.55244007	24520.1275636	10789.1994813	24520.1275636	0.428085856899	9091.29875697	30440.211361	33694.5118659	1928.95487119	1361337.08551	2613060.47141	356516.797331	303924.26305	343523.065172	189343.230678	110461.430317	29991.8223867	29048.3692201	0.0938387928357	0.266249299869	0.0	0.0	15201.9436218	35.5311261227	0.0	0.0	15852.8515865	58.2196765383	1.1687722206115725	1.22007954120636	1.0411062240600586	1.0443124771118164	0.7735630869865417	0.9629433155059814	1.1698367595672607	0.864811897277832	0.01531272940337658	0.022258691489696503
aus	aus	153	9	6	963,965	p0	6	physics	1	3			0	0	0	0	0	0	0	0	0	0	0	0	APPR	aus	3.0	appr	aus	3.0	aus	1.0	2366.71806966	2877.24357788	3047.3996721	2877.24357788	0.428085856899	4921.08116286	5006.30824262	7041.84954557	10996.2414062	691880.798486	1839111.63623	154052.594714	244752.951652	136403.612872	161007.799724	41334.1231877	16266.7803613	4798.31356622	0.0510223759777	0.292714090181	9745.02934146	0.856171713799	9978.06814332	29.966009983	9745.02934146	0.856171713799	10279.6059321	50.0860452572	5.015664100646973	5.352561950683594	5.316044807434082	5.586906433105469	3.7252328395843506	4.3611555099487305	4.428679466247559	4.902339458465576	0.000934045237954706	0.0002949994814116508
lauter	lauter	154	10	6	966,971	p0	6	physics	1	6			0	0	0	0	0	0	0	0	0	0	0	0	PIAT	lauter	6.0	piat	lauter	6.0	lau-ter	2.0	25.5389467835	34.3189816252	36.5262529541	122.356407333	17.5515201329	139.179546658	63.4548685201	11378.0994719	31565.7668302	1980449.03698	4822402.16098	419162.460377	778493.394635	224438.896709	211313.881112	7813.184599	2480.80129704	535.083445525	0.00373596200619	0.14256440201	0.0	0.0	51.094243725	5.13703028279	0.0	0.0	57.4789804208	9.84597470869	8.083961486816406	6.736307621002197	7.56400728225708	5.314177513122559	10.819474220275879	9.71367359161377	9.198853492736816	8.882613182067871	9.073859214782715	8.811017990112305
Halbkreisen	Halbkreisen	155	11	6	972,982	p0	6	physics	1	11			0	0	0	0	0	0	0	0	0	0	0	0	NN	Halbkreisen	11.0	nn	Halbkreis	9.0	halb-krei-sen	3.0	0.0654006319679	0.0654006319679	2.78770193763	12.7449481548	125.857241928	1.00854743955	0.124147456141	9042.2096251	23209.5309035	3551284.2857	8188734.0645	616666.131335	1192339.40359	364603.552773	547974.297725	10830.0176507	3527.48118614	360.717185619	0.00126876025	0.016781675125	0.0981009479519	0.428085856899	0.0981009479519	0.428085856899	0.433279186788	0.856171713799	0.433279186788	0.856171713799	5.22962760925293	1.152545928955078	5.650548458099365	0.8095887899398804	10.872949600219727	6.689733028411865	7.904261589050293	4.761222839355469	3.3741008043289185	0.1561487428843975
mit	mit	156	12	6	983,985	p0	6	physics	1	3			0	0	0	0	0	0	0	0	0	0	0	0	APPR	mit	3.0	appr	mit	3.0	mit	1.0	6311.02200856	6389.55999248	6727.32973136	6389.55999248	0.428085856899	6848.28925141	10606.5379154	9545.0750843	6105.78857696	754691.189375	1756517.60717	154872.35076	192565.004837	138846.449102	106042.43187	21052.512481	9522.82251927	6974.74032209	0.0635514315396	0.282257671036	0.0	0.0	1501.70478601	30.3940958399	0.0	0.0	1518.70077524	44.5209291175	3.893930196762085	3.53013277053833	3.480163812637329	2.731501817703247	4.476062297821045	3.9178411960601807	3.2262351512908936	3.0367650985717773	2.3537468910217285	0.9435641169548035
wachsenden	wachsenden	157	13	6	986,995	p0	6	physics	1	10			0	0	0	0	0	0	0	0	0	0	0	0	ADJA	wachsenden	10.0	adja	wachsend	8.0	wach-sen-den	3.0	13.3989544744	13.3989544744	33.5832245155	23.2662748226	14.5549191346	124.555608784	25.2174520286	31870.8152435	44225.9779621	3633472.31976	7728516.08319	940302.049712	1641219.53099	443759.000404	599998.287657	34258.3961147	6277.02185502	105.908148393	0.00540080846004	0.103334991672	0.0	0.0	8.66558373575	2.9966009983	0.0	0.0	19.3912873785	3.8527727121	9.638654708862305	4.713097095489502	8.482949256896973	5.086263656616211	12.085901260375977	11.884186744689941	11.189120292663574	10.058536529541016	9.607320785522461	9.571127891540527
Radien	Radien	158	14	6	996,1001	p0	6	physics	1	6			0	0	0	0	0	0	0	0	1	0	0	0	NN	Radien	6.0	nn	Radius	6.0	ra-dien	2.0	0.392403791808	0.392403791808	2.54244956775	8.51025723483	30.3940958399	2.89957388871	0.713847872811	3327.64138008	18700.5025728	2089590.20021	4306574.1145	501452.592999	806214.95047	368467.945315	479857.704261	9222.31479046	1128.24265224	119.315277947	0.000256113083333	0.146120364042	0.694881714659	0.428085856899	0.768457425623	3.8527727121	1.31618771835	0.856171713799	1.45516406129	4.70894442589	0.6126363277435303	0.3379451632499695	0.1982648074626922	0.1239796131849289	7.240609169006348	6.793129920959473	5.2538862228393555	6.434597969055176	0.5637919157743454	1.1243536556139588
besteht	besteht,	159	15	6	1002,1008	p0	6	physics	1	7		$,	0	0	0	0	1	0	0	0	0	0	0	0	VVFIN	besteht	7.0	vvfin	bestehen	8.0	be-steht	2.0	155.972332165	155.972332165	339.952484969	415.17956189	55.22307554	764.983232899	293.825991822	22948.7057039	47222.1508746	2658225.81313	6132165.08703	366240.571467	689562.838723	161725.862836	171367.905547	20337.830725	14068.4280436	3126.49356139	0.0481027197279	0.262672970546	0.0	0.0	22.9883221367	3.8527727121	0.0	0.0	23.5033521135	8.13363128109	1.9471904039382928	1.6754631996154783	2.179526090621948	1.7697162628173828	2.3262972831726074	2.1769895553588867	2.168342351913452	2.667598247528076	27.18279404565692	26.780987072736025
bis	bis	160	16	6	1010,1012	p0	6	physics	1	3			0	0	1	0	0	0	0	0	0	0	0	0	KOUS	bis	3.0	kous	bis	3.0	bis	1.0	160.231548321	1109.70974815	1166.69822383	1109.70974815	0.428085856899	3292.40311641	1954.14303339	1561.35016237	449.062063888	717097.442781	1705247.47643	124346.818341	231897.533369	92897.0278413	128388.5136	20337.830725	2547.64074292	1522.82919014	0.0351645585524	0.260408415618	0.0	0.0	385.773802742	29.1098382692	0.0	0.0	527.70952427	40.6681564054	2.135481357574463	1.7420381307601929	2.824573040008545	2.267539024353028	4.97902774810791	5.501814842224121	3.794912338256836	3.344836711883545	0.37698668241500854	0.8774926662445068
sie	sie	161	17	6	1013,1015	p0	6	physics	1	3			0	0	0	0	0	0	0	0	0	0	0	0	PPER	sie	3.0	pper	sie	3.0	sie	1.0	4963.73628971	4963.73628971	8487.45693951	4963.73628971	0.428085856899	4025.99531025	7654.66833231	8142.13342764	4056.96966584	1411597.82271	3107679.43219	282130.976914	322653.01929	243841.081467	199354.446528	48925.779496	15113.3748159	5524.95546278	0.0431282946748	0.183343569275	24520.1275636	0.428085856899	34559.672301	27.8255806985	24520.1275636	0.428085856899	34594.7025145	45.3771008313	0.1981944292783737	0.5113224387168884	0.4359925985336303	0.3353158235549927	0.8081966638565063	0.7106555104255676	0.446294367313385	0.7720153331756592	0.13357535004615784	0.09575681388378143
den	den	162	18	6	1016,1018	p0	6	physics	1	3			0	0	0	0	0	0	0	0	0	0	0	0	ART	den	3.0	art	d	1.0	den	1.0	9532.82881596	9841.63424996	80100.3069113	9841.63424996	0.428085856899	7940.04185472	15266.5057923	23354.2468477	22159.4362965	1464587.59747	2838670.7078	583323.017065	738089.367203	513926.807063	462012.089145	110461.430317	53801.2331077	11287.0372669	0.0645632931127	0.22424070987	26530.3631386	0.428085856899	39507.1238333	37.6715554072	26530.3631386	0.428085856899	40560.2456847	58.6477623952	2.462443590164185	3.0006661415100098	3.6501100063323975	3.544728279113769	3.9906554222106934	3.7924838066101074	3.665170669555664	3.4582161903381348	0.02874932810664177	0.014406477101147175
Rand	Rand	163	19	6	1019,1022	p0	6	physics	1	4			0	0	0	0	0	0	0	0	0	0	0	0	NN	Rand	4.0	nn	Rand	4.0	rand	1.0	23.3398505336	23.3398505336	35.1855399988	42.0689565134	4.28085856899	117.243639848	43.2343516011	70.4119553925	398.547932773	947895.954167	1942921.60036	154133.9204	263889.673713	92885.4601045	92243.9404447	9222.31479046	1128.24265224	98.1336482679	0.0149926146278	0.140336434753	746.049534095	2.1404292845	803.062535013	17.5515201329	846.210601954	2.5685151414	919.189532151	22.6885504157	4.458861351013184	4.357593059539795	3.5968353748321533	1.927565336227417	4.351208686828613	5.94843864440918	4.493411064147949	5.390718460083008	0.8254746794700623	0.6400107741355896
des	des	164	20	6	1023,1025	p0	6	physics	1	3			0	0	0	0	0	0	0	0	0	0	0	0	ART	des	3.0	art	d	1.0	des	1.0	7101.07799289	7101.07799289	80100.3069113	7101.07799289	0.428085856899	7430.34719246	10967.4656073	9589.02430898	7300.14811771	1261615.62435	2602206.35451	326044.476501	328517.367443	261724.107647	165779.244685	110461.430317	53801.2331077	7725.99738151	0.121698304848	0.352013185599	44055.247282	1.2842575707	49782.1108458	35.9592119796	44055.247282	1.2842575707	54875.2749862	52.2264745417	0.6574082970619202	2.850431442260742	0.6562057733535767	3.2129032611846924	1.00243079662323	0.697460412979126	0.9292272925376892	0.7643337249755859	0.15847715735435486	0.06293724477291107
Magnetfeldes	Magnetfeldes	165	21	6	1026,1037	p0	6	physics	1	12			0	0	0	0	0	0	0	0	1	0	0	0	NN	Magnetfeldes	12.0	nn	Magnetfeld	10.0	mag-net-fel-des	4.0	0.16350157992	0.16350157992	1.6350157992	4.03031394502	56.9354189676	1.76495801921	0.294850208335	11061.9773422	12486.408274	4185449.95026	9343112.52665	353668.74696	686574.371356	122410.272929	227043.467838	14815.8918663	4446.16386339	157.198594014	0.00059539045	0.2142652851	0.212552053896	0.428085856899	0.212552053896	0.428085856899	0.384228712812	0.856171713799	0.400578870804	1.7123434276	2.6478946208953857	3.8437349796295166	4.843009471893311	3.9863431453704834	4.816967487335205	5.635927677154541	4.856803894042969	4.135459899902344	0.07521826960146427	0.008959937957115471
erreicht	erreicht	166	22	6	1038,1045	p0	6	physics	1	8			0	0	0	0	0	0	0	0	0	0	0	0	VVPP	erreicht	8.0	vvpp	erreichen	9.0	er-reicht	2.0	92.2148910748	102.172137292	211.816296786	129.722153508	18.8357777036	633.619928897	192.242335834	18439.3730051	21990.3423831	3223599.61857	7229770.37475	628998.679455	1079218.14399	243942.305296	239078.673619	45007.5949345	12349.7403108	474.023780504	0.0476617639571	0.283371075588	0.0	0.0	2.2399716449	2.5685151414	0.0	0.0	27.5336660585	5.99320199659	3.49249005317688	3.503953218460083	2.770782470703125	2.9407124519348145	2.9826483726501465	1.925494909286499	1.8160731792449951	1.136270523071289	0.06723959743976593	0.029417796060442924
haben	haben	167	23	6	1046,1050	p0	6	physics	1	5			0	0	0	0	0	0	0	0	0	0	0	0	VAFIN	haben	5.0	vafin	haben	5.0	ha-ben	2.0	1075.85674603	1607.98898804	8161.24676233	1613.75241873	8.56171713799	3693.30072363	2922.46215442	11089.3475066	14791.6506134	1776796.45583	3923426.14235	465680.254005	795978.133374	368981.691804	461766.795949	17646.9952984	8376.95439672	2807.01147422	0.0434172288213	0.320677529984	0.0	0.0	110.780495475	17.9796059898	0.0	0.0	1209.65008888	26.5413231278	0.1717544794082641	0.2961704730987549	0.0783256441354751	0.0987715646624565	0.2269165962934494	0.12413116544485092	0.1298871636390686	0.09141771495342255	0.020899316295981407	0.07566063106060028
und	und	168	24	6	1051,1053	p0	6	physics	1	3			0	0	0	0	0	0	0	0	0	0	0	0	KON	und	3.0	kon	und	3.0	und	1.0	22313.7473183	22313.7473183	23398.5884761	22313.7473183	0.428085856899	9064.0679761	29467.6401896	23513.5137367	723.037012303	869972.90787	1656300.13956	195202.966651	251153.263298	160187.509171	58920.0250002	32509.3788389	28906.6542257	22352.5789435	0.120238001286	0.419307858966	0.0	0.0	2201.34439665	22.6885504157	0.0	0.0	2454.42031712	42.8085856899	1.8517019748687744	1.3861781358718872	1.9406968355178835	1.3783729076385498	2.7140047550201416	2.925487995147705	2.939596652984619	3.23614239692688	0.018890008330345154	0.020084230229258537
dort	dort	169	25	6	1054,1057	p0	6	physics	1	4			0	0	0	0	0	0	0	0	0	0	0	0	ADV	dort	4.0	adv	dort	4.0	dort	1.0	319.686464138	319.686464138	374.87642244	319.890841113	5.99320199659	1118.2269736	590.445301407	389.297261789	125.001070215	954097.17669	2238263.17006	238158.86201	221348.641684	207679.706814	108164.025377	110461.430317	1515.43891872	366.112737757	0.00898575250118	0.13107277432	0.0	0.0	406.840981315	20.9762069881	0.0	0.0	409.138178512	24.8289797002	2.5867838859558105	2.88259220123291	3.5684170722961426	2.4765517711639404	3.189082145690918	3.1353402137756348	2.692317247390747	2.307121515274048	2.906388759613037	2.314385414123535
durch	durch	170	26	6	1058,1062	p0	6	physics	1	5			0	0	0	0	0	0	0	0	0	0	0	0	APPR	durch	5.0	appr	durch	5.0	durch	1.0	2265.55146708	2302.17582098	2421.46657369	2302.66632572	6.84937371039	4479.71558962	3888.06554986	3354.08776063	2913.1242562	1088066.18564	2327777.207	307334.132327	365429.926626	203764.587907	61067.3036584	110461.430317	3873.65490622	2945.03133291	0.0339580104325	0.23931799428	0.0	0.0	119.413378894	9.41788885179	0.0	0.0	139.7284502	15.8391767053	3.9591238498687744	2.9233174324035645	3.5635762214660645	3.1616411209106445	3.711765766143799	3.794846773147583	4.165413856506348	4.055627822875977	0.6600333452224731	0.6073547005653381
ein	ein	171	27	6	1063,1065	p0	6	physics	1	3			0	0	0	0	0	0	0	0	0	0	0	0	ART	ein	3.0	art	eine	4.0	ein	1.0	4621.55200817	4999.44503476	17543.4333976	4999.44503476	0.428085856899	5809.23325181	8404.82933604	11022.7206128	11717.9941609	1614569.79583	3344143.78548	401662.305848	493686.589782	324158.412201	289382.186491	45007.5949345	21503.4825387	20569.6023896	0.0272545875843	0.196343258894	0.0	0.0	1145.39396797	31.6783534106	13165.4578681	0.428085856899	22077.4630101	57.7915906814	3.7429628372192383	3.729668617248535	3.349740982055664	3.98262882232666	2.677529811859131	2.7586746215820312	2.967067241668701	3.278965711593628	0.059157468378543854	0.03266507759690285
elektrisches	elektrisches	172	28	6	1066,1077	p0	6	physics	1	12			0	0	0	0	0	0	0	0	1	0	0	0	ADJA	elektrisches	12.0	adja	elektrisch	10.0	e-lek-tri-sches	4.0	1.34071295534	1.34071295534	38.3165952542	22.2852653431	14.1268332777	15.8846221729	2.52950441887	6006.18966296	27591.8458206	4415803.21414	10196156.6452	506590.581097	1195160.0613	220743.254148	431955.753046	45007.5949345	274.290250474	162.267142991	0.00810489982317	0.184600578561	17.7317463423	0.856171713799	18.9743583497	1.7123434276	30.4848695761	1.2842575707	31.7274815834	2.1404292845	2.7432570457458496	2.590693473815918	2.015277147293091	1.797937512397766	3.763256788253784	2.8709299564361572	2.720001697540283	2.916665554046631	3.0777840266237035	1.6926687479717657
Ablenkfeld	Ablenkfeld	173	29	6	1078,1087	p0	6	physics	1	10			0	0	0	0	0	0	0	0	1	0	0	0	NN	Ablenkfeld	10.0	nn	Ablenkfeld	10.0	ab-lenk-feld	3.0																													13.992785453796388	7.3051252365112305	6.981198310852051	5.569920539855957	19.639545440673828	20.897071838378906	17.431697845458984	15.750837326049805	7.827896656468511	6.994113989174366
extrahiert	extrahiert	174	30	6	1088,1097	p0	6	physics	1	10			0	0	0	0	0	0	0	0	0	0	0	0	VVPP	extrahiert	10.0	vvpp	extrahieren	11.0	ex-tra-hiert	3.0	0.212552053896	0.384228712812	0.613130924699	52.5494077862	17.5515201329	2.89957388871	0.729366304829	1461.45069703	6937.13131106	3608048.18378	8324748.49956	446802.238961	789963.955171	160978.979444	180145.377957	45007.5949345	251.52265547	89.8768184819	0.0991356841489	0.359264864766	0.0	0.0	0.00817507899599	0.428085856899	0.0	0.0	0.049050473976	1.2842575707	11.87378215789795	10.842039108276367	9.287931442260742	6.587545394897461	11.856907844543457	11.954730987548828	13.579449653625488	14.071542739868164	0.17652568891935516	0.23163440411735792
werden	werden	175	31	6	1098,1103	p0	6	physics	1	6			0	0	0	0	0	0	0	0	0	0	0	0	VAINF	werden	6.0	vainf	werden	6.0	wer-den	2.0	1917.62828009	2700.75179743	8998.09689884	2746.965519	21.8323787019	5182.42101813	4801.51149528	27766.5331837	27383.7960941	2636081.51067	5388986.20707	706673.440428	1134529.40522	412109.304698	481425.782755	34258.3961147	9994.2302745	3399.46762414	0.105793166509	0.538682739217	0.0	0.0	1484.61069583	16.6953484191	0.0	0.0	1872.33016737	25.685151414	0.0577189922332763	0.0296278670430183	0.0790810883045196	0.0460774414241313	0.34762391448020935	0.4114149212837219	0.1540248543024063	0.1382215917110443	0.002419760450720787	0.002560553140938282
können	können.	176	32	6	1104,1109	p0	6	physics	1	6		$.	0	0	0	0	1	1	0	0	0	0	0	0	VMFIN	können	6.0	vmfin	können	6.0	kön-nen	2.0	410.429840994	800.364758945	3346.01895766	1040.34420287	6.84937371039	2247.92617433	1485.25360998	13304.9737663	21461.2282639	2256673.84632	4790724.23565	449157.928849	734790.965676	355872.813658	463296.346715	11052.747678	1430.29547098	1371.06702365	0.0301274059589	0.356573992093	0.0	0.0	97.994671925	8.56171713799	0.0	0.0	382.953400488	14.5549191346	2.824870109558105	2.063166379928589	1.6069601774215698	1.668778419494629	2.5534861087799072	2.527827739715576	2.0967984199523926	1.9154925346374512	30.107699781656265	25.509911090135574
