word	word_with_punct	word_index_in_text	word_index_in_sent	sent_index_in_text	word_limit_char_indices	text_id	text_id_numeric	text_domain	text_domain_numeric	word_length	STTS_punctuation_before	STTS_punctuation_after	is_in_quote	is_in_parentheses	is_clause_beginning	is_sent_beginning	is_clause_end	is_sent_end	is_abbreviation	is_expert_technical_term	is_general_technical_term	contains_symbol	contains_hyphen	contains_abbreviation	STTS_PoS_tag	type	type_length_chars	PoS_tag	lemma	lemma_length_chars	syllables	type_length_syllables	annotated_type_frequency_normalized	type_frequency_normalized	lemma_frequency_normalized	familiarity_normalized	regularity_normalized	document_frequency_normalized	sentence_frequency_normalized	cumulative_syllable_corpus_frequency_normalized	cumulative_syllable_lexicon_frequency_normalized	cumulative_character_corpus_frequency_normalized	cumulative_character_lexicon_frequency_normalized	cumulative_character_bigram_corpus_frequency_normalized	cumulative_character_bigram_lexicon_frequency_normalized	cumulative_character_trigram_corpus_frequency_normalized	cumulative_character_trigram_lexicon_frequency_normalized	initial_letter_frequency_normalized	initial_bigram_frequency_normalized	initial_trigram_frequency_normalized	avg_cond_prob_in_bigrams	avg_cond_prob_in_trigrams	neighbors_coltheart_higher_freq_cum_freq_normalized	neighbors_coltheart_higher_freq_count_normalized	neighbors_coltheart_all_cum_freq_normalized	neighbors_coltheart_all_count_normalized	neighbors_levenshtein_higher_freq_cum_freq_normalized	neighbors_levenshtein_higher_freq_count_normalized	neighbors_levenshtein_all_cum_freq_normalized	neighbors_levenshtein_all_count_normalized	sent_surprisal_llama-7b	text_surprisal_llama-7b	sent_surprisal_llama-13b	text_surprisal_llama-13b	sent_surprisal_gpt2-base	text_surprisal_gpt2-base	sent_surprisal_gpt2-large	text_surprisal_gpt2-large	sent_surprisal_bert-base	text_surprisal_bert-base
Motormoleküle	Motormoleküle	1	1	1	1,13	b3	3	biology	0	13			0	0	0	1	0	0	0	0	1	0	0	0	NN	Motormoleküle	13.0	nn	Motormolekül	12.0	mo-tor-mo-le-kü-le	6.0																													28.947603225708008	28.802499771118164	36.5657958984375	36.594688415527344	25.495616912841797	25.495607376098633	26.167932510375977	26.167877197265625	8.168331052641747	1.327500423239826
sind	sind	2	2	1	14,17	b3	3	biology	0	4			0	0	0	0	0	0	0	0	0	0	0	0	VAFIN	sind	4.0	vafin	sein	4.0	sind	1.0	2296.19983824	2298.63601178	17044.4184006	2302.62545033	5.99320199659	4304.10226671	4116.7606825	2333.22477101	26.1132372709	1332047.00373	2728807.18157	249282.495798	286785.417683	144872.038227	66814.7843732	48925.779496	15113.3748159	2467.07533941	0.0559257789967	0.326343386708	0.0	0.0	259.885761283	20.9762069881	0.0	0.0	267.325083169	26.5413231278	2.1289284229278564	2.0797369480133057	1.691824436187744	1.6817327737808228	1.6270023584365845	1.6269971132278442	1.77899169921875	1.7789790630340576	0.0871754139661789	0.07196745276451111
Enzyme	Enzyme,	3	3	1	18,23	b3	3	biology	0	6		$,	0	0	0	0	0	0	0	0	1	0	0	0	NN	Enzyme	6.0	nn	Enzym	5.0	enzy-me	2.0	2.57514988374	2.57514988374	5.64080450723	4.41454265784	3.8527727121	5.67307934747	4.73312176538	3951.51435858	17084.0503771	1422951.26614	3042671.17013	175675.237204	278863.688901	149896.09025	203462.786496	14903.9783425	1881.82960917	19.5139135634	0.0717149305905	0.293297678994	0.0	0.0	0.53138013474	1.2842575707	0.0	0.0	3.09017986049	2.5685151414	7.420481204986572	7.342559814453125	10.504868507385254	10.472959518432615	7.861186981201172	7.861190319061279	6.273040294647217	6.273069858551025	29.129025426722365	30.05489918641979
welche	welche	4	4	1	25,30	b3	3	biology	0	6			0	0	1	0	0	0	0	0	0	0	0	0	PRELS	welche	6.0	prels	welche	6.0	wel-che	2.0	237.641371335	335.87312055	501.271318797	342.30690772	9.41788885179	1071.58165452	607.70179781	5947.03479135	11812.6011353	2121187.37104	4618582.77896	389419.560971	697145.09542	218655.600575	274383.770409	34258.3961147	9994.2302745	717.216030476	0.00399282761544	0.0882011886811	0.0	0.0	34.2944563882	4.28085856899	0.0	0.0	338.775273594	8.56171713799	2.375407457351685	2.4005801677703857	2.2432425022125244	2.22880220413208	2.9811220169067383	2.981139659881592	3.158663034439087	3.1586551666259766	1.2767689228057861	1.2748942375183105
die	die	5	5	1	31,33	b3	3	biology	0	3			0	0	0	0	0	0	0	0	0	0	0	0	ART	die	3.0	art	d	1.0	die	1.0	20527.116504	24520.1275636	80100.3069113	24520.1275636	0.428085856899	9091.29875697	30440.211361	33694.5118659	1928.95487119	1361337.08551	2613060.47141	356516.797331	303924.26305	343523.065172	189343.230678	110461.430317	29991.8223867	29048.3692201	0.0938387928357	0.266249299869	0.0	0.0	15201.9436218	35.5311261227	0.0	0.0	15852.8515865	58.2196765383	0.9750633835792542	0.9672287106513976	1.0671272277832031	1.0634561777114868	1.7941546440124512	1.7941529750823975	1.086274266242981	1.0862853527069092	0.6702308654785156	0.6346085071563721
Energie	Energie	6	6	1	34,40	b3	3	biology	0	7			0	0	0	0	0	0	0	0	1	0	0	0	NN	Energie	7.0	nn	Energie	7.0	e-ner-gie	3.0	35.9294721874	35.9294721874	41.0388965599	36.0193980563	3.8527727121	230.579158367	65.0222301539	13112.9329856	33433.5054238	2876982.82556	6217316.07291	450008.17794	759201.705494	203236.919258	239974.229231	14903.9783425	1881.82960917	74.0743907827	0.0311393321197	0.222351012169	0.0	0.0	0.0981009479519	1.7123434276	0.0	0.0	6.42561209085	4.28085856899	3.362612724304199	3.372511386871338	2.8322978019714355	2.848310947418213	4.2669782638549805	4.266972541809082	4.05501651763916	4.055042266845703	0.1820865273475647	0.18457727134227753
aus	aus	7	7	1	41,43	b3	3	biology	0	3			0	0	0	0	0	0	0	0	0	0	0	0	APPR	aus	3.0	appr	aus	3.0	aus	1.0	2366.71806966	2877.24357788	3047.3996721	2877.24357788	0.428085856899	4921.08116286	5006.30824262	7041.84954557	10996.2414062	691880.798486	1839111.63623	154052.594714	244752.951652	136403.612872	161007.799724	41334.1231877	16266.7803613	4798.31356622	0.0510223759777	0.292714090181	9745.02934146	0.856171713799	9978.06814332	29.966009983	9745.02934146	0.856171713799	10279.6059321	50.0860452572	2.230652332305908	2.242342948913574	1.783361792564392	1.7902053594589231	3.3880600929260254	3.3880763053894043	2.557758092880249	2.5577569007873535	0.5349034070968628	0.69355708360672
der	der	8	8	1	44,46	b3	3	biology	0	3			0	0	0	0	0	0	0	0	0	0	0	0	ART	der	3.0	art	d	1.0	der	1.0	24738.5901996	26530.3631386	80100.3069113	26530.3631386	0.428085856899	9372.80956103	30912.3596552	38163.5169	19310.096833	1332151.97174	2710999.66609	487983.455471	535760.152056	398226.025843	178781.068331	110461.430317	53801.2331077	27238.2432288	0.129811235347	0.318759302208	0.0	0.0	25590.4497812	36.8153836934	0.0	0.0	33289.1996244	55.22307554	0.9197561144828796	0.9281872510910034	0.8740006685256958	0.9024093151092528	1.1848433017730713	1.1848437786102295	1.0041983127593994	1.0041859149932861	0.046967167407274246	0.05615481734275818
Hydrolyse	Hydrolyse	9	9	1	47,55	b3	3	biology	0	9			0	0	0	0	0	0	0	1	0	0	0	0	NN	Hydrolyse	9.0	nn	Hydrolyse	9.0	hydro-lyse	2.0	1.57779024623	1.57779024623	1.57779024623	3.85046220711	21.8323787019	1.89102644916	2.9950573794	13.0229008406	172.090514474	1905339.55039	4463283.07605	205774.292102	382385.979332	148509.139048	216146.114265	10830.0176507	91.6916860191	15.7370270673	0.00580682078756	0.117940954637	0.0	0.0	0.00817507899599	0.428085856899	0.0	0.0	0.00817507899599	0.428085856899	4.648348331451416	4.756555557250977	3.0848560333251958	3.185127258300781	9.54432201385498	9.544316291809082	10.81986141204834	10.81988525390625	1.0391605876902759	1.1297940452495823
von	von	10	10	1	56,58	b3	3	biology	0	3			0	0	0	0	0	0	0	0	0	0	0	0	APPR	von	3.0	appr	von	3.0	von	1.0	7955.34104766	7955.34104766	8265.3727435	7955.34104766	0.428085856899	7856.20634881	12401.4928732	8585.23905938	340.756342092	620899.645044	1436353.90714	258695.641457	333765.271963	253104.606831	264495.4152	23102.1601118	13320.2529889	7993.18348833	0.0874371201871	0.312235645495	0.0	0.0	3224.03042889	30.8221816968	0.0	0.0	3276.15473257	38.9558129779	0.5310251712799072	0.5270634889602661	0.4112862944602966	0.413190633058548	2.5048739910125732	2.504873037338257	0.5101871490478516	0.5101784467697144	0.1882016658782959	0.09220290184020996
ATP	ATP	11	11	1	59,61	b3	3	biology	0	3			0	0	0	0	0	0	0	1	0	0	0	0	NN	ATP	3.0	xy	atp	3.0			0.997359637511	0.997359637511	1.00553471651	0.997359637511	0.428085856899	1.63888958927	1.83117497808	1.40611358731	10.7021464225	41723.5185504	152189.659158	20148.3078686	45768.3713045	20031.723067	44725.1260713	19822.5963712	8.9762367376	1.52873977225	0.0086700577459	0.266614493582	21.3124309426	0.428085856899	26.3809799201	23.5447221295	39.0850526798	1.2842575707	44.3252783163	26.5413231278	2.8539252281188965	2.908541679382324	1.7032198905944824	1.705722093582153	9.435709953308105	9.435688018798828	7.287471771240234	7.287478923797607	2.8947906494140625	1.2056037187576294
in	in	12	12	1	62,63	b3	3	biology	0	2			0	0	0	0	0	0	0	0	0	0	0	0	APPR	in	2.0	appr	in	2.0	in	1.0	13129.4221199	13165.4578681	14298.1641135	0.0	0.0	8527.89894355	19687.5208529	18583.5486983	15158.092107	842500.587604	1735372.30627	309490.415689	350022.68855	273957.116004	252232.89583	37971.7622471	15391.66268	-0.00817507899599	0.0682365415668	0.281559937821	0.0	0.0	9683.14399346	42.380499833	0.0	0.0	17389.6438116	75.7711966712	1.532594084739685	1.5345855951309204	1.1424366235733032	1.1773719787597656	2.7794315814971924	2.7794241905212402	1.3940573930740356	1.394068956375122	0.0018340209499001503	0.0010807631770148873
mechanische	mechanische	13	13	1	64,74	b3	3	biology	0	11			0	0	0	0	0	0	0	0	0	0	0	0	ADJA	mechanische	11.0	adja	mechanisch	10.0	me-cha-ni-sche	4.0	6.83436604065	6.83436604065	25.4326707565	6.94881714659	3.4246868552	44.75429263	12.8802985746	13608.890503	51931.0953005	3708761.82976	8213000.96747	635859.173048	1334330.77338	260830.735014	487240.472949	21052.512481	3656.05882859	36.738805008	0.0070460809701	0.120272907304	0.0	0.0	0.604955845703	0.856171713799	14.4208393489	0.856171713799	17.8788977642	2.9966009983	6.851403713226318	6.84050989151001	4.290184497833252	4.4826273918151855	5.7888336181640625	5.788822174072266	5.848119258880615	5.848118782043457	0.16292189806699753	0.17473627626895905
Energie	Energie	14	14	1	75,81	b3	3	biology	0	7			0	0	0	0	0	0	0	0	1	0	0	0	NN	Energie	7.0	nn	Energie	7.0	e-ner-gie	3.0	35.9294721874	35.9294721874	41.0388965599	36.0193980563	3.8527727121	230.579158367	65.0222301539	13112.9329856	33433.5054238	2876982.82556	6217316.07291	450008.17794	759201.705494	203236.919258	239974.229231	14903.9783425	1881.82960917	74.0743907827	0.0311393321197	0.222351012169	0.0	0.0	0.0981009479519	1.7123434276	0.0	0.0	6.42561209085	4.28085856899	0.4148462116718292	0.407217264175415	0.5642908811569214	0.5558831095695496	0.515981912612915	0.5159876346588135	0.1649576872587204	0.16495496034622192	0.05348692834377289	0.0402209609746933
umwandeln	umwandeln.	15	15	1	82,90	b3	3	biology	0	9		$.	0	0	0	0	1	1	0	0	0	0	0	0	VVFIN	umwandeln	9.0	vvfin	umwandeln	9.0	um-wan-deln	3.0	0.049050473976	1.75764198414	12.9002746557	6.09860893101	22.6885504157	21.6837699503	3.28990758774	4390.76135304	9132.35558524	2692599.15903	5765217.16796	482939.260054	707349.377991	265443.76859	342536.323085	32509.3788389	2649.44500165	20.2087952781	0.0690932017535	0.400850604112	0.0	0.0	0.686706635663	1.7123434276	0.0	0.0	0.817507899599	2.9966009983	0.8374757766723633	0.8329219818115234	0.8669241666793823	0.8500431776046753	0.4574642479419708	0.45746591687202454	0.4160170257091522	0.416018009185791	29.635069667405332	30.00421507070132
Dabei	Dabei	16	1	2	92,96	b3	3	biology	0	5			0	0	0	1	0	0	0	0	0	0	0	0	PAV	Dabei	5.0	adv	dabei	5.0	da-bei	2.0	103.422924378	103.422924378	388.267201836	103.594601037	5.56511613969	549.784422985	196.323683455	11965.9530523	12861.4114847	1484125.84007	3273806.28259	171264.103554	284844.476408	50433.9262443	59134.0679287	19121.5915224	4160.8290812	104.763637334	0.00225111026042	0.00976519454021	284.836102378	0.428085856899	288.97269235	5.13703028279	284.836102378	0.428085856899	288.989042508	5.99320199659	11.34238052368164	6.398483753204346	18.947067260742188	3.645981788635254	7.149880409240723	4.2047247886657715	7.133262634277344	3.5692214965820312	1.7887797355651855	1.5112407207489014
induzieren	induzieren	17	2	2	97,106	b3	3	biology	0	10			0	0	0	0	0	0	0	0	1	0	0	0	VVFIN	induzieren	10.0	vvfin	induzieren	10.0	in-du-zie-ren	4.0	0.0981009479519	0.310653001848	1.23443692839	10.169798271	33.8187826951	2.64743702882	0.58970041667	30240.630916	41511.0574577	4017083.69148	8338408.29117	848218.254204	1440425.43172	416502.265147	533926.660331	37971.7622471	15391.66268	345.724090741	0.1098732605	0.462213563553	0.0	0.0	0.130801263936	0.856171713799	0.49050473976	0.428085856899	0.637656161687	2.1404292845	14.279372215270996	10.753975868225098	15.238496780395508	8.278557777404785	18.084333419799805	9.429163932800293	16.27714729309082	9.510819435119629	1.5189815419726074	0.006196423521032557
sie	sie	18	3	2	107,109	b3	3	biology	0	3			0	0	0	0	0	0	0	0	0	0	0	0	PPER	sie	3.0	pper	sie	3.0	sie	1.0	4963.73628971	4963.73628971	8487.45693951	4963.73628971	0.428085856899	4025.99531025	7654.66833231	8142.13342764	4056.96966584	1411597.82271	3107679.43219	282130.976914	322653.01929	243841.081467	199354.446528	48925.779496	15113.3748159	5524.95546278	0.0431282946748	0.183343569275	24520.1275636	0.428085856899	34559.672301	27.8255806985	24520.1275636	0.428085856899	34594.7025145	45.3771008313	6.3488450050354	0.3462843298912048	4.600287437438965	0.418243795633316	1.5148025751113892	0.13700127601623535	1.9524232149124146	0.5371934771537781	0.09382570534944534	0.016940297558903694
eine	eine	19	4	2	110,113	b3	3	biology	0	4			0	0	0	0	0	0	0	0	0	0	0	0	ART	eine	4.0	art	eine	4.0	ei-ne	2.0	4544.81254164	4602.28334698	17543.4333976	4654.20327368	7.70554542419	6231.56249212	7847.29862895	30417.7276523	27062.3036156	2386639.00405	4952915.26469	382524.871022	493577.855975	268757.733063	229873.543438	45007.5949345	21503.4825387	20569.6023896	0.0243873860821	0.18682983564	0.0	0.0	517.016520944	29.1098382692	4999.44503476	0.428085856899	15385.972825	53.5107321124	3.0339221954345703	1.7269444465637207	2.179752826690674	0.960397481918335	2.3889052867889404	2.5952632427215576	2.104627847671509	2.090041160583496	0.0380135253071785	0.07454030215740204
Konformationsänderung	Konformationsänderung,	20	5	2	114,134	b3	3	biology	0	21		$,	0	0	0	0	0	0	0	0	1	0	0	0	NN	Konformationsänderung	21.0	nn	Konformationsänderung	21.0	kon-for-ma-ti-ons-än-de-rung	8.0	0.0654006319679	0.0654006319679	0.114451105944	7.35757109639	159.247938767	0.630342149719	0.124147456141	37488.0019475	136638.584234	5599051.08425	12926284.8997	648640.680156	1534736.17069	182356.663867	468020.274146	13511.0511576	3068.45867559	1065.98942568	0.0104640175	0.41840442575	0.0	0.0	0.0	0.0	0.0	0.0	0.0	0.0	18.91056632995605	4.955565929412842	14.497739791870115	3.6664962768554688	29.313928604125977	32.3568115234375	21.824771881103516	24.982704162597656	33.24340033531189	28.779934536665678
die	die	21	6	2	136,138	b3	3	biology	0	3			0	0	1	0	0	0	0	0	0	0	0	0	PRELS	die	3.0	art	d	1.0	die	1.0	20527.116504	24520.1275636	80100.3069113	24520.1275636	0.428085856899	9091.29875697	30440.211361	33694.5118659	1928.95487119	1361337.08551	2613060.47141	356516.797331	303924.26305	343523.065172	189343.230678	110461.430317	29991.8223867	29048.3692201	0.0938387928357	0.266249299869	0.0	0.0	15201.9436218	35.5311261227	0.0	0.0	15852.8515865	58.2196765383	1.0377472639083862	1.0210657119750977	0.782564103603363	1.1082704067230225	0.6011872291564941	1.3629034757614136	0.7569435238838196	1.167149543762207	0.2614341378211975	0.49722468852996826
einen	einen	22	7	2	139,143	b3	3	biology	0	5			0	0	0	0	0	0	0	0	0	0	0	0	ART	einen	5.0	art	eine	4.0	ei-nen	2.0	1964.53688337	2019.39166343	17543.4333976	7303.86082739	14.1268332777	4198.07871713	3586.62000791	27432.3768297	26896.634389	2859514.55384	5933406.53601	624326.327506	955059.118657	461556.498907	499462.324164	45007.5949345	21503.4825387	20569.6023896	0.0187226863739	0.182841381842	2431.18674262	0.428085856899	5300.88472258	16.2672625622	7033.4700896	0.856171713799	11104.7330053	35.1030402658	4.420167922973633	4.311944007873535	4.642054557800293	3.926393508911133	4.4845123291015625	4.348851203918457	4.400931358337402	3.9754528999328613	1.8466229438781738	1.4888882637023926
Transport	Transport	23	8	2	144,152	b3	3	biology	0	9			0	0	0	0	0	0	0	0	0	0	0	0	NN	Transport	9.0	nn	Transport	9.0	tran-sport	2.0	14.5352904549	14.5352904549	20.0207684612	85.666652799	135.703216637	120.017145306	26.9710348466	255.471218625	2340.77346553	2100633.93078	5437037.56025	225237.005146	547240.986652	110907.102923	161557.89005	8191.78885746	1405.44323083	430.663161509	0.0221963658234	0.157098089816	0.0	0.0	0.0654006319679	1.2842575707	0.0	0.0	5.59175403326	3.4246868552	6.57574987411499	5.661458492279053	6.686359882354736	5.84222412109375	9.072829246520996	6.240909099578857	8.950885772705078	6.090561866760254	2.9854025840759277	2.2901031970977783
auf	auf	24	9	2	153,155	b3	3	biology	0	3			0	0	0	0	0	0	0	0	0	0	0	0	APPR	auf	3.0	appr	auf	3.0	auf	1.0	5092.06867979	5591.37797963	5914.8658555	5591.37797963	0.428085856899	6569.04767908	9351.09676518	8980.91288279	7572.83880855	489216.952266	1286948.94648	95233.9886234	112163.203452	83805.1382611	46267.0913278	41334.1231877	16266.7803613	7317.89743803	0.0692951484301	0.289895292654	0.0	0.0	3235.89246851	19.2638635605	0.0	0.0	3376.16047392	32.5345251244	4.945585250854492	5.524445056915283	4.794562816619873	4.906592845916748	4.010516166687012	5.180890083312988	4.3322601318359375	5.81521463394165	1.3048229217529297	2.208800792694092
den	den	25	10	2	156,158	b3	3	biology	0	3			0	0	0	0	0	0	0	0	0	0	0	0	ART	den	3.0	art	d	1.0	den	1.0	9532.82881596	9841.63424996	80100.3069113	9841.63424996	0.428085856899	7940.04185472	15266.5057923	23354.2468477	22159.4362965	1464587.59747	2838670.7078	583323.017065	738089.367203	513926.807063	462012.089145	110461.430317	53801.2331077	11287.0372669	0.0645632931127	0.22424070987	26530.3631386	0.428085856899	39507.1238333	37.6715554072	26530.3631386	0.428085856899	40560.2456847	58.6477623952	3.0736045837402344	3.5728695392608643	2.7176103591918945	4.058152198791504	2.5004987716674805	3.0200352668762207	3.3704261779785156	2.8028767108917236	0.7085461020469666	1.0051493644714355
Gleisen	"""Gleisen"""	26	11	2	160,166	b3	3	biology	0	7	$(	$(	1	0	0	0	0	0	0	0	0	0	0	0	NN	Gleisen	7.0	nn	Gleis	5.0	glei-sen	2.0	0.792982662611	0.792982662611	4.087539498	7.04691809455	12.4144898501	9.70726910567	1.48976947369	8786.19885126	21867.909828	2839948.27889	6259225.6783	575398.324388	1068142.7067	361952.987786	525719.398283	15129.6759234	811.580967327	200.313960639	0.019461474	0.139576763959	0.882908531567	0.428085856899	1.65954103619	2.5685151414	9.83462003218	1.2842575707	11.0281815656	3.8527727121	15.712646484375	15.224844932556152	14.27074146270752	11.88002872467041	20.677785873413086	21.223779678344727	15.19586181640625	17.114299774169922	50.266849640756845	50.645075745880604
ermöglicht	ermöglicht.	27	12	2	168,177	b3	3	biology	0	10		$.	0	0	0	0	1	1	0	0	0	0	0	0	VVFIN	ermöglicht	10.0	vvfin	ermöglichen	11.0	er-mög-licht	3.0	16.8488378107	31.5067544506	70.3465547605	54.1353731115	18.4076918467	246.08557525	59.4200761955	19420.5378111	23929.5713148	2531312.86201	5925455.69739	538974.08007	923171.859348	244853.99828	222727.078143	45007.5949345	12349.7403108	162.986549943	0.0549557012312	0.316947273345	0.0	0.0	1.60231548321	0.856171713799	0.0	0.0	7.51289759732	2.9966009983	2.359865665435791	2.9116952419281006	3.8702852725982666	5.672310829162598	2.747422456741333	1.810873031616211	2.206819534301758	2.0366389751434326	30.346115112304688	30.494163513183594
Die	Die	28	1	3	179,181	b3	3	biology	0	3			0	0	0	1	0	0	0	0	0	0	0	0	ART	Die	3.0	art	d	1.0	die	1.0	4044.09712821	4092.99227569	80100.3069113	4092.99227569	0.428085856899	7006.50513099	7668.65043956	33694.5118659	1928.95487119	1162034.30857	2398782.95191	235702.357048	295575.732669	203871.746843	202066.798517	19121.5915224	6400.40832231	5199.86527143	0.05895410862	0.0848217844714	29483.8638533	0.856171713799	35483.8322812	32.5345251244	29483.8638533	0.856171713799	35649.500257	46.661358402	14.98300552368164	2.2600674629211426	15.732444763183594	2.39328670501709	2.596067428588867	2.585628032684326	2.6906278133392334	2.5986268520355225	3.138066291809082	2.882655382156372
Gleise	"""Gleise"""	29	2	3	183,188	b3	3	biology	0	6	$(	$(	1	0	0	0	0	0	0	0	0	0	0	0	NN	Gleise	6.0	nn	Gleis	5.0	glei-se	2.0	1.66771611518	1.66771611518	4.087539498	21.1979798366	12.4144898501	18.4059907718	3.11920483554	9706.06691497	23900.0333907	2367072.72911	5278734.40697	333596.867905	606661.444019	165617.96072	254283.85517	15129.6759234	811.580967327	200.313960639	0.0231147227304	0.151723596289	2.46887385679	0.428085856899	2.60785019972	2.1404292845	67.0356477671	0.856171713799	71.1313623441	4.28085856899	18.88321113586425	6.097867965698242	21.85816764831543	4.329137325286865	18.77613639831543	6.388710021972656	20.036970138549805	7.558091163635254	55.64892768859863	57.89652156829834
können	können	30	3	3	190,195	b3	3	biology	0	6			0	0	0	0	0	0	0	0	0	0	0	0	VMFIN	können	6.0	vmfin	können	6.0	kön-nen	2.0	410.429840994	800.364758945	3346.01895766	1040.34420287	6.84937371039	2247.92617433	1485.25360998	13304.9737663	21461.2282639	2256673.84632	4790724.23565	449157.928849	734790.965676	355872.813658	463296.346715	11052.747678	1430.29547098	1371.06702365	0.0301274059589	0.356573992093	0.0	0.0	97.994671925	8.56171713799	0.0	0.0	382.953400488	14.5549191346	5.492541313171387	3.6297740936279297	4.931704521179199	3.289646863937378	7.691779613494873	5.4013776779174805	4.567113876342773	3.3959691524505615	2.4557080268859863	0.7599723935127258
Mikrotubuli	Mikrotubuli	31	4	3	196,206	b3	3	biology	0	11			0	0	0	0	0	0	0	1	0	0	0	0	NN	Mikrotubuli	11.0	nn	Mikrotubulus	11.0	mi-kro-tu-bu-li	5.0		0.645831240683		4.21834076193	25.685151414	0.630342149719	1.19491926536	15730.7404315	59306.586529	2142742.4138	5332973.31313	88623.0965422	304708.51634	27822.0828455	73189.8389541	14815.8918663	3196.22698522	29.2177323317	0.0149813986962	0.215917204785	0.0	0.0	0.0	0.0	0.0	0.0	0.0	0.0	20.27887535095215	7.542724609375	18.941659927368164	6.681910514831543	28.07745361328125	21.97439193725586	20.51179313659668	14.449725151062012	0.5822670394554734	1.970129957422614
oder	oder	32	5	3	207,210	b3	3	biology	0	4			0	0	0	0	0	0	0	0	0	0	0	0	KON	oder	4.0	kon	oder	4.0	o-der	2.0	2382.24254467	2382.24254467	2440.80063552	2382.26706991	1.2842575707	3195.07828849	3786.12496993	46489.2135514	49053.0740845	1447738.97221	3094476.83627	387480.767411	538964.374695	245168.738822	173303.709792	5492.20609632	2385.56980182	2382.69217401	0.0664484844681	0.385688126346	0.0	0.0	81.66903917	10.7021464225	26530.3631386	0.428085856899	26614.3539002	24.4008938433	3.1264872550964355	1.4375879764556885	2.2876033782958984	1.0771228075027466	3.1543095111846924	2.628267765045166	3.5821568965911865	2.2852296829223633	0.1843055635690689	0.2022199034690857
Aktinfilamente	Aktinfilamente	33	6	3	211,224	b3	3	biology	0	14			0	0	0	0	0	0	0	1	0	0	0	0	NN	Aktinfilamente	14.0	nn	Aktinfilament	13.0	ak-tin-fi-la-men-te	6.0	0.138976342932	0.138976342932	0.28612776486	6.74444017169	47.0894442589	0.378205289831	0.2638133443	37671.5896965	90156.5938065	4446739.96938	10091328.2648	597210.808563	1300433.22289	205231.581308	340091.09667	19822.5963712	370.576330888	273.350116389	0.00807640017647	0.344042952118	0.0	0.0	0.04087539498	0.428085856899	0.0	0.0	0.188026816908	1.2842575707	2.820976734161377	2.1228063106536865	1.7279338836669922	1.6612762212753296	26.29608726501465	25.87731170654297	19.72443389892578	19.534048080444336	7.9387172013521194	0.05294004449388012
sein	sein.	34	7	3	225,228	b3	3	biology	0	4		$.	0	0	0	0	0	1	0	0	0	0	0	0	VAINF	sein	4.0	vainf	sein	4.0	sein	1.0	1095.32160912	1666.95583284	17044.4184006	2092.23161729	5.13703028279	3274.12319407	3013.74157155	2048.29056768	1091.61893509	1884473.37249	4088170.70352	443071.353635	580895.384378	324862.163876	299394.686598	48925.779496	10190.9226751	6991.14770564	0.0299220614852	0.307693686724	0.0	0.0	1848.59791305	26.9694089847	4999.44503476	0.428085856899	9294.28818594	38.0996412641	1.0471616983413696	0.632160484790802	1.3787295818328855	0.2980724275112152	2.0731935501098633	2.0447816848754883	2.544475555419922	1.1269440650939941	27.927437663078308	26.751099169254303
Aktinbindende	Aktinbindende	35	1	4	230,242	b3	3	biology	0	13			0	0	0	1	0	0	0	0	0	0	0	0	ADJA	Aktinbindende	11.0	adja	aktinbindend	12.0	ak-tin-bin-den-de	5.0																													38.99074935913086	11.46820068359375	46.44989776611328	14.454684257507324	38.3480339050293	26.817230224609375	31.10650634765625	18.645732879638672	4.672424450982362	3.5637092869728804
Motorproteine	Motorproteine	36	2	4	243,255	b3	3	biology	0	13			0	0	0	0	0	0	0	0	1	0	0	0	NN	Motorproteine	13.0	nn	Motorprotein	12.0	mo-tor-pro-tei-ne	5.0	0.0572255529719	0.0572255529719	0.0817507899599	3.6706104692	50.942216971	0.252136859888	0.108629024123	21845.8221467	54794.5615973	4016234.12092	9530093.57957	480950.860115	942781.616281	226890.243196	299466.176936	14815.8918663	1405.28790433	132.80415829	0.00262577442857	0.428837349429	0.0	0.0	0.0	0.0	0.0	0.0	0.024525236988	0.856171713799	18.08366775512696	4.802248477935791	16.734758377075195	4.2741217613220215	20.132183074951172	17.770523071289062	23.865751266479492	13.033421516418457	6.799344913102686	0.25294448365457356
sind	sind	37	3	4	256,259	b3	3	biology	0	4			0	0	0	0	0	0	0	0	0	0	0	0	VAFIN	sind	4.0	vafin	sein	4.0	sind	1.0	2296.19983824	2298.63601178	17044.4184006	2302.62545033	5.99320199659	4304.10226671	4116.7606825	2333.22477101	26.1132372709	1332047.00373	2728807.18157	249282.495798	286785.417683	144872.038227	66814.7843732	48925.779496	15113.3748159	2467.07533941	0.0559257789967	0.326343386708	0.0	0.0	259.885761283	20.9762069881	0.0	0.0	267.325083169	26.5413231278	1.652508020401001	1.4579015970230105	2.941066265106201	1.6229571104049685	1.653551459312439	1.6198927164077759	1.5850430727005005	1.2463064193725586	0.07235175371170044	0.18692517280578613
die	die	38	4	4	260,262	b3	3	biology	0	3			0	0	0	0	0	0	0	0	0	0	0	0	ART	die	3.0	art	d	1.0	die	1.0	20527.116504	24520.1275636	80100.3069113	24520.1275636	0.428085856899	9091.29875697	30440.211361	33694.5118659	1928.95487119	1361337.08551	2613060.47141	356516.797331	303924.26305	343523.065172	189343.230678	110461.430317	29991.8223867	29048.3692201	0.0938387928357	0.266249299869	0.0	0.0	15201.9436218	35.5311261227	0.0	0.0	15852.8515865	58.2196765383	3.256321907043457	2.4030656814575195	3.5674076080322266	3.473585844039917	2.2582509517669678	2.6205875873565674	2.7734556198120117	2.768386125564575	2.3363585472106934	1.1586227416992188
Myosine	Myosine,	39	5	4	263,269	b3	3	biology	0	7		$,	0	0	0	0	0	0	0	1	0	0	0	0	NN	Myosine	7.0	nn	Myosine	7.0	myo-si-ne	3.0	0.00817507899599	0.00817507899599	0.00817507899599	0.220727132892	2.9966009983	0.126068429944	0.0155184320176	19290.0553753	39290.5761179	2020212.67027	4559503.50602	295213.645757	449070.197519	183558.114352	232322.194539	14815.8918663	62.7192060573	1.99471927502	0.00030048	1.0	0.0572255529719	0.428085856899	0.0654006319679	0.856171713799	0.335178238836	0.856171713799	0.351528396828	1.7123434276	13.734336853027344	4.606769561767578	11.712308883666992	1.2961763143539429	20.328718185424805	17.03045654296875	17.80791664123535	13.68045425415039	34.24779403209686	25.072123475489207
von	von	40	6	4	271,273	b3	3	biology	0	3			0	0	1	0	0	0	0	0	0	0	0	0	APPR	von	3.0	appr	von	3.0	von	1.0	7955.34104766	7955.34104766	8265.3727435	7955.34104766	0.428085856899	7856.20634881	12401.4928732	8585.23905938	340.756342092	620899.645044	1436353.90714	258695.641457	333765.271963	253104.606831	264495.4152	23102.1601118	13320.2529889	7993.18348833	0.0874371201871	0.312235645495	0.0	0.0	3224.03042889	30.8221816968	0.0	0.0	3276.15473257	38.9558129779	3.782620668411255	6.0548014640808105	4.151634216308594	4.330585479736328	4.981409549713135	5.744182109832764	4.152314186096191	4.718157768249512	0.047538433223962784	0.09227312356233597
denen	denen	41	7	4	274,278	b3	3	biology	0	5			0	0	0	0	0	0	0	0	0	0	0	0	PRELS	denen	5.0	prels	die	3.0	de-nen	2.0	410.87129526	437.284975496	10789.1994813	531.396484898	13.2706615639	1621.36607751	805.391103283	27725.5269875	56465.8087826	2709532.35548	5427933.45833	805987.038723	1199461.89608	532357.759736	500201.200353	110461.430317	53801.2331077	11287.0372669	0.00720609666104	0.0918501341122	0.0	0.0	453.340830644	15.8391767053	664.960925534	0.428085856899	1324.34644719	21.404292845	0.0377312861382961	0.1485324949026107	0.1018477901816368	0.0763104036450386	0.03402872383594513	0.1328478753566742	0.06350046396255493	0.057947613298892975	0.004521859809756279	0.008741918951272964
in	in	42	8	4	279,280	b3	3	biology	0	2			0	0	0	0	0	0	0	0	0	0	0	0	APPR	in	2.0	appr	in	2.0	in	1.0	13129.4221199	13165.4578681	14298.1641135	0.0	0.0	8527.89894355	19687.5208529	18583.5486983	15158.092107	842500.587604	1735372.30627	309490.415689	350022.68855	273957.116004	252232.89583	37971.7622471	15391.66268	-0.00817507899599	0.0682365415668	0.281559937821	0.0	0.0	9683.14399346	42.380499833	0.0	0.0	17389.6438116	75.7711966712	4.013452053070068	4.10402774810791	4.271781921386719	4.544397830963135	3.4166653156280518	3.9381301403045654	3.687690258026123	4.179531097412109	0.6394011378288269	0.5289368629455566
Eukaryoten	Eukaryoten	43	9	4	281,290	b3	3	biology	0	10			0	0	0	0	0	0	0	1	0	0	0	0	NN	Eukaryoten	10.0	nn	Eukaryoten	10.0	eu-kar-yo-ten	4.0		0.359703475824	0.359703475824	0.678531556667	4.28085856899	0.126068429944	0.620737280705	19838.3987989	53675.1170815	2475569.15656	5965253.98334	500546.230166	985329.069598	363040.968174	520959.51164	14903.9783425	367.71505324	4.13658997197	0.00459700193182	0.235169978773	0.0	0.0	0.0	0.0	0.0	0.0	0.024525236988	0.428085856899	5.177314758300781	4.686832427978516	5.763916492462158	4.209368705749512	13.489540100097656	12.275369644165039	10.357832908630371	9.177077293395996	0.9941742070368491	1.709687034948729
siebzehn	siebzehn	44	10	4	291,298	b3	3	biology	0	8			0	0	0	0	0	0	0	0	0	0	0	0	CARD	siebzehn	8.0	card	siebzehn	8.0	sieb-zehn	2.0	4.85599692362	4.85599692362	4.85599692362	9.95724621712	11.5583181363	39.2072817125	9.07828273031	308.527481309	824.921446245	2994278.39301	6483913.38967	389699.925305	509959.845547	270585.280147	274819.561811	48925.779496	15113.3748159	5524.95546278	0.00560002991737	0.149040162236	0.0	0.0	0.801157741607	0.856171713799	0.0	0.0	0.842033136587	1.7123434276	10.023213386535645	10.40131664276123	10.093111038208008	8.375069618225098	13.967367172241211	14.919639587402344	14.33374309539795	14.821919441223145	1.4060012847185135	1.4170912206172943
Familien	Familien	45	11	4	299,306	b3	3	biology	0	8			0	0	0	0	0	0	0	0	0	0	0	0	NN	Familien	8.0	nn	Familie	7.0	fa-mi-lien	3.0	26.8714846598	26.8714846598	132.452629893	27.2393632146	5.13703028279	182.799223418	49.8917589367	4179.69716352	20985.6248769	2515238.24506	5570397.43491	528675.982109	932841.462684	348730.664068	495210.575433	11807.4546207	1447.17700911	197.142029988	0.0346325191024	0.238890674551	0.0	0.0	0.228902211888	2.9966009983	105.425818732	0.428085856899	107.420538007	5.56511613969	4.1864423751831055	4.446950912475586	4.785916328430176	5.934943675994873	11.066981315612793	11.38079833984375	7.589554309844971	7.966639518737793	6.3311262130737305	6.875640869140625
vorkommen	vorkommen.	46	12	4	307,315	b3	3	biology	0	9		$.	0	0	0	0	1	1	0	0	0	0	0	0	VVFIN	vorkommen	9.0	vvfin	vorkommen	9.0	vor-kom-men	3.0	0.359703475824	16.7262116258	44.4397294222	251.11390152	156.679423625	113.335518519	31.4713801318	15284.0132398	33388.128323	2115505.1434	4988793.56844	479575.035196	863220.575519	384471.635284	492843.260644	23102.1601118	13320.2529889	3635.39222889	0.0338402872097	0.295235029191	0.0	0.0	7.31669570141	2.1404292845	0.0	0.0	8.40398120788	3.4246868552	4.612607955932617	4.587786674499512	2.9517693519592285	2.4873569011688232	4.963322639465332	4.71751070022583	3.939581871032715	4.4396586418151855	29.86715054512024	29.462949752807617
Eine	Eine	47	1	5	317,320	b3	3	biology	0	4			0	0	0	1	0	0	0	0	0	0	0	0	ART	Eine	4.0	art	eine	4.0	ei-ne	2.0	400.881348726	402.745266738	17543.4333976	418.752071412	4.70894442589	1664.85968584	762.932673283	30417.7276523	27062.3036156	1631171.42743	3391959.69144	270950.550852	383709.620802	186734.099841	228115.822909	14903.9783425	3644.7281691	2977.8869754	0.0084152481915	0.0257485807386	4602.28334698	0.428085856899	4693.80335634	24.4008938433	5164.96585919	0.856171713799	5388.77499687	31.6783534106	14.744372367858888	4.736550331115723	16.51499366760254	4.606679439544678	4.816530227661133	5.034701347351074	4.840551376342773	4.761088848114014	1.4065048694610596	0.717136025428772
schwere	schwere	48	2	5	321,327	b3	3	biology	0	7			0	0	0	0	0	0	0	0	0	0	0	0	ADJA	schwere	7.0	adja	schwer	6.0	schwe-re	2.0	51.4375970428	51.4375970428	324.043781243	997.44956338	255.139170712	390.055722246	96.803978926	11544.2252521	32372.2805846	2563995.60158	5702262.00567	574395.814451	1083599.17465	248487.232288	366292.519628	48925.779496	5804.84564237	5790.87443236	0.00721975116704	0.165958536873	0.0	0.0	15.9741043582	5.56511613969	200.134108901	0.856171713799	258.152644535	9.41788885179	7.044073581695557	10.243905067443848	7.840343952178955	10.900760650634766	7.3043317794799805	7.450841903686523	7.639242172241211	8.872706413269043	6.672507286071777	3.2691738605499268
Kette	Kette	49	3	5	328,332	b3	3	biology	0	5			0	0	0	0	0	0	0	0	1	0	0	0	NN	Kette	5.0	nn	Kette	5.0	ket-te	2.0	19.4812132475	19.5057384844	27.8851944553	20.1106943301	5.13703028279	106.779960162	35.8630963927	25521.1659867	47115.1294104	2115054.5167	4778396.21915	254619.857723	504688.396305	176848.083087	272800.280824	13511.0511576	695.11879195	51.086068646	0.0158005283977	0.12361849361	0.0	0.0	30.4603443391	16.2672625622	0.0	0.0	39.2076788648	19.2638635605	10.100550651550291	1.4724009037017822	12.393123626708984	3.4306180477142334	7.2607502937316895	6.51030158996582	7.355832099914551	7.3239288330078125	3.9238622188568115	0.008383558131754398
ist	ist	50	4	5	333,335	b3	3	biology	0	3			0	0	0	0	0	0	0	0	0	0	0	0	VAFIN	ist	3.0	vafin	sein	4.0	ist	1.0	6193.1128442	6201.98280491	17044.4184006	6201.98280491	0.428085856899	5647.61352462	10628.2947571	6392.98535058	321.920564388	917956.027182	2251465.76597	202181.475685	311508.232091	153618.244592	108375.49979	37971.7622471	6331.86028492	6216.50992029	0.0707295422332	0.285080866351	0.0	0.0	174.505236248	21.8323787019	0.0	0.0	350.048707529	42.380499833	2.116128921508789	4.234090805053711	2.507919311523437	3.0404598712921143	2.358881711959839	2.2458808422088623	2.9303131103515625	2.3386621475219727	0.017124764621257782	0.005958294961601496
an	an	51	5	5	336,337	b3	3	biology	0	2			0	0	0	0	0	0	0	0	0	0	0	0	APPR	an	2.0	appr	an	2.0	an	1.0	3187.89657972	3884.37243479	4068.76951662	0.0	0.0	5613.44898011	6653.07769303	12719.6789856	19259.154616	717398.252987	1649175.07855	279301.541198	364343.444721	252342.313415	264619.560099	41334.1231877	8435.34898599	-0.00817507899599	0.0614799109559	0.290369413682	13165.4578681	0.428085856899	16682.1888254	42.380499833	13165.4578681	0.428085856899	19757.6290185	75.7711966712	4.751865386962891	3.295296192169189	5.121901512145996	1.843350052833557	5.433869361877441	5.948334693908691	4.24063777923584	5.496382713317871	0.029719984158873558	0.009897560812532902
der	der	52	6	5	338,340	b3	3	biology	0	3			0	0	0	0	0	0	0	0	0	0	0	0	ART	der	3.0	art	d	1.0	der	1.0	24738.5901996	26530.3631386	80100.3069113	26530.3631386	0.428085856899	9372.80956103	30912.3596552	38163.5169	19310.096833	1332151.97174	2710999.66609	487983.455471	535760.152056	398226.025843	178781.068331	110461.430317	53801.2331077	27238.2432288	0.129811235347	0.318759302208	0.0	0.0	25590.4497812	36.8153836934	0.0	0.0	33289.1996244	55.22307554	2.295063018798828	1.3530604839324951	1.8273508548736568	2.7871522903442383	0.9460726976394653	0.9112488627433777	1.9086757898330688	1.3423680067062378	0.0012649638811126351	0.000959412835072726
Ausbildung	Ausbildung	53	7	5	341,350	b3	3	biology	0	10			0	0	0	0	0	0	0	0	0	0	0	0	NN	Ausbildung	10.0	nn	Ausbildung	10.0	aus-bil-dung	3.0	53.6039929767	53.6039929767	53.9636964525	300.712105789	250.002140429	289.327046721	97.9833797593	9331.58289632	17716.3331878	2086939.62705	4730798.20889	199178.066113	520036.558532	101279.745669	255158.00649	19822.5963712	5396.67212318	2004.56207013	0.0245731339407	0.153625653254	0.0	0.0	0.188026816908	2.1404292845	0.0	0.0	0.351528396828	4.28085856899	9.547164916992188	9.255184173583984	10.271610260009766	8.611248970031738	10.176590919494629	8.927345275878906	10.790310859680176	7.264355659484863	2.1087849140167236	2.0940046310424805
einer	einer	54	8	5	351,355	b3	3	biology	0	5			0	0	0	0	0	0	0	0	0	0	0	0	ART	einer	5.0	art	eine	4.0	ei-ner	2.0	2342.47896043	2431.18674262	17543.4333976	7303.86082739	14.1268332777	4894.732861	4237.55615733	21798.3739882	14462.4525895	2727078.92811	5805735.49431	528986.765912	752729.903509	325207.675415	207395.611264	45007.5949345	21503.4825387	20569.6023896	0.0318816192149	0.182077876037	0.0	0.0	4849.55496137	17.9796059898	4602.28334698	0.428085856899	10773.3725284	33.3906968382	3.586184501647949	2.479924201965332	2.9454259872436523	2.288515329360962	3.631742477416992	3.7537875175476074	3.5348081588745117	2.3886749744415283	1.5480284690856934	2.7573814392089844
Schwanz-	Schwanz-	55	9	5	356,363	b3	3	biology	0	8			0	0	0	0	0	0	0	0	0	0	0	0	TRUNC	Schwanz-	8.0	trunc	Schwanz-	8.0	schwanz-	1.0	0.032700315984	0.04087539498	0.04087539498	814.597571477	785.965633267	0.504273719775	0.0775921600881	17.5600696834	142.552590348	1217034.05731	2886011.43845	232766.269251	550229.882105	52789.9104352	159724.398325	26995.0755041	5794.60226839	5748.46212253	6.418e-07	0.0396568022	1.16086121743	1.7123434276	1.16086121743	1.7123434276	10.3823503249	2.1404292845	10.4068755619	2.9966009983	14.143060684204102	11.49562644958496	14.759711265563965	6.640287399291992	13.212891578674316	15.700858116149902	14.016142845153809	13.593673706054688	28.358570098876953	26.123074769973755
und	und	56	10	5	364,366	b3	3	biology	0	3			0	0	0	0	0	0	0	0	0	0	0	0	KON	und	3.0	kon	und	3.0	und	1.0	22313.7473183	22313.7473183	23398.5884761	22313.7473183	0.428085856899	9064.0679761	29467.6401896	23513.5137367	723.037012303	869972.90787	1656300.13956	195202.966651	251153.263298	160187.509171	58920.0250002	32509.3788389	28906.6542257	22352.5789435	0.120238001286	0.419307858966	0.0	0.0	2201.34439665	22.6885504157	0.0	0.0	2454.42031712	42.8085856899	1.6088180541992188	1.6430838108062744	1.6257987022399902	3.618438005447388	2.202908515930176	1.8109815120697021	2.6600441932678223	1.8291200399398804	0.8577398061752319	2.60744571685791
einer	einer	57	11	5	367,371	b3	3	biology	0	5			0	0	0	0	0	0	0	0	0	0	0	0	ART	einer	5.0	art	eine	4.0	ei-ner	2.0	2342.47896043	2431.18674262	17543.4333976	7303.86082739	14.1268332777	4894.732861	4237.55615733	21798.3739882	14462.4525895	2727078.92811	5805735.49431	528986.765912	752729.903509	325207.675415	207395.611264	45007.5949345	21503.4825387	20569.6023896	0.0318816192149	0.182077876037	0.0	0.0	4849.55496137	17.9796059898	4602.28334698	0.428085856899	10773.3725284	33.3906968382	3.6084470748901367	0.8521941900253296	7.473837852478027	1.025443196296692	1.940220594406128	2.1928598880767822	3.2731003761291504	2.6211659908294678	0.11666767299175262	0.17667563259601593
Kopfregion	Kopfregion	58	12	5	372,381	b3	3	biology	0	10			0	0	0	0	0	0	0	0	0	0	0	0	NN	Kopfregion	10.0	nn	Kopfregion	10.0	kopf-re-gi-on	4.0	0.0899258689559	0.0899258689559	0.0899258689559	25.6206975734	85.6171713799	1.00854743955	0.170702752194	15982.0750602	50730.7425577	2430093.4566	5738442.10995	312186.221563	604876.325996	235627.309823	350096.747404	13511.0511576	3068.45867559	339.339354045	4.50163636364e-06	0.235710287818	0.0	0.0	0.0	0.0	0.0	0.0	0.0	0.0	9.906620979309082	2.0902655124664307	8.419072151184082	2.322318315505981	13.552947044372559	12.455284118652344	9.98788070678711	6.885085105895996	12.346999168395996	9.576404571533203
beteiligt	beteiligt,	59	13	5	382,390	b3	3	biology	0	9		$,	0	0	0	0	0	0	0	0	0	0	0	0	VVPP	beteiligt	9.0	vvpp	beteiligen	10.0	be-tei-ligt	3.0	33.0927197758	34.5397087581	58.5989662433	124.49827803	54.7949896831	291.72234689	65.2705250661	24127.6665462	52306.9546828	3218649.68182	7315692.77134	398077.574584	733162.098991	140746.966941	141640.339386	20337.830725	14068.4280436	781.553902175	0.0558568587402	0.344454239985	0.0	0.0	0.752107267631	1.2842575707	0.0	0.0	6.123134168	4.70894442589	5.458020210266113	4.445006847381592	3.62060809135437	1.5478873252868652	3.601470708847046	1.972420334815979	2.313175916671753	1.8701080083847046	26.235179245471954	26.573967546224594
welche	welche	60	14	5	392,397	b3	3	biology	0	6			0	0	1	0	0	0	0	0	0	0	0	0	PRELS	welche	6.0	prels	welche	6.0	wel-che	2.0	237.641371335	335.87312055	501.271318797	342.30690772	9.41788885179	1071.58165452	607.70179781	5947.03479135	11812.6011353	2121187.37104	4618582.77896	389419.560971	697145.09542	218655.600575	274383.770409	34258.3961147	9994.2302745	717.216030476	0.00399282761544	0.0882011886811	0.0	0.0	34.2944563882	4.28085856899	0.0	0.0	338.775273594	8.56171713799	2.85518765449524	2.225419759750366	3.302098274230957	1.9242563247680664	2.8143534660339355	2.032609224319458	3.768739700317383	2.8282430171966553	0.992917001247406	0.725710391998291
die	die	61	15	5	398,400	b3	3	biology	0	3			0	0	0	0	0	0	0	0	0	0	0	0	ART	die	3.0	art	d	1.0	die	1.0	20527.116504	24520.1275636	80100.3069113	24520.1275636	0.428085856899	9091.29875697	30440.211361	33694.5118659	1928.95487119	1361337.08551	2613060.47141	356516.797331	303924.26305	343523.065172	189343.230678	110461.430317	29991.8223867	29048.3692201	0.0938387928357	0.266249299869	0.0	0.0	15201.9436218	35.5311261227	0.0	0.0	15852.8515865	58.2196765383	2.3583908081054688	1.716477394104004	1.851976990699768	2.529628276824951	2.0253846645355225	1.7484068870544434	2.1863489151000977	1.873992919921875	0.42513182759284973	0.7274470329284668
Motordomäne	Motordomäne	62	16	5	401,411	b3	3	biology	0	11			0	0	0	0	0	0	0	1	0	0	0	0	NN	Motordomäne	11.0	nn	Motordomäne	11.0	mo-tor-do-mä-ne	5.0																													21.222938537597656	8.732887268066406	17.973825454711914	7.924766540527344	22.90828514099121	23.176130294799805	22.605792999267578	14.565070152282715	10.336472660303116	1.7135381773114204
bildet	bildet.	63	17	5	412,417	b3	3	biology	0	6		$.	0	0	0	0	1	1	0	0	0	0	0	0	VVFIN	bildet	6.0	vvfin	bilden	6.0	bil-det	2.0	57.3645293149	57.3645293149	239.897693137	156.806190222	7.27745956729	261.213786843	108.318655483	2222.83667933	4809.11651641	1884868.59668	4085125.72882	245359.45524	316734.732318	118447.34616	115219.73647	20337.830725	2547.64074292	304.513517522	0.0459119439483	0.268971409477	86.2552584867	0.428085856899	92.5582443926	4.28085856899	86.2552584867	0.428085856899	121.612475144	6.42128785349	2.9885342121124268	3.6468734741210938	5.993916034698486	3.627996683120728	5.107617378234863	4.181130886077881	4.091480255126953	2.913884162902832	30.93037521839142	28.983529448509216
Der	Der	64	1	6	419,421	b3	3	biology	0	3			0	0	0	1	0	0	0	0	0	0	0	0	ART	Der	3.0	art	d	1.0	der	1.0	2141.38019221	2185.87714719	80100.3069113	2185.87714719	0.428085856899	5425.85915635	4106.146075	38163.5169	19310.096833	1132849.1948	2496722.14659	301670.887228	455146.876258	217819.682397	167619.157698	19121.5915224	4739.26497064	2226.87516835	0.0321666594225	0.0561990820768	26530.3631386	0.428085856899	27381.593239	33.8187826951	31474.0214343	0.856171713799	32362.4890195	46.2332725451	16.09238052368164	3.129469633102417	15.535179138183594	4.057567119598389	3.3578548431396484	4.248671054840088	3.4370763301849365	4.093408584594727	0.06439763307571411	0.49656766653060913
Kopf	Kopf	65	2	6	422,425	b3	3	biology	0	4			0	0	0	0	0	0	0	0	0	0	0	0	NN	Kopf	4.0	nn	Kopf	4.0	kopf	1.0	223.653811172	223.653811172	272.303706278	226.057284397	2.5685151414	428.380524949	415.676720024	335.497066917	847.181910804	226194.470398	794236.252023	32256.7198475	93504.6532933	28255.8688872	67923.9548284	13511.0511576	3068.45867559	339.339354045	0.024814763448	0.233014623589	0.0	0.0	14.0611358731	7.70554542419	0.0	0.0	32.3978380611	12.4144898501	7.889725685119629	1.7572823762893677	8.416007041931152	1.923106551170349	7.726043224334717	5.406440734863281	7.9692792892456055	4.805096626281738	5.637323379516602	5.625219821929932
besitzt	besitzt	66	3	6	426,432	b3	3	biology	0	7			0	0	0	0	0	0	0	0	0	0	0	0	VVFIN	besitzt	7.0	vvfin	besitzen	8.0	be-sitzt	2.0	47.5953099147	47.5953099147	151.467863638	415.17956189	55.22307554	288.066362422	89.3706499895	22469.0165937	47179.7703747	2096428.29409	4940626.20399	269857.240312	430811.47955	132312.190211	119426.536186	20337.830725	14068.4280436	3126.49356139	0.0490108739682	0.328966693671	0.0	0.0	37.7688649615	2.9966009983	0.0	0.0	37.8669659094	5.13703028279	8.671496391296387	2.795454978942871	12.102206230163574	3.999189853668213	8.202681541442871	5.709824085235596	9.252415657043457	4.5341796875	0.48953908681869507	0.6753584742546082
eine	eine	67	4	6	433,436	b3	3	biology	0	4			0	0	0	0	0	0	0	0	0	0	0	0	ART	eine	4.0	art	eine	4.0	ei-ne	2.0	4544.81254164	4602.28334698	17543.4333976	4654.20327368	7.70554542419	6231.56249212	7847.29862895	30417.7276523	27062.3036156	2386639.00405	4952915.26469	382524.871022	493577.855975	268757.733063	229873.543438	45007.5949345	21503.4825387	20569.6023896	0.0243873860821	0.18682983564	0.0	0.0	517.016520944	29.1098382692	4999.44503476	0.428085856899	15385.972825	53.5107321124	2.138212919235229	1.1697050333023071	1.4967930316925049	0.6243912577629089	1.3417829275131226	1.318522334098816	1.7224602699279785	1.4578664302825928	0.4865969121456146	0.9073264002799988
Aktin-	Aktin-	68	5	6	437,442	b3	3	biology	0	6			0	0	0	0	0	0	0	0	0	0	0	0	TRUNC	Aktin-	6.0	trunc	Aktin-	6.0	ak-tin-	2.0	0.049050473976	0.049050473976	0.049050473976	56.2036680974	8.13363128109	0.252136859888	0.0931105921058	901.686688021	4776.15390543	1206531.90937	2888539.71352	132184.201174	295485.834639	29975.7665316	74578.5494739	19822.5963712	370.576330888	273.350116389	0.00122914416667	0.402924002167	0.171676658916	0.856171713799	0.179851737912	1.2842575707	0.588605687711	1.7123434276	0.613130924699	2.5685151414	16.41286849975586	8.000556945800781	15.280030250549316	5.881503105163574	20.051050186157227	14.632320404052734	18.178030014038086	14.01059627532959	29.795843839645386	21.52646518871188
und	und	69	6	6	443,445	b3	3	biology	0	3			0	0	0	0	0	0	0	0	0	0	0	0	KON	und	3.0	kon	und	3.0	und	1.0	22313.7473183	22313.7473183	23398.5884761	22313.7473183	0.428085856899	9064.0679761	29467.6401896	23513.5137367	723.037012303	869972.90787	1656300.13956	195202.966651	251153.263298	160187.509171	58920.0250002	32509.3788389	28906.6542257	22352.5789435	0.120238001286	0.419307858966	0.0	0.0	2201.34439665	22.6885504157	0.0	0.0	2454.42031712	42.8085856899	2.5207951068878174	2.596409797668457	1.967729091644287	2.793009996414185	3.716449022293091	2.1720292568206787	2.8317925930023193	2.536815643310547	0.5228180885314941	0.42198479175567627
eine	eine	70	7	6	446,449	b3	3	biology	0	4			0	0	0	0	0	0	0	0	0	0	0	0	ART	eine	4.0	art	eine	4.0	ei-ne	2.0	4544.81254164	4602.28334698	17543.4333976	4654.20327368	7.70554542419	6231.56249212	7847.29862895	30417.7276523	27062.3036156	2386639.00405	4952915.26469	382524.871022	493577.855975	268757.733063	229873.543438	45007.5949345	21503.4825387	20569.6023896	0.0243873860821	0.18682983564	0.0	0.0	517.016520944	29.1098382692	4999.44503476	0.428085856899	15385.972825	53.5107321124	1.3821289539337158	0.8575260043144226	0.8041324615478516	0.2453035414218902	0.7627745866775513	0.8853735327720642	0.39441829919815063	0.6844573020935059	0.1052406057715416	0.0418645404279232
ATP-Bindungsstelle	ATP-Bindungsstelle.	71	8	6	450,467	b3	3	biology	0	18		$.	0	0	0	0	0	1	0	1	0	0	1	1	NN	ATP-Bindungsstelle	18.0	nn	ATP-Bindungsstelle	18.0																															14.854765892028809	6.479785919189453	19.40574073791504	2.4502789974212646	28.718769073486328	18.904523849487305	16.058774948120117	12.346943855285645	58.46366913989186	55.289811838418245
Im	Im	72	1	7	469,470	b3	3	biology	0	2			0	0	0	1	0	0	0	0	0	0	0	0	APPRART	Im	2.0	apprart	im	2.0	im	1.0	529.614317676	529.687893387	4852.53069013	0.0	0.0	2336.04800686	1002.70796639	6212.43055587	1739.74092244	116327.212998	272580.67278	39996.4186614	35931.3863989	40518.1195026	35759.2958844	8060.80774179	744.855972562	-0.00817507899599	0.0108843592838	0.0300265749457	8948.32701791	1.7123434276	9818.38432529	44.0928432606	8948.32701791	1.7123434276	10053.1480688	50.0860452572	15.150623321533203	3.989778757095337	15.226114273071287	3.888855457305908	4.444759368896484	5.120627403259277	4.440406799316406	4.9040327072143555	0.026768280193209648	0.050940949469804764
Übergangsbereich	Übergangsbereich	73	2	7	471,486	b3	3	biology	0	16			0	0	0	0	0	0	0	0	0	0	0	0	NN	Übergangsbereich	16.0	nn	Übergangsbereich	16.0	ü-ber-gangs-be-reich	5.0	0.04087539498	0.04087539498	0.0572255529719	12.287143731	138.271731779	0.504273719775	0.0775921600881	40083.4669025	74348.6673687	5127175.4856	11622163.2891	865684.310479	1813831.45404	192726.089392	288349.643404	857.394110021	849.734061001	785.028310748	5.5194e-06	0.2031980386	0.0	0.0	0.0	0.0	0.0	0.0	0.016350157992	0.428085856899	15.650856971740724	9.194889068603516	11.239143371582031	10.33614730834961	12.181568145751953	10.248479843139648	13.567468643188477	10.111483573913574	0.8865352272987366	1.037903070449829
von	von	74	3	7	487,489	b3	3	biology	0	3			0	0	0	0	0	0	0	0	0	0	0	0	APPR	von	3.0	appr	von	3.0	von	1.0	7955.34104766	7955.34104766	8265.3727435	7955.34104766	0.428085856899	7856.20634881	12401.4928732	8585.23905938	340.756342092	620899.645044	1436353.90714	258695.641457	333765.271963	253104.606831	264495.4152	23102.1601118	13320.2529889	7993.18348833	0.0874371201871	0.312235645495	0.0	0.0	3224.03042889	30.8221816968	0.0	0.0	3276.15473257	38.9558129779	2.8596463203430176	2.5505475997924805	1.5108673572540283	2.013201236724853	2.4952194690704346	2.6225008964538574	2.521822452545166	2.6737124919891357	0.10866568982601166	0.039876800030469894
Kopf	Kopf	75	4	7	490,493	b3	3	biology	0	4			0	0	0	0	0	0	0	0	0	0	0	0	NN	Kopf	4.0	nn	Kopf	4.0	kopf	1.0	223.653811172	223.653811172	272.303706278	226.057284397	2.5685151414	428.380524949	415.676720024	335.497066917	847.181910804	226194.470398	794236.252023	32256.7198475	93504.6532933	28255.8688872	67923.9548284	13511.0511576	3068.45867559	339.339354045	0.024814763448	0.233014623589	0.0	0.0	14.0611358731	7.70554542419	0.0	0.0	32.3978380611	12.4144898501	7.842391014099121	1.8889639377594	7.530706405639648	0.6123727560043335	8.78409481048584	5.781635761260986	6.733342170715332	1.5831689834594727	2.4167566299438477	1.2235612869262695
zu	zu	76	5	7	494,495	b3	3	biology	0	2			0	0	0	0	0	0	0	0	0	0	0	0	APPR	zu	2.0	appr	zu	2.0	zu	1.0	2657.22767686	8897.95218113	9058.93583672	0.0	0.0	7088.44961045	13807.9438853	16158.8284432	13822.8923193	227861.336305	547892.533326	51760.5780638	28442.4524183	57219.5279387	16021.5412803	19838.2434724	15326.7362026	-0.00817507899599	0.0592554444736	0.308475260123	0.0	0.0	1383.3868677	35.9592119796	0.0	0.0	4752.13254498	50.5141311141	3.2033944129943848	2.138617753982544	2.37310004234314	1.85555636882782	2.752087116241455	1.3464504480361938	2.603198528289795	2.5661392211914062	2.346925973892212	1.522112488746643
Schwanz	Schwanz	77	6	7	496,502	b3	3	biology	0	7			0	0	0	0	0	0	0	0	0	0	0	0	NN	Schwanz	7.0	nn	Schwanz	7.0	schwanz	1.0	9.22148910748	9.22148910748	11.7966389912	956.974747271	533.394977697	39.9636922922	16.9150908992	17.5600696834	142.552590348	1206239.2579	2760532.19634	230559.700979	546233.272545	52322.1078898	159167.458626	26995.0755041	5794.60226839	5748.46212253	0.0301402180443	0.185511847843	11.6576626483	0.428085856899	13.9466847672	5.56511613969	11.6576626483	0.428085856899	17.4619687354	8.56171713799	7.015025615692139	0.0903610587120056	6.998526096343994	0.1665216386318206	5.767645835876465	2.337831974029541	5.219768047332764	0.4531661570072174	5.0065598487854	4.68806791305542
können	können	78	7	7	503,508	b3	3	biology	0	6			0	0	0	0	0	0	0	0	0	0	0	0	VMFIN	können	6.0	vmfin	können	6.0	kön-nen	2.0	410.429840994	800.364758945	3346.01895766	1040.34420287	6.84937371039	2247.92617433	1485.25360998	13304.9737663	21461.2282639	2256673.84632	4790724.23565	449157.928849	734790.965676	355872.813658	463296.346715	11052.747678	1430.29547098	1371.06702365	0.0301274059589	0.356573992093	0.0	0.0	97.994671925	8.56171713799	0.0	0.0	382.953400488	14.5549191346	8.31902027130127	5.945864677429199	5.209000587463379	6.387229919433594	3.8946540355682373	3.0243937969207764	3.965156316757202	4.24383544921875	0.07862883806228638	0.03755471482872963
unterschiedliche	unterschiedliche	79	8	7	509,524	b3	3	biology	0	16			0	0	0	0	0	0	0	0	0	0	0	0	ADJA	unterschiedliche	16.0	adja	unterschiedlich	15.0	un-ter-schied-li-che	5.0	11.1181074346	11.1181074346	42.82923886	16.8651879687	47.5175301158	83.0790953329	20.4843302633	35264.5194369	91189.5649792	5682794.59876	12453245.747	1027178.65508	2049209.32542	383433.563753	617826.779339	32509.3788389	28906.6542257	2137.73410698	0.0150391967881	0.187967821787	0.0	0.0	0.343353317832	0.856171713799	12.189042783	0.428085856899	29.7000619924	2.9966009983	5.549773693084717	5.124457359313965	7.122254848480225	4.879502773284912	4.641579627990723	5.085338592529297	5.6546831130981445	5.1587724685668945	6.349050879478455	3.512483835220337
leichte	leichte	80	9	7	525,531	b3	3	biology	0	7			0	0	0	0	0	0	0	0	0	0	0	0	ADJA	leichte	7.0	adja	leicht	6.0	leich-te	2.0	20.6829498599	20.6829498599	273.431867179	109.137304597	23.9728079864	159.980837599	38.8115984761	25789.4312039	46280.3619894	2710255.04064	6037297.83645	535579.640119	977304.172125	250023.803786	328735.263144	7813.184599	2444.11154251	702.239285756	0.00504006611744	0.147785036556	23.3153252966	0.428085856899	29.5937859655	6.84937371039	249.715963012	1.7123434276	267.627561092	10.7021464225	9.044811248779297	10.65105152130127	10.019877433776855	8.520755767822266	10.282774925231934	11.970724105834961	9.967281341552734	11.199370384216309	8.11997127532959	6.956271171569824
Ketten	Ketten	81	10	7	532,537	b3	3	biology	0	6			0	0	0	0	0	0	0	0	1	0	0	0	NN	Ketten	6.0	nn	Kette	5.0	ket-ten	2.0	8.40398120788	8.42850644487	27.8851944553	11.8538645442	11.5583181363	56.8568619046	15.7977637939	18973.7452188	50223.8889032	2587930.06648	5758887.49048	496421.314207	966169.658987	369442.83166	558598.960608	13511.0511576	695.11879195	51.086068646	0.0143414974869	0.185808065075	34.2535809932	0.856171713799	51.7318998866	12.842575707	53.7593194776	1.2842575707	71.9406951647	16.2672625622	9.385089874267578	0.230352982878685	12.236822128295898	0.171252816915512	9.221685409545898	5.404407501220703	9.716394424438477	3.810433864593506	6.961976528167725	0.6604163646697998
binden	binden	82	11	7	538,543	b3	3	biology	0	6			0	0	0	0	0	0	0	0	0	0	0	0	VVINF	binden	6.0	vvinf	binden	6.0	bin-den	2.0	7.12866888451	7.71727457222	51.5356979907	24.7132638049	7.27745956729	62.5299412521	14.6183629606	24037.0703208	23924.4342845	2384657.01338	4780382.53752	637170.807247	965674.36365	398927.8809	523310.559166	20337.830725	2547.64074292	330.534793966	0.027957883054	0.26384521706	314.552514529	1.7123434276	330.25684128	10.2740605656	314.552514529	1.7123434276	337.450910797	14.1268332777	9.074185371398926	3.805530071258545	11.61514377593994	3.3542017936706543	10.961055755615234	11.053680419921875	13.93354320526123	12.6150541305542	7.034074306488037	4.9761505126953125
und	und	83	12	7	544,546	b3	3	biology	0	3			0	0	0	0	0	0	0	0	0	0	0	0	KON	und	3.0	kon	und	3.0	und	1.0	22313.7473183	22313.7473183	23398.5884761	22313.7473183	0.428085856899	9064.0679761	29467.6401896	23513.5137367	723.037012303	869972.90787	1656300.13956	195202.966651	251153.263298	160187.509171	58920.0250002	32509.3788389	28906.6542257	22352.5789435	0.120238001286	0.419307858966	0.0	0.0	2201.34439665	22.6885504157	0.0	0.0	2454.42031712	42.8085856899	2.61507511138916	2.0598299503326416	3.5127975940704346	3.187187433242798	2.4123129844665527	2.583918333053589	3.4540486335754395	4.268641948699951	0.020148957148194313	0.021946776658296585
auf	auf	84	13	7	547,549	b3	3	biology	0	3			0	0	0	0	0	0	0	0	0	0	0	0	APPR	auf	3.0	appr	auf	3.0	auf	1.0	5092.06867979	5591.37797963	5914.8658555	5591.37797963	0.428085856899	6569.04767908	9351.09676518	8980.91288279	7572.83880855	489216.952266	1286948.94648	95233.9886234	112163.203452	83805.1382611	46267.0913278	41334.1231877	16266.7803613	7317.89743803	0.0692951484301	0.289895292654	0.0	0.0	3235.89246851	19.2638635605	0.0	0.0	3376.16047392	32.5345251244	5.161775588989258	5.1535186767578125	4.627288818359375	5.775243282318115	4.692138671875	4.767613410949707	4.895817279815674	5.037447452545166	0.0004992430913262069	0.001010384177789092
diese	diese	85	14	7	550,554	b3	3	biology	0	5			0	0	0	0	0	0	0	0	0	0	0	0	PDAT	diese	5.0	pdat	diese	5.0	die-se	2.0	985.440372335	1137.48866658	4932.97346745	1184.74062318	12.842575707	2838.68283704	2097.03675541	42835.5173207	25150.9002646	2403309.87039	4965858.86865	444621.332262	493108.673876	321421.240426	207903.749176	110461.430317	29991.8223867	29048.3692201	0.0111071876756	0.123812582272	0.0	0.0	396.156153067	14.9830049915	1140.7505231	0.428085856899	3447.21008548	20.5481211312	3.239887237548828	0.2505376935005188	2.602944612503052	0.7829926609992981	2.307190418243408	2.286766529083252	1.1091388463974	1.0561976432800293	0.6208801865577698	0.3516044318675995
Weise	Weise	86	15	7	555,559	b3	3	biology	0	5			0	0	0	0	0	0	0	0	0	0	0	0	NN	Weise	5.0	nn	Weise	5.0	wei-se	2.0	252.49548987	253.280297454	262.232008954	356.122791223	26.1132372709	1066.79105418	475.267498972	11970.5719719	27927.8932183	2197230.98302	4749440.0637	305363.995515	514439.335953	162274.124509	237654.431973	13240.8075713	4570.94826919	968.428032944	0.086811184636	0.446280519315	0.0	0.0	214.448672223	15.4110908484	0.0	0.0	227.01376864	21.404292845	0.2038927227258682	0.015833405777812	0.1198040321469307	0.0886451676487922	0.06744666397571564	0.0946352481842041	0.08701720088720322	0.09177177399396896	0.006573008373379707	0.004194272682070732
an	an	87	16	7	560,561	b3	3	biology	0	2			0	0	0	0	0	0	0	0	0	0	0	0	APPR	an	2.0	appr	an	2.0	an	1.0	3187.89657972	3884.37243479	4068.76951662	0.0	0.0	5613.44898011	6653.07769303	12719.6789856	19259.154616	717398.252987	1649175.07855	279301.541198	364343.444721	252342.313415	264619.560099	41334.1231877	8435.34898599	-0.00817507899599	0.0614799109559	0.290369413682	13165.4578681	0.428085856899	16682.1888254	42.380499833	13165.4578681	0.428085856899	19757.6290185	75.7711966712	4.716064929962158	4.479436874389648	5.01239013671875	4.309171676635742	4.278619766235352	4.985612392425537	4.629055023193359	4.466132640838623	0.1463574767112732	0.18708516657352448
der	der	88	17	7	562,564	b3	3	biology	0	3			0	0	0	0	0	0	0	0	0	0	0	0	ART	der	3.0	art	d	1.0	der	1.0	24738.5901996	26530.3631386	80100.3069113	26530.3631386	0.428085856899	9372.80956103	30912.3596552	38163.5169	19310.096833	1332151.97174	2710999.66609	487983.455471	535760.152056	398226.025843	178781.068331	110461.430317	53801.2331077	27238.2432288	0.129811235347	0.318759302208	0.0	0.0	25590.4497812	36.8153836934	0.0	0.0	33289.1996244	55.22307554	1.9588887691497805	1.414003610610962	1.983086109161377	1.7617602348327637	1.9726951122283936	1.8721879720687866	1.9730589389801025	1.8883960247039795	0.011824987828731537	1.5900049209594727
Regulation	Regulation	89	18	7	565,574	b3	3	biology	0	10			0	0	0	0	0	0	0	0	1	0	0	0	NN	Regulation	10.0	nn	Regulation	10.0	re-gu-la-ti-on	5.0	1.65136595719	1.65136595719	2.13369561795	35.5861188696	87.3295148075	5.79914777741	3.01057581142	28613.087139	110328.427469	2742253.82857	6496534.64499	315357.220255	661206.431562	239723.858258	378122.672283	9222.31479046	4688.04810073	1042.7068007	0.0341242603267	0.146911059668	0.0	0.0	0.04087539498	0.856171713799	0.0	0.0	0.0572255529719	1.2842575707	10.074403762817385	4.170275688171387	10.629678726196287	6.024637222290039	12.442560195922852	7.93271541595459	10.062567710876465	6.1644287109375	0.9852564334869385	0.4055180139839649
von	von	90	19	7	575,577	b3	3	biology	0	3			0	0	0	0	0	0	0	0	0	0	0	0	APPR	von	3.0	appr	von	3.0	von	1.0	7955.34104766	7955.34104766	8265.3727435	7955.34104766	0.428085856899	7856.20634881	12401.4928732	8585.23905938	340.756342092	620899.645044	1436353.90714	258695.641457	333765.271963	253104.606831	264495.4152	23102.1601118	13320.2529889	7993.18348833	0.0874371201871	0.312235645495	0.0	0.0	3224.03042889	30.8221816968	0.0	0.0	3276.15473257	38.9558129779	2.227580308914185	3.146979331970215	2.438014507293701	3.673215866088867	3.136023998260498	2.3722219467163086	2.8203630447387695	2.2961628437042236	0.10617069154977798	0.07695820927619934
Myosin	Myosin	91	20	7	578,583	b3	3	biology	0	6			0	0	0	0	0	0	0	1	0	0	0	0	NN	Myosin	6.0	nn	Myosin	6.0	myo-sin	2.0	0.277952685864	0.277952685864	0.335178238836	0.359703475824	3.4246868552	0.630342149719	0.450034528511	560.123712489	1970.47919931	1248143.46204	2950732.02682	314351.080582	449178.931326	238958.79349	291830.837593	14815.8918663	62.7192060573	1.99471927502	0.0715847343529	0.425116746618	0.0	0.0	0.0	0.0	0.0	0.0	0.0735757109639	1.2842575707	10.864546775817873	2.6954505443573	13.71430206298828	2.762229681015014	16.4105224609375	5.310541152954102	13.83682632446289	6.522755146026611	8.35800051689148	0.07946795725729316
mitwirken	mitwirken.	92	21	7	584,592	b3	3	biology	0	9		$.	0	0	0	0	0	1	0	0	0	0	0	0	VVINF	mitwirken	9.0	vvinf	mitwirken	9.0	mit-wir-ken	3.0	4.21016568294	4.21016568294	14.0529607941	126.918101413	118.579782361	52.9487405764	7.96095562504	15109.6224547	14750.982457	2821917.57809	6251418.67653	492774.23979	852749.595459	376238.562278	466509.559157	21052.512481	9522.82251927	6974.74032209	0.0423516611883	0.336765737056	0.0	0.0	0.343353317832	0.428085856899	0.0	0.0	1.05458519048	1.7123434276	6.642379760742188	6.87833833694458	6.087141036987305	3.8843278884887695	6.672448635101318	3.702725410461426	5.325594425201416	4.119284629821777	29.22182077448815	29.468424146529287
In	In	93	1	8	594,595	b3	3	biology	0	2			0	0	0	1	0	0	0	0	0	0	0	0	APPR	In	2.0	appr	in	2.0	in	1.0	1126.95098976	1129.46891409	14298.1641135	0.0	0.0	3679.81140163	2136.22079625	18583.5486983	15158.092107	482564.023928	1003993.18487	206102.496999	254899.442632	207172.18156	253451.656264	8060.80774179	3275.63970259	-0.00817507899599	0.0192971185569	0.0371644358343	17049.8303029	0.856171713799	18134.491609	46.661358402	17049.8303029	0.856171713799	18352.7743933	56.9354189676	15.577396392822266	3.683500051498413	14.526416778564451	3.843550682067871	3.8910348415374756	4.787639617919922	4.033197402954102	4.807116985321045	0.3152616322040558	0.3121919333934784
den	den	94	2	8	596,598	b3	3	biology	0	3			0	0	0	0	0	0	0	0	0	0	0	0	ART	den	3.0	art	d	1.0	den	1.0	9532.82881596	9841.63424996	80100.3069113	9841.63424996	0.428085856899	7940.04185472	15266.5057923	23354.2468477	22159.4362965	1464587.59747	2838670.7078	583323.017065	738089.367203	513926.807063	462012.089145	110461.430317	53801.2331077	11287.0372669	0.0645632931127	0.22424070987	26530.3631386	0.428085856899	39507.1238333	37.6715554072	26530.3631386	0.428085856899	40560.2456847	58.6477623952	2.404557466506958	2.6577866077423096	2.382880449295044	2.5265488624572754	2.2992799282073975	2.3641695976257324	2.260800838470459	2.3236913681030273	0.7931431531906128	0.5328559875488281
nicht	nicht	95	3	8	599,603	b3	3	biology	0	5			0	0	0	0	0	0	0	0	0	0	0	0	PTKNEG	nicht	5.0	ptkneg	nicht	5.0	nicht	1.0	6706.81845815	6717.74853877	6860.93504739	6723.92889849	4.70894442589	5491.16260306	11339.5044965	6998.07199754	2410.97954606	1471456.9038	3287078.22841	327844.187442	506392.606101	205577.542476	183411.244959	21439.2836433	8395.39737493	7474.8017292	0.0550971405892	0.222071097484	0.0	0.0	345.339862028	15.8391767053	0.0	0.0	1003.60539786	23.5447221295	8.463468551635742	5.8870038986206055	9.043437957763672	7.750138282775879	9.055408477783203	8.17419719696045	9.430872917175293	8.258903503417969	5.420989990234375	6.008073806762695
muskulären	muskulären	96	4	8	604,613	b3	3	biology	0	10			0	0	0	0	0	0	0	0	0	0	0	0	ADJA	muskulären	10.0	adja	muskulär	8.0	mus-ku-lä-ren	4.0	0.106276026948	0.106276026948	0.277952685864	4.16929028796	29.1098382692	1.51282115933	0.201739616229	10452.3617014	27168.896994	2564623.9218	6093444.29319	469507.801466	880300.773123	360347.900951	469382.443343	21052.512481	1354.10373474	136.041489572	0.000322821923077	0.127649752385	0.0	0.0	0.032700315984	1.2842575707	0.0	0.0	0.130801263936	1.7123434276	15.605388641357422	7.998119354248047	15.999029159545898	6.280107975006104	14.257406234741211	9.722270965576172	15.387282371520996	8.123635292053223	5.380159720778465	4.553630060632713
Zellen	Zellen	97	5	8	614,619	b3	3	biology	0	6			0	0	0	0	0	0	0	0	1	0	0	0	NN	Zellen	6.0	nn	Zelle	5.0	zel-len	2.0	25.5144215465	25.5144215465	48.1348651284	30.8854484469	11.5583181363	61.3953253826	44.7241210748	6815.22000564	18595.193452	2358877.91547	5243267.92181	460975.455167	885674.534885	355080.33785	500764.56134	6468.08162623	2120.85256885	109.783135837	0.0658063752096	0.280245734433	0.0	0.0	60.6999615452	14.1268332777	0.0	0.0	84.2360139747	16.6953484191	3.41415810585022	0.7160704731941223	3.83061408996582	0.4422241747379303	5.8347673416137695	3.8444900512695312	5.614694118499756	3.908252716064453	0.971846342086792	1.5411192178726196
beispielsweise	beispielsweise	98	6	8	620,633	b3	3	biology	0	14			0	0	0	0	0	0	0	0	0	0	0	0	ADV	beispielsweise	14.0	adv	beispielsweise	14.0	bei-spiels-wei-se	4.0	30.0924657842	30.1169910212	32.692140905	42.0607814344	29.5379241261	233.226595396	57.0457560968	17574.8665764	32629.9882704	5340258.02037	11903198.2294	615494.274637	1104396.86984	202748.016834	274400.465757	20337.830725	14068.4280436	3488.24080696	0.0213763751115	0.198260088063	0.0	0.0	2.59150004173	1.2842575707	0.0	0.0	2.74682654265	2.9966009983	11.062975883483888	9.010847091674805	10.072815895080566	8.824277877807617	8.96741771697998	8.432615280151367	9.031112670898438	9.227176666259766	2.172748565673828	2.0989084243774414
registriert	registriert	99	7	8	634,644	b3	3	biology	0	11			0	0	0	0	0	0	0	0	0	0	0	0	VVFIN	registriert	11.0	vvfin	registrieren	12.0	re-gi-striert	3.0	0.956484242531	6.09860893101	10.25972414	24.7541391999	33.3906968382	63.4124202617	11.483639693	12416.8904097	38663.0022517	4264768.93217	9898672.93384	523929.024389	1107902.893	138020.831524	223147.030368	4443.89936651	2162.46372094	218.5443868	0.0552444185402	0.350897308142	0.0	0.0	0.212552053896	0.856171713799	0.0	0.0	1.97019403803	2.1404292845	11.95437240600586	9.617680549621582	14.309435844421388	11.193225860595703	12.231283187866211	10.62801456451416	11.533164978027344	11.526607513427734	8.396204948425293	7.63422966003418
eine	eine	100	8	8	645,648	b3	3	biology	0	4			0	0	0	0	0	0	0	0	0	0	0	0	ART	eine	4.0	art	eine	4.0	ei-ne	2.0	4544.81254164	4602.28334698	17543.4333976	4654.20327368	7.70554542419	6231.56249212	7847.29862895	30417.7276523	27062.3036156	2386639.00405	4952915.26469	382524.871022	493577.855975	268757.733063	229873.543438	45007.5949345	21503.4825387	20569.6023896	0.0243873860821	0.18682983564	0.0	0.0	517.016520944	29.1098382692	4999.44503476	0.428085856899	15385.972825	53.5107321124	5.024134635925293	1.974829912185669	3.2970242500305176	2.8892664909362797	3.262476921081543	2.9098129272460938	4.887932300567627	3.7768208980560303	1.9779223203659058	0.6840961575508118
Calmodulinkette	Calmodulinkette	101	9	8	649,663	b3	3	biology	0	15			0	0	0	0	0	0	0	1	0	0	0	0	NN	Calmodulinkette	15.0	nn	Calmodulinkette	15.0	cal-mo-du-lin-ket-te	6.0			0.00817507899599																										24.26622009277344	11.204761505126951	21.703975677490234	14.323724746704102	38.50816345214844	33.27227020263672	39.662689208984375	33.41337203979492	26.982145309448242	22.787559866905212
die	die	102	10	8	664,666	b3	3	biology	0	3			0	0	0	0	0	0	0	0	0	0	0	0	ART	die	3.0	art	d	1.0	die	1.0	20527.116504	24520.1275636	80100.3069113	24520.1275636	0.428085856899	9091.29875697	30440.211361	33694.5118659	1928.95487119	1361337.08551	2613060.47141	356516.797331	303924.26305	343523.065172	189343.230678	110461.430317	29991.8223867	29048.3692201	0.0938387928357	0.266249299869	0.0	0.0	15201.9436218	35.5311261227	0.0	0.0	15852.8515865	58.2196765383	2.0010321140289307	1.3222377300262451	1.6265655755996704	0.985152304172516	1.9931352138519287	1.8262461423873901	1.5157705545425415	1.3688079118728638	0.009172207675874233	0.004719190765172243
Anwesenheit	Anwesenheit	103	11	8	667,677	b3	3	biology	0	11			0	0	0	0	0	0	0	0	0	0	0	0	NN	Anwesenheit	11.0	nn	Anwesenheit	11.0	an-we-sen-heit	4.0	20.6502495439	20.6502495439	20.7483504918	37.2865353007	12.842575707	184.059907718	38.734006316	25631.6848796	48320.1910975	4470236.92041	9652543.68616	563734.604007	1091950.27355	165346.114819	238212.65593	19822.5963712	3723.58498109	172.902920765	0.00577105419865	0.117947473788	0.0	0.0	11.3797099624	2.9966009983	0.0	0.0	11.4042351994	3.8527727121	4.462549686431885	4.618410110473633	3.940995931625366	3.030234813690185	6.810481071472168	6.0488386154174805	4.122409820556641	3.801105499267578	1.6175119876861572	1.6675636768341064
von	von	104	12	8	678,680	b3	3	biology	0	3			0	0	0	0	0	0	0	0	0	0	0	0	APPR	von	3.0	appr	von	3.0	von	1.0	7955.34104766	7955.34104766	8265.3727435	7955.34104766	0.428085856899	7856.20634881	12401.4928732	8585.23905938	340.756342092	620899.645044	1436353.90714	258695.641457	333765.271963	253104.606831	264495.4152	23102.1601118	13320.2529889	7993.18348833	0.0874371201871	0.312235645495	0.0	0.0	3224.03042889	30.8221816968	0.0	0.0	3276.15473257	38.9558129779	1.0432637929916382	0.641041100025177	0.4255994260311126	0.3637337684631347	0.5259220600128174	0.5608978271484375	0.6703303456306458	0.6746290326118469	0.03534034639596939	0.03486810252070427
Calciumionen	Calciumionen	105	13	8	681,692	b3	3	biology	0	12			0	0	0	0	0	0	0	0	1	0	1	0	NN	Calciumionen	12.0	nn	Calciumion	10.0	cal-ci-um-io-nen	5.0																													3.238339900970459	2.734104633331299	2.660284757614136	3.620127439498901	9.659311294555664	11.333497047424316	4.570639610290527	7.527615070343018	0.8285668892785907	0.9454706283286214
und	und	106	14	8	693,695	b3	3	biology	0	3			0	0	0	0	0	0	0	0	0	0	0	0	KON	und	3.0	kon	und	3.0	und	1.0	22313.7473183	22313.7473183	23398.5884761	22313.7473183	0.428085856899	9064.0679761	29467.6401896	23513.5137367	723.037012303	869972.90787	1656300.13956	195202.966651	251153.263298	160187.509171	58920.0250002	32509.3788389	28906.6542257	22352.5789435	0.120238001286	0.419307858966	0.0	0.0	2201.34439665	22.6885504157	0.0	0.0	2454.42031712	42.8085856899	1.0699615478515625	0.7474983334541321	1.4154319763183594	0.6467723250389099	2.091958522796631	2.135162830352783	1.4497188329696655	1.3924014568328857	0.004862270317971706	0.012059398926794529
ermöglicht	ermöglicht	107	15	8	696,705	b3	3	biology	0	10			0	0	0	0	0	0	0	0	0	0	0	0	VVFIN	ermöglicht	10.0	vvfin	ermöglichen	11.0	er-mög-licht	3.0	16.8488378107	31.5067544506	70.3465547605	54.1353731115	18.4076918467	246.08557525	59.4200761955	19420.5378111	23929.5713148	2531312.86201	5925455.69739	538974.08007	923171.859348	244853.99828	222727.078143	45007.5949345	12349.7403108	162.986549943	0.0549557012312	0.316947273345	0.0	0.0	1.60231548321	0.856171713799	0.0	0.0	7.51289759732	2.9966009983	4.68189811706543	4.259445667266846	5.042831897735596	4.862293720245361	5.923243999481201	5.540793418884277	5.245330810546875	4.761089324951172	5.143698215484619	4.230846881866455
die	die	108	16	8	706,708	b3	3	biology	0	3			0	0	0	0	0	0	0	0	0	0	0	0	ART	die	3.0	art	d	1.0	die	1.0	20527.116504	24520.1275636	80100.3069113	24520.1275636	0.428085856899	9091.29875697	30440.211361	33694.5118659	1928.95487119	1361337.08551	2613060.47141	356516.797331	303924.26305	343523.065172	189343.230678	110461.430317	29991.8223867	29048.3692201	0.0938387928357	0.266249299869	0.0	0.0	15201.9436218	35.5311261227	0.0	0.0	15852.8515865	58.2196765383	2.345023393630981	2.441138744354248	2.322422504425049	2.5886616706848145	2.601855754852295	2.3898088932037354	2.8408360481262207	2.4578075408935547	0.09802156686782837	0.33616742491722107
Bindung	Bindung	109	17	8	709,715	b3	3	biology	0	7			0	0	0	0	0	0	0	0	0	0	0	0	NN	Bindung	7.0	nn	Bindung	7.0	bin-dung	2.0	14.8132431407	14.8132431407	24.7214388839	16.9714639957	15.8391767053	92.029953859	27.5296983993	1832.10060363	4353.63316467	1864083.18038	3813390.95369	291884.058708	585170.677831	96313.3279531	248482.435637	17498.1271098	1221.8227815	81.603638538	0.0227051526832	0.184843037594	78.1128798067	0.428085856899	80.0994240027	2.9966009983	78.1128798067	0.428085856899	80.2547505037	3.8527727121	3.873072385787964	1.3929790258407593	4.938003540039063	1.7482885122299194	6.093667030334473	4.484723091125488	3.5374484062194824	3.257509469985962	0.46535688638687134	0.15369850397109985
von	von	110	18	8	716,718	b3	3	biology	0	3			0	0	0	0	0	0	0	0	0	0	0	0	APPR	von	3.0	appr	von	3.0	von	1.0	7955.34104766	7955.34104766	8265.3727435	7955.34104766	0.428085856899	7856.20634881	12401.4928732	8585.23905938	340.756342092	620899.645044	1436353.90714	258695.641457	333765.271963	253104.606831	264495.4152	23102.1601118	13320.2529889	7993.18348833	0.0874371201871	0.312235645495	0.0	0.0	3224.03042889	30.8221816968	0.0	0.0	3276.15473257	38.9558129779	1.5072898864746094	1.5454360246658323	0.7175967693328857	0.9452585577964784	0.4309845268726349	0.47270938754081726	1.1553294658660889	0.8573228120803833	0.05195493623614311	0.016186608001589775
Myosin	Myosin	111	19	8	719,724	b3	3	biology	0	6			0	0	0	0	0	0	0	1	0	0	0	0	NN	Myosin	6.0	nn	Myosin	6.0	myo-sin	2.0	0.277952685864	0.277952685864	0.335178238836	0.359703475824	3.4246868552	0.630342149719	0.450034528511	560.123712489	1970.47919931	1248143.46204	2950732.02682	314351.080582	449178.931326	238958.79349	291830.837593	14815.8918663	62.7192060573	1.99471927502	0.0715847343529	0.425116746618	0.0	0.0	0.0	0.0	0.0	0.0	0.0735757109639	1.2842575707	2.2525343894958496	0.4693590402603149	6.401497840881348	2.0679636001586914	10.834057807922363	2.4161996841430664	12.828493118286133	3.9609031677246094	4.022989138960838	0.0036581254680640996
an	an	112	20	8	725,726	b3	3	biology	0	2			0	0	0	0	0	0	0	0	0	0	0	0	APPR	an	2.0	appr	an	2.0	an	1.0	3187.89657972	3884.37243479	4068.76951662	0.0	0.0	5613.44898011	6653.07769303	12719.6789856	19259.154616	717398.252987	1649175.07855	279301.541198	364343.444721	252342.313415	264619.560099	41334.1231877	8435.34898599	-0.00817507899599	0.0614799109559	0.290369413682	13165.4578681	0.428085856899	16682.1888254	42.380499833	13165.4578681	0.428085856899	19757.6290185	75.7711966712	0.9816018342971802	0.7116988301277161	1.1995470523834229	1.063784956932068	4.251161575317383	1.8684978485107422	1.1516543626785278	1.0541908740997314	1.0316499471664429	0.8807910084724426
Aktin	Aktin.	113	21	8	727,731	b3	3	biology	0	5		$.	0	0	0	0	0	1	0	1	0	0	0	0	NN	Aktin	5.0	nn	Aktin	5.0	ak-tin	2.0	0.196201895904	0.196201895904	0.196201895904	31.0489500268	6.84937371039	0.252136859888	0.341405504388	901.686688021	4776.15390543	1195737.10996	2763060.47141	319651.572901	504863.48342	243568.761411	303796.265379	19822.5963712	370.576330888	273.350116389	0.084883792125	0.494770249542	26.2992291301	1.2842575707	26.511781184	4.70894442589	79.478117999	2.1404292845	79.7805959219	6.84937371039	1.1361231803894043	2.012746572494507	1.5381402969360352	1.8384020328521729	14.863195419311523	9.88351821899414	12.359391212463379	8.862607955932617	29.941129751503468	25.405729899182916
Je	Je	114	1	9	733,734	b3	3	biology	0	2			0	0	0	1	0	0	0	0	0	0	0	0	ADV	Je	2.0	adv	je	2.0	je	1.0	43.9410496035	44.0309754724	261.071147737	0.0	0.0	222.132573561	83.3339799347	2828.30755501	1933.66381561	776889.2675	1621685.97334	136188.600119	172250.618584	136226.679637	172150.018408	4427.27125583	571.944876718	-0.00817507899599	0.00297869834281	0.0186636664378	888.058831335	1.7123434276	1086.41894809	43.6647574037	938.458193345	2.1404292845	1157.77103757	53.5107321124	18.24863052368164	5.753641128540039	18.133834838867188	6.622504234313965	7.449031829833984	6.2458815574646	7.450553894042969	8.032877922058105	0.003780362894758582	0.07494839280843735
nach	nach	115	2	9	735,738	b3	3	biology	0	4			0	0	0	0	0	0	0	0	0	0	0	0	APPR	nach	4.0	appr	nach	4.0	nach	1.0	2391.39045807	2502.6941586	2810.50223295	2502.74320907	2.1404292845	4686.84602002	4309.48408973	3967.0388336	3346.34714338	1067927.15648	2448323.1877	213866.982652	365842.601392	118034.496495	66628.5670254	21439.2836433	4139.62292628	3075.39114258	0.0451554294378	0.247249102273	0.0	0.0	2812.17812415	22.2604645588	0.0	0.0	2844.01188176	30.8221816968	1.5629887580871582	0.1516053974628448	1.745293378829956	0.0810011699795723	1.0079762935638428	0.533543050289154	1.0585405826568604	0.6562891006469727	8.761498611420393e-05	0.0015662556979805231
Klasse	Klasse	116	3	9	739,744	b3	3	biology	0	6			0	0	0	0	0	0	0	0	0	0	0	0	NN	Klasse	6.0	nn	Klasse	6.0	klas-se	2.0	60.5446350443	60.6345609133	90.9968043044	84.1460881058	34.246868552	243.816343511	103.088943893	9426.41381267	24358.5133434	1737995.60977	4334414.67821	229262.773747	437352.631444	165273.552817	266807.078828	13511.0511576	945.227158754	361.591919072	0.0329672438632	0.264110407601	0.0	0.0	6.29481082691	6.42128785349	0.0	0.0	80.0421984498	9.41788885179	7.445818901062012	8.699676513671875	8.148039817810059	8.143306732177734	7.467034816741943	7.4054083824157715	7.991034507751465	6.950989723205566	8.066734313964844	5.411764144897461
kann	kann	117	4	9	745,748	b3	3	biology	0	4			0	0	0	0	0	0	0	0	0	0	0	0	VMFIN	kann	4.0	vmfin	können	6.0	kann	1.0	1325.79343618	1325.79343618	3346.01895766	1326.12861441	3.8527727121	2506.87072943	2422.9859015	1631.77846792	157.107509482	1243505.69068	2838879.6137	271586.114193	396834.305088	224930.07998	258268.906412	11052.747678	2573.61296889	1463.46994155	0.0336937487676	0.238078476838	0.0	0.0	1934.49346806	19.6919494174	0.0	0.0	1937.19124413	26.1132372709	4.298623085021973	3.6004061698913574	3.013291597366333	3.5987277030944824	3.080672025680542	3.23105788230896	3.376945972442627	3.2730329036712646	0.29645615816116333	0.09413269907236099
der	der	118	5	9	749,751	b3	3	biology	0	3			0	0	0	0	0	0	0	0	0	0	0	0	ART	der	3.0	art	d	1.0	der	1.0	24738.5901996	26530.3631386	80100.3069113	26530.3631386	0.428085856899	9372.80956103	30912.3596552	38163.5169	19310.096833	1332151.97174	2710999.66609	487983.455471	535760.152056	398226.025843	178781.068331	110461.430317	53801.2331077	27238.2432288	0.129811235347	0.318759302208	0.0	0.0	25590.4497812	36.8153836934	0.0	0.0	33289.1996244	55.22307554	2.518528938293457	2.8211669921875	2.231129646301269	2.249253273010254	2.2622368335723877	2.6904377937316895	2.0856308937072754	2.7004287242889404	1.2101893424987793	2.132192850112915
Schwanz	Schwanz	119	6	9	752,758	b3	3	biology	0	7			0	0	0	0	0	0	0	0	0	0	0	0	NN	Schwanz	7.0	nn	Schwanz	7.0	schwanz	1.0	9.22148910748	9.22148910748	11.7966389912	956.974747271	533.394977697	39.9636922922	16.9150908992	17.5600696834	142.552590348	1206239.2579	2760532.19634	230559.700979	546233.272545	52322.1078898	159167.458626	26995.0755041	5794.60226839	5748.46212253	0.0301402180443	0.185511847843	11.6576626483	0.428085856899	13.9466847672	5.56511613969	11.6576626483	0.428085856899	17.4619687354	8.56171713799	10.922198295593262	1.6062053442001345	12.387786865234377	1.9640419483184812	9.533260345458984	9.020380973815918	9.772453308105469	8.072761535644531	7.788424491882324	1.450905442237854
an	an	120	7	9	759,760	b3	3	biology	0	2			0	0	0	0	0	0	0	0	0	0	0	0	APPR	an	2.0	appr	an	2.0	an	1.0	3187.89657972	3884.37243479	4068.76951662	0.0	0.0	5613.44898011	6653.07769303	12719.6789856	19259.154616	717398.252987	1649175.07855	279301.541198	364343.444721	252342.313415	264619.560099	41334.1231877	8435.34898599	-0.00817507899599	0.0614799109559	0.290369413682	13165.4578681	0.428085856899	16682.1888254	42.380499833	13165.4578681	0.428085856899	19757.6290185	75.7711966712	4.930201530456543	4.221038818359375	5.554526329040527	4.343015670776367	5.346125602722168	4.561825752258301	5.4611358642578125	4.466769695281982	5.38185977935791	6.109935283660889
Vesikel	Vesikel	121	8	9	761,767	b3	3	biology	0	7			0	0	0	0	0	0	0	1	0	0	0	0	NN	Vesikel	7.0	nn	Vesikel	7.0	ve-si-kel	3.0	0.482329660764	0.482329660764	0.703056793655	2.88580288559	13.6987474208	1.13461586949	0.85351376097	5666.30257862	27075.1461913	2415530.39541	5468594.33728	149016.98313	374570.415843	37756.193589	88257.1768594	10632.1480387	5672.28673645	13.8976342932	0.106694177271	0.429677002525	1.56961516723	0.428085856899	1.56961516723	0.428085856899	1.56961516723	0.428085856899	1.86391801109	1.7123434276	17.606048583984375	10.874117851257324	21.98271369934082	7.631318092346191	22.725547790527344	16.350339889526367	19.92909812927246	13.322234153747559	1.8532719314098358	3.2381288036704063
anlagern	anlagern,	122	9	9	768,775	b3	3	biology	0	8		$,	0	0	0	0	0	0	0	0	0	0	0	0	VVINF	anlagern	8.0	vvinf	anlagern	8.0	an-la-gern	3.0	0.188026816908	0.188026816908	0.572255529719	7.77450012519	18.4076918467	1.38675272938	0.356923936405	15921.8819535	35495.1669107	2848143.17428	6636874.45954	544232.380806	982386.407418	269978.370458	338980.641958	41334.1231877	8435.34898599	54.0127469265	0.110303662391	0.624738319913	0.0	0.0	0.269777606868	0.856171713799	0.0	0.0	0.4087539498	1.7123434276	10.583683967590332	6.772647857666016	10.685328483581545	10.461524963378906	15.95334243774414	10.325509071350098	15.223092079162598	12.441322326660156	29.083679676055908	29.517116099596024
um	um	123	10	9	777,778	b3	3	biology	0	2			0	0	1	0	0	0	0	0	0	0	0	0	KOUI	um	2.0	koui	um	2.0	um	1.0	852.284685648	2023.33205151	2173.54912806	0.0	0.0	4188.62358488	3500.91170788	3894.37873148	7287.305542	284093.257475	675479.670203	72866.620962	59765.4945676	72242.2084283	40588.5324361	32509.3788389	2649.44500165	-0.00817507899599	0.0281983861756	0.174663736456	4320.93800333	0.428085856899	7422.20327094	36.8153836934	4320.93800333	0.428085856899	9288.90898396	64.2128785349	4.115453720092773	2.2418923377990723	3.8966007232666016	3.2685811519622803	3.2143800258636475	3.1874327659606934	3.6093647480010986	2.6312687397003174	0.048825085163116455	0.12428877502679825
sie	sie	124	11	9	779,781	b3	3	biology	0	3			0	0	0	0	0	0	0	0	0	0	0	0	PPER	sie	3.0	pper	sie	3.0	sie	1.0	4963.73628971	4963.73628971	8487.45693951	4963.73628971	0.428085856899	4025.99531025	7654.66833231	8142.13342764	4056.96966584	1411597.82271	3107679.43219	282130.976914	322653.01929	243841.081467	199354.446528	48925.779496	15113.3748159	5524.95546278	0.0431282946748	0.183343569275	24520.1275636	0.428085856899	34559.672301	27.8255806985	24520.1275636	0.428085856899	34594.7025145	45.3771008313	4.6009440422058105	2.174910545349121	5.5989603996276855	3.322694540023804	2.8810577392578125	4.2786359786987305	3.577897548675537	4.387445449829102	0.921007513999939	1.6174777746200562
entlang	entlang	125	12	9	782,788	b3	3	biology	0	7			0	0	0	0	0	0	0	0	0	0	0	0	APPR	entlang	7.0	appr	entlang	7.0	ent-lang	2.0	16.309282597	27.7952685864	28.1631471412	127.416781232	50.5141311141	132.371851441	51.7384523468	4377.65670141	6973.51860889	2541607.95972	5867928.23569	372727.889054	825075.98524	110794.433984	158128.922337	45007.5949345	2892.41652449	2177.579442	0.0780904466138	0.303587735587	0.0	0.0	0.842033136587	0.856171713799	0.0	0.0	0.850208215583	1.2842575707	9.132710456848145	2.9022445678710938	7.835512161254883	2.78157377243042	9.488118171691895	8.343674659729004	9.600448608398438	8.356078147888184	1.7532408237457275	0.6622135043144226
des	des	126	13	9	789,791	b3	3	biology	0	3			0	0	0	0	0	0	0	0	0	0	0	0	ART	des	3.0	art	d	1.0	des	1.0	7101.07799289	7101.07799289	80100.3069113	7101.07799289	0.428085856899	7430.34719246	10967.4656073	9589.02430898	7300.14811771	1261615.62435	2602206.35451	326044.476501	328517.367443	261724.107647	165779.244685	110461.430317	53801.2331077	7725.99738151	0.121698304848	0.352013185599	44055.247282	1.2842575707	49782.1108458	35.9592119796	44055.247282	1.2842575707	54875.2749862	52.2264745417	1.299752712249756	1.783430576324463	1.5234781503677368	1.4122737646102903	1.691666841506958	1.818902611732483	1.6397571563720703	1.7125577926635742	0.2591845393180847	0.14446397125720978
Aktinfilaments	Aktinfilaments	127	14	9	792,805	b3	3	biology	0	14			0	0	0	0	0	0	0	1	0	0	0	0	NN	Aktinfilaments	14.0	nn	Aktinfilament	13.0	ak-tin-fi-la-ments	5.0			0.28612776486																										15.18133544921875	2.6151371002197266	5.536584377288818	1.6156585216522217	29.08085060119629	15.21861457824707	24.490102767944336	13.210057258605957	7.784361273050308	0.0057802268347586505
zu	zu	128	15	9	806,807	b3	3	biology	0	2			0	0	0	0	0	0	0	0	0	0	0	0	PTKZU	zu	2.0	ptkzu	zu	2.0	zu	1.0	5677.21630908	8897.95218113	9058.93583672	0.0	0.0	7088.44961045	13807.9438853	16158.8284432	13822.8923193	227861.336305	547892.533326	51760.5780638	28442.4524183	57219.5279387	16021.5412803	19838.2434724	15326.7362026	-0.00817507899599	0.0592554444736	0.308475260123	0.0	0.0	1383.3868677	35.9592119796	0.0	0.0	4752.13254498	50.5141311141	0.7557154297828674	0.7062250971794128	0.5407807230949402	0.1918164938688278	0.75497967004776	0.9001613855361938	0.7120050191879272	0.6964479088783264	0.002102547325193882	0.0019858418963849545
ziehen	ziehen.	129	16	9	808,813	b3	3	biology	0	6		$.	0	0	0	0	1	1	0	0	0	0	0	0	VVINF	ziehen	6.0	vvinf	ziehen	6.0	zie-hen	2.0	54.7730292732	73.36315891	317.699919942	82.5110723066	11.9864039932	434.305741156	138.533042621	4654.37495034	7163.58872936	2646805.98805	5533546.94818	538617.123421	895210.575433	370446.13458	479453.163126	19838.2434724	385.242422607	260.049262863	0.0227655492488	0.248738054907	0.0	0.0	7.84807583615	5.56511613969	0.0	0.0	18.5165539259	8.98980299489	3.712554693222046	3.34975266456604	3.5269508361816406	4.119342803955078	2.7966196537017822	4.648561477661133	3.999127149581909	5.44622802734375	32.29962158203125	32.82841444015503
Alle	Alle	130	1	10	815,818	b3	3	biology	0	4			0	0	0	1	0	0	0	0	0	0	0	0	PIDAT	Alle	4.0	pidat	alle	4.0	al-le	2.0		119.29075271	2670.43042944	122.356407333	5.56511613969	616.348553995	225.793185857	15760.2524667	37872.7557599	1128716.97032	2701024.40946	203937.67068	353737.617617	168478.731514	246959.306158	19822.5963712	1746.14782307	519.861448434	0.00418806418114	0.0219681623803	835.877302103	0.428085856899	900.305099671	17.9796059898	835.877302103	0.428085856899	1015.28758575	25.2570655571	14.73300552368164	6.492100238800049	18.017623901367188	6.661923885345459	5.5311689376831055	7.571234226226807	5.569711685180664	7.4434051513671875	0.6811503171920776	2.036121129989624
Myosine	Myosine	131	2	10	819,825	b3	3	biology	0	7			0	0	0	0	0	0	0	1	0	0	0	0	NN	Myosine	7.0	nn	Myosine	7.0	myo-si-ne	3.0	0.00817507899599	0.00817507899599	0.00817507899599	0.220727132892	2.9966009983	0.126068429944	0.0155184320176	19290.0553753	39290.5761179	2020212.67027	4559503.50602	295213.645757	449070.197519	183558.114352	232322.194539	14815.8918663	62.7192060573	1.99471927502	0.00030048	1.0	0.0572255529719	0.428085856899	0.0654006319679	0.856171713799	0.335178238836	0.856171713799	0.351528396828	1.7123434276	21.876678466796875	1.9785505533218384	21.43632125854492	1.1306687593460083	26.230884552001953	7.581165313720703	27.35128402709961	6.157703399658203	0.5740539161488414	0.028639004100114107
bis	bis	132	3	10	826,828	b3	3	biology	0	3			0	0	0	0	0	0	0	0	0	0	0	0	APPR	bis	3.0	appr	bis	3.0	bis	1.0	611.389632873	1109.70974815	1166.69822383	1109.70974815	0.428085856899	3292.40311641	1954.14303339	1561.35016237	449.062063888	717097.442781	1705247.47643	124346.818341	231897.533369	92897.0278413	128388.5136	20337.830725	2547.64074292	1522.82919014	0.0351645585524	0.260408415618	0.0	0.0	385.773802742	29.1098382692	0.0	0.0	527.70952427	40.6681564054	10.283895492553713	8.842153549194336	7.581894874572754	8.381880760192871	7.134610652923584	7.7982707023620605	7.98045539855957	8.551111221313477	0.5665057301521301	0.7381126880645752
auf	auf	133	4	10	829,831	b3	3	biology	0	3			0	0	0	0	0	0	0	0	0	0	0	0	APPR	auf	3.0	appr	auf	3.0	auf	1.0	5092.06867979	5591.37797963	5914.8658555	5591.37797963	0.428085856899	6569.04767908	9351.09676518	8980.91288279	7572.83880855	489216.952266	1286948.94648	95233.9886234	112163.203452	83805.1382611	46267.0913278	41334.1231877	16266.7803613	7317.89743803	0.0692951484301	0.289895292654	0.0	0.0	3235.89246851	19.2638635605	0.0	0.0	3376.16047392	32.5345251244	0.3014841079711914	0.0227838847786188	0.4367347955703735	0.0310458168387413	1.1041650772094727	1.00625741481781	0.5148120522499084	0.3886297941207886	2.1143057346343994	1.209999442100525
Myosin	Myosin	134	5	10	832,837	b3	3	biology	0	6			0	0	0	0	0	0	0	1	0	0	0	0	NN	Myosin	6.0	nn	Myosin	6.0	myo-sin	2.0	0.277952685864	0.277952685864	0.335178238836	0.359703475824	3.4246868552	0.630342149719	0.450034528511	560.123712489	1970.47919931	1248143.46204	2950732.02682	314351.080582	449178.931326	238958.79349	291830.837593	14815.8918663	62.7192060573	1.99471927502	0.0715847343529	0.425116746618	0.0	0.0	0.0	0.0	0.0	0.0	0.0735757109639	1.2842575707	1.2636812925338743	0.8711884617805481	1.7973582744598389	1.468757152557373	5.9859232902526855	5.152453899383545	4.51267147064209	6.045816421508789	0.5892389693763107	0.003080710768699646
VI	VI	135	6	10	838,839	b3	3	biology	0	2			0	0	0	0	0	0	0	1	0	0	0	0	CARD	VI	2.0	card	VI	2.0	vi	1.0	16.9469387587	20.2741959101	16.9469387587	0.0	0.0	108.166712892	37.2131999783	918.298448541	6110.49752138	20784.6805429	53264.1546589	11265.8474622	25772.9090146	11248.965924	25553.7290559	10632.1480387	79.543518631	-0.00817507899599	0.0764707668884	0.230572304328	216.304415155	0.856171713799	268.281567411	34.6749544089	386.566785405	1.7123434276	470.990826196	48.8017876865	3.794543743133545	3.8376171588897705	2.5890536308288574	4.5065226554870605	10.660786628723145	10.533454895019531	9.631879806518555	9.030704498291016	7.907315254211426	8.47850227355957
bewegen	bewegen	136	7	10	840,846	b3	3	biology	0	7			0	0	0	0	0	0	0	0	0	0	0	0	VVFIN	bewegen	7.0	vvfin	bewegen	7.0	be-we-gen	3.0	5.01132342454	31.5558049245	90.2365219578	145.745308341	26.1132372709	206.500088248	59.5597420837	44236.9874631	93617.2398736	3058939.04953	6465633.69549	538127.746842	948604.440107	391261.880423	510968.415825	20337.830725	14068.4280436	553.812551505	0.0180442746611	0.196504220792	0.0	0.0	11.2897840935	2.9966009983	0.0	0.0	26.3319294461	6.42128785349	7.141007423400879	4.817906379699707	5.810525894165039	4.0825276374816895	9.414315223693848	7.680927753448486	10.147810935974121	8.340269088745117	5.1940155029296875	3.591219425201416
sich	sich	137	8	10	847,850	b3	3	biology	0	4			0	0	0	0	0	0	0	0	0	0	0	0	PRF	sich	4.0	prf	sich	4.0	sich	1.0	6557.46793998	6557.46793998	6566.55045274	6557.81946837	0.856171713799	6282.99841154	11211.8033194	6926.29480396	1064.22144025	990057.517976	2298056.06212	287477.77288	411907.636196	194753.386357	108862.23341	48925.779496	15113.3748159	6879.41072592	0.109257424523	0.373105981887	0.0	0.0	1254.85010065	21.404292845	0.0	0.0	4636.93750684	29.5379241261	0.1605093479156494	0.3415891826152801	0.4086813628673553	0.2735049426555633	0.0319640226662159	0.03527475520968437	0.018374232575297356	0.04193210229277611	0.004019041080027819	0.0009748950251378119
zum	zum	138	9	10	851,853	b3	3	biology	0	3			0	0	0	0	0	0	0	0	0	0	0	0	APPRART	zum	3.0	apprart	zum	3.0	zum	1.0	1651.97908812	1651.97908812	1753.17839101	1651.97908812	0.428085856899	4157.73681955	2949.09178377	1759.48955199	40.6681564054	334500.075158	796971.292562	79591.3101428	74215.1045814	74055.9396294	41125.3521006	19838.2434724	15326.7362026	1754.61720491	0.0446728863733	0.258942942311	1694.48949889	0.428085856899	1814.22988095	26.9694089847	12615.7737315	1.2842575707	12735.6694401	30.8221816968	6.638977527618408	6.762358665466309	6.083163261413574	6.501792907714844	5.998000144958496	6.254842758178711	6.591774940490723	5.893707275390625	5.96023416519165	4.184506893157959
+Ende	+Ende	139	10	10	854,858	b3	3	biology	0	5			0	0	0	0	0	0	0	0	1	1	0	0	NN	+Ende	5.0	nn	+Ende	5.0	+-en-de	3.0																													9.723380088806152	9.57786464691162	13.88592529296875	11.144464492797852	25.76980209350586	26.04789924621582	22.424072265625	22.763641357421875	23.943201541900635	24.84227728843689
des	des	140	11	10	859,861	b3	3	biology	0	3			0	0	0	0	0	0	0	0	0	0	0	0	ART	des	3.0	art	d	1.0	des	1.0	7101.07799289	7101.07799289	80100.3069113	7101.07799289	0.428085856899	7430.34719246	10967.4656073	9589.02430898	7300.14811771	1261615.62435	2602206.35451	326044.476501	328517.367443	261724.107647	165779.244685	110461.430317	53801.2331077	7725.99738151	0.121698304848	0.352013185599	44055.247282	1.2842575707	49782.1108458	35.9592119796	44055.247282	1.2842575707	54875.2749862	52.2264745417	2.118044137954712	0.9855102896690368	1.437472581863403	0.6197007894515991	1.4045493602752686	1.2166228294372559	1.9476888179779053	1.966139316558838	0.1172679215669632	0.06221531704068184
Aktinfilaments	Aktinfilaments.	141	12	10	862,875	b3	3	biology	0	14		$.	0	0	0	0	0	1	0	1	0	0	0	0	NN	Aktinfilaments	14.0	nn	Aktinfilament	13.0	ak-tin-fi-la-ments	5.0			0.28612776486																										4.0141448974609375	1.598793625831604	3.585404634475708	1.4150092601776123	31.633602142333984	3.783334255218506	21.869373321533203	2.1806178092956543	31.829302966594696	25.07878814444848
Myosin	Myosin	142	1	11	877,882	b3	3	biology	0	6			0	0	0	1	0	0	0	1	0	0	0	0	NN	Myosin	6.0	nn	Myosin	6.0	myo-sin	2.0	0.277952685864	0.277952685864	0.335178238836	0.359703475824	3.4246868552	0.630342149719	0.450034528511	560.123712489	1970.47919931	1248143.46204	2950732.02682	314351.080582	449178.931326	238958.79349	291830.837593	14815.8918663	62.7192060573	1.99471927502	0.0715847343529	0.425116746618	0.0	0.0	0.0	0.0	0.0	0.0	0.0735757109639	1.2842575707	23.52545928955078	1.6777719259262085	26.29733085632324	1.7254986763000488	17.719552993774414	5.687746524810791	20.700326919555664	7.529385566711426	6.420273780822754	0.0015542194887530059
II	II	143	2	11	883,884	b3	3	biology	0	2			0	0	0	0	0	0	0	1	0	0	0	0	CARD	II	2.0	card	ii	2.0	i-i	2.0	17.0940901806	119.192651762	17.7562715793	0.0	0.0	396.233075313	203.446643751	7281.29760936	23689.4151491	19376.9482899	47003.8270876	9048.38180974	13244.9764125	9066.17895671	12984.7002115	8060.80774179	248.661377821	-0.00817507899599	0.0733045650521	0.32471049506	1659.15680747	0.856171713799	1868.76583293	34.6749544089	1797.50366932	1.2842575707	2142.9007569	55.6511613969	4.664046764373779	2.599091053009033	7.105540752410889	4.473897933959961	6.563017845153809	3.5681662559509277	8.13235855102539	4.645145893096924	6.307422637939453	4.282340049743652
ist	ist	144	3	11	885,887	b3	3	biology	0	3			0	0	0	0	0	0	0	0	0	0	0	0	VAFIN	ist	3.0	vafin	sein	4.0	ist	1.0	6193.1128442	6201.98280491	17044.4184006	6201.98280491	0.428085856899	5647.61352462	10628.2947571	6392.98535058	321.920564388	917956.027182	2251465.76597	202181.475685	311508.232091	153618.244592	108375.49979	37971.7622471	6331.86028492	6216.50992029	0.0707295422332	0.285080866351	0.0	0.0	174.505236248	21.8323787019	0.0	0.0	350.048707529	42.380499833	2.75191068649292	2.115443706512451	1.3635722398757937	1.9427762031555176	1.4975215196609497	1.5553606748580933	1.0594995021820068	1.5252227783203125	0.03190825507044792	0.10206396132707596
ein	ein	145	4	11	888,890	b3	3	biology	0	3			0	0	0	0	0	0	0	0	0	0	0	0	ART	ein	3.0	art	eine	4.0	ein	1.0	4621.55200817	4999.44503476	17543.4333976	4999.44503476	0.428085856899	5809.23325181	8404.82933604	11022.7206128	11717.9941609	1614569.79583	3344143.78548	401662.305848	493686.589782	324158.412201	289382.186491	45007.5949345	21503.4825387	20569.6023896	0.0272545875843	0.196343258894	0.0	0.0	1145.39396797	31.6783534106	13165.4578681	0.428085856899	22077.4630101	57.7915906814	0.2836402654647827	2.496256351470948	0.5795363783836365	2.848386287689209	0.8318185210227966	1.9499162435531616	0.6064737439155579	2.1983280181884766	0.014987249858677387	0.037965670228004456
Dimer	Dimer,	146	5	11	891,895	b3	3	biology	0	5		$,	0	0	0	0	0	0	0	1	0	0	0	0	NN	Dimer	5.0	nn	Dimer	5.0	di-mer	2.0	0.00817507899599	0.00817507899599	0.00817507899599	0.335178238836	4.70894442589	0.126068429944	0.0155184320176	6100.38292315	22799.8527385	1609112.97147	3500681.94077	333188.784312	524224.094384	221356.62215	179293.915188	19121.5915224	6400.40832231	26.0294515232	1.461e-06	1.0	10.8565049067	4.70894442589	10.8892052227	6.42128785349	11.2734339355	7.27745956729	11.3470096464	11.1302322794	10.662464141845703	8.328865051269531	12.144230842590332	8.295958518981934	17.12742805480957	17.8690185546875	14.981550216674805	11.639405250549316	37.51945877075195	32.265292167663574
es	es	147	6	11	897,898	b3	3	biology	0	2			0	0	1	0	0	0	0	0	0	0	0	0	PPER	es	2.0	pper	es	2.0	es	1.0	4482.240487	4482.240487	7209.6675672	0.0	0.0	4656.84173369	7605.13349731	6486.72898142	1792.39548284	1041972.78488	2352798.39725	160713.918858	229470.714647	137226.941427	157414.447041	45007.5949345	4564.40820599	-0.00817507899599	0.0578338146002	0.220031352121	4943.65829569	0.428085856899	6564.72741013	38.0996412641	12044.7362886	0.856171713799	13944.1259674	66.3533078194	5.511022090911865	4.634375095367432	5.398868560791016	5.249444484710693	6.609499454498291	6.426954746246338	5.408617973327637	4.590964317321777	2.8604159355163574	2.0066781044006348
hat	hat	148	7	11	899,901	b3	3	biology	0	3			0	0	0	0	0	0	0	0	0	0	0	0	VAFIN	hat	3.0	vafin	haben	5.0	hat	1.0	2365.79428573	2369.4648962	8161.24676233	2369.4648962	0.428085856899	4626.08103679	4220.1910319	4476.86128502	133.99087321	732710.282223	1880381.68135	142224.890423	207080.968159	120018.743494	100606.169573	17646.9952984	8376.95439672	4403.09754724	0.042864197902	0.288430458633	0.0	0.0	401.126601096	32.9626109813	0.0	0.0	643.444117617	50.5141311141	3.205921173095703	2.856759786605835	3.6381795406341553	3.9135608673095694	3.6088650226593018	3.912588119506836	3.0187134742736816	2.8880767822265625	1.169232726097107	1.1625633239746094
zwei	zwei	149	8	11	902,905	b3	3	biology	0	4			0	0	0	0	0	0	0	0	0	0	0	0	CARD	zwei	4.0	card	zwei	4.0	zwei	1.0	521.251211863	521.251211863	575.885264794	522.109595158	2.5685151414	1807.69521696	948.874525718	1327.24042516	1445.21785289	1251085.84465	2573867.92695	134614.570409	193790.18656	43415.2203474	37203.2294797	19838.2434724	2299.11834144	1060.56117323	0.00808774974252	0.170529329617	0.0	0.0	55.4760860668	7.70554542419	0.0	0.0	63.250586192	11.5583181363	1.6810777187347412	1.4175608158111572	1.5248605012893677	0.8192282915115356	4.757678985595703	4.937290191650391	4.337120056152344	3.424267292022705	1.1830122470855713	0.8817176222801208
Köpfe	Köpfe	150	9	11	906,910	b3	3	biology	0	5			0	0	0	0	0	0	0	0	0	0	0	0	NN	Köpfe	5.0	nn	Kopf	4.0	köp-fe	2.0	22.1462890001	22.1789893161	272.303706278	23.4706517975	2.9966009983	124.807745644	41.5118056472	2705.13363977	10441.8702215	895422.778993	2050796.23969	159484.517778	265458.608378	148002.684729	221359.34383	13511.0511576	678.384405245	41.8155290645	0.0326713008061	0.229942344971	0.0	0.0	14.6415664818	4.28085856899	0.0	0.0	29.4793348595	7.70554542419	7.127877235412598	5.742161273956299	3.1431710720062256	2.651711940765381	9.190535545349121	10.37533187866211	9.347696304321289	8.064279556274414	6.045800685882568	6.265802383422852
und	und	151	10	11	911,913	b3	3	biology	0	3			0	0	0	0	0	0	0	0	0	0	0	0	KON	und	3.0	kon	und	3.0	und	1.0	22313.7473183	22313.7473183	23398.5884761	22313.7473183	0.428085856899	9064.0679761	29467.6401896	23513.5137367	723.037012303	869972.90787	1656300.13956	195202.966651	251153.263298	160187.509171	58920.0250002	32509.3788389	28906.6542257	22352.5789435	0.120238001286	0.419307858966	0.0	0.0	2201.34439665	22.6885504157	0.0	0.0	2454.42031712	42.8085856899	1.0711833238601685	0.7205283045768738	2.3626298904418945	1.6714731454849243	1.0918090343475342	0.7423264980316162	1.3221486806869507	1.3978431224822998	0.007402136456221342	0.0047320048324763775
kann	kann	152	11	11	914,917	b3	3	biology	0	4			0	0	0	0	0	0	0	0	0	0	0	0	VMFIN	kann	4.0	vmfin	können	6.0	kann	1.0	1325.79343618	1325.79343618	3346.01895766	1326.12861441	3.8527727121	2506.87072943	2422.9859015	1631.77846792	157.107509482	1243505.69068	2838879.6137	271586.114193	396834.305088	224930.07998	258268.906412	11052.747678	2573.61296889	1463.46994155	0.0336937487676	0.238078476838	0.0	0.0	1934.49346806	19.6919494174	0.0	0.0	1937.19124413	26.1132372709	5.595346927642822	3.682616233825684	4.177500247955322	3.866468906402588	2.696962833404541	2.6823015213012695	3.4954123497009277	3.460139274597168	0.2544061541557312	0.08811753243207932
mit	mit	153	12	11	918,920	b3	3	biology	0	3			0	0	0	0	0	0	0	0	0	0	0	0	APPR	mit	3.0	appr	mit	3.0	mit	1.0	6311.02200856	6389.55999248	6727.32973136	6389.55999248	0.428085856899	6848.28925141	10606.5379154	9545.0750843	6105.78857696	754691.189375	1756517.60717	154872.35076	192565.004837	138846.449102	106042.43187	21052.512481	9522.82251927	6974.74032209	0.0635514315396	0.282257671036	0.0	0.0	1501.70478601	30.3940958399	0.0	0.0	1518.70077524	44.5209291175	3.1655349731445312	3.2821192741394043	3.470269203186035	3.8383710384368896	2.4699409008026123	2.5025696754455566	3.2208242416381836	3.3963472843170166	0.04023206979036331	0.022865915670990944
seinem	seinem	154	13	11	921,926	b3	3	biology	0	6			0	0	0	0	0	0	0	0	0	0	0	0	PPOSAT	seinem	6.0	pposat	seine	5.0	sei-nem	2.0	506.527894592	506.552419829	3604.53948076	2324.80443964	26.1132372709	1481.17798341	928.685045663	8657.20427978	3303.96664355	2763181.31957	5946020.94196	342723.616022	475016.481305	171972.482324	99275.2506443	48925.779496	10190.9226751	6991.14770564	0.00843120401229	0.145685228234	1568.00467667	0.856171713799	2018.53328014	9.41788885179	4506.50412146	1.7123434276	4957.24527699	12.842575707	4.2501540184021	3.473749876022339	4.1506853103637695	3.692380428314209	4.706048011779785	5.545186996459961	4.833295822143555	4.942694664001465	1.7009477615356445	3.091693878173828
Schwanz	Schwanz	155	14	11	927,933	b3	3	biology	0	7			0	0	0	0	0	0	0	0	0	0	0	0	NN	Schwanz	7.0	nn	Schwanz	7.0	schwanz	1.0	9.22148910748	9.22148910748	11.7966389912	956.974747271	533.394977697	39.9636922922	16.9150908992	17.5600696834	142.552590348	1206239.2579	2760532.19634	230559.700979	546233.272545	52322.1078898	159167.458626	26995.0755041	5794.60226839	5748.46212253	0.0301402180443	0.185511847843	11.6576626483	0.428085856899	13.9466847672	5.56511613969	11.6576626483	0.428085856899	17.4619687354	8.56171713799	3.770662069320679	0.2938270568847656	1.3985474109649658	0.7441473603248596	6.034486770629883	4.1556782722473145	5.989131450653076	3.3470101356506348	6.537710189819336	3.0865893363952637
an	an	156	15	11	934,935	b3	3	biology	0	2			0	0	0	0	0	0	0	0	0	0	0	0	APPR	an	2.0	appr	an	2.0	an	1.0	3187.89657972	3884.37243479	4068.76951662	0.0	0.0	5613.44898011	6653.07769303	12719.6789856	19259.154616	717398.252987	1649175.07855	279301.541198	364343.444721	252342.313415	264619.560099	41334.1231877	8435.34898599	-0.00817507899599	0.0614799109559	0.290369413682	13165.4578681	0.428085856899	16682.1888254	42.380499833	13165.4578681	0.428085856899	19757.6290185	75.7711966712	3.384969711303711	2.0986618995666504	2.4198250770568848	2.0928897857666016	4.450462341308594	2.766846179962158	4.525434494018555	2.5900416374206543	1.7478387355804443	0.080352783203125
ein	ein	157	16	11	936,938	b3	3	biology	0	3			0	0	0	0	0	0	0	0	0	0	0	0	ART	ein	3.0	art	eine	4.0	ein	1.0	4621.55200817	4999.44503476	17543.4333976	4999.44503476	0.428085856899	5809.23325181	8404.82933604	11022.7206128	11717.9941609	1614569.79583	3344143.78548	401662.305848	493686.589782	324158.412201	289382.186491	45007.5949345	21503.4825387	20569.6023896	0.0272545875843	0.196343258894	0.0	0.0	1145.39396797	31.6783534106	13165.4578681	0.428085856899	22077.4630101	57.7915906814	4.1239118576049805	3.3076510429382324	3.2778995037078857	2.714385747909546	5.098363876342773	4.953307628631592	4.929474830627441	5.236730098724365	0.036317963153123856	0.018505776301026344
bipolares	bipolares	158	17	11	939,947	b3	3	biology	0	9			0	0	0	0	0	0	0	1	0	0	0	0	ADJA	bipolares	9.0	adja	bipolar	7.0	bi-po-la-res	4.0	0.04087539498	0.04087539498	0.547730292732	0.294302843856	2.9966009983	0.378205289831	0.0775921600881	7571.30036166	36200.6524028	2386558.01354	5895325.30244	232932.010803	544729.835016	116723.360976	180859.853252	20337.830725	2547.64074292	0.915608847551	9.75918e-05	0.0800226796	0.188026816908	0.428085856899	0.212552053896	1.2842575707	0.335178238836	0.856171713799	0.359703475824	1.7123434276	11.195215225219728	10.297943115234377	10.72849464416504	8.555684089660645	13.937604904174805	12.887290954589844	10.944912910461426	10.1229887008667	0.3895365335047245	0.23638483509421349
Filament	Filament	159	18	11	948,955	b3	3	biology	0	8			0	0	0	0	0	0	0	1	0	0	0	0	NN	Filament	8.0	nn	Filament	8.0	fi-la-ment	3.0	0.12262618494	0.12262618494	0.621306003695	7.62734870326	55.22307554	0.630342149719	0.217258048247	4821.91501929	24466.8190652	2424040.61994	5568074.21296	353579.826626	747592.445141	119407.836191	175852.104898	11807.4546207	841.877810086	182.737540797	0.0689215048	0.3537692094	0.0	0.0	0.0	0.0	0.359703475824	0.428085856899	0.400578870804	1.2842575707	3.757934331893921	2.1781985759735107	2.792560815811157	0.7680653929710388	14.590099334716797	9.451693534851074	12.325493812561035	7.310107231140137	2.162614643573761	0.023966399603523314
binden	binden.	160	19	11	956,961	b3	3	biology	0	6		$.	0	0	0	0	1	1	0	0	1	0	0	0	VVINF	binden	6.0	vvinf	binden	6.0	bin-den	2.0	7.12866888451	7.71727457222	51.5356979907	24.7132638049	7.27745956729	62.5299412521	14.6183629606	24037.0703208	23924.4342845	2384657.01338	4780382.53752	637170.807247	965674.36365	398927.8809	523310.559166	20337.830725	2547.64074292	330.534793966	0.027957883054	0.26384521706	314.552514529	1.7123434276	330.25684128	10.2740605656	314.552514529	1.7123434276	337.450910797	14.1268332777	1.1649408340454102	1.1513999700546265	1.213321566581726	0.7610978484153748	6.398720741271973	4.210460662841797	4.7840962409973145	1.6947567462921143	29.30730652809143	29.50111037492752
Es	Es	161	1	12	963,964	b3	3	biology	0	2			0	0	0	1	0	0	0	0	0	0	0	0	PPER	Es	2.0	pper	es	2.0	es	1.0	1403.53026235	1403.64471345	7209.6675672	0.0	0.0	3211.97145811	2657.96599912	6486.72898142	1792.39548284	286505.208257	791842.823997	81571.870181	138491.767909	82968.9911814	138348.787233	14903.9783425	1567.47329653	-0.00817507899599	0.0221016374523	0.0323297245831	4482.240487	0.428085856899	6205.63706523	46.2332725451	4482.240487	0.428085856899	6436.93457526	59.503934109	15.877185821533203	2.8380167484283447	18.49808692932129	2.3576998710632324	4.286796569824219	4.432384014129639	4.290889739990234	4.493297576904297	0.03163051977753639	0.1677006036043167
ist	ist	162	2	12	965,967	b3	3	biology	0	3			0	0	0	0	0	0	0	0	0	0	0	0	VAFIN	ist	3.0	vafin	sein	4.0	ist	1.0	6193.1128442	6201.98280491	17044.4184006	6201.98280491	0.428085856899	5647.61352462	10628.2947571	6392.98535058	321.920564388	917956.027182	2251465.76597	202181.475685	311508.232091	153618.244592	108375.49979	37971.7622471	6331.86028492	6216.50992029	0.0707295422332	0.285080866351	0.0	0.0	174.505236248	21.8323787019	0.0	0.0	350.048707529	42.380499833	1.2457263469696045	1.7102103233337402	1.2043994665145874	1.2206306457519531	1.3031389713287354	1.3341526985168457	1.3034719228744507	1.6336288452148438	0.004049910698086023	0.0027330685406923294
im	im	163	3	12	968,969	b3	3	biology	0	2			0	0	0	0	0	0	0	0	0	0	0	0	APPRART	im	2.0	apprart	im	2.0	im	1.0	4320.93800333	4320.93800333	4852.53069013	0.0	0.0	6505.00491667	7332.35049931	6212.43055587	1739.74092244	476263.776674	1003959.79418	79143.642817	44968.7069239	79582.1540543	29361.1246672	37971.7622471	5463.51156905	-0.00817507899599	0.0471865575674	0.258008463415	13165.4578681	0.428085856899	17856.5143979	39.8119846916	13165.4578681	0.428085856899	19278.847342	58.6477623952	4.858710765838623	3.828978776931762	6.941344261169434	3.452353239059448	5.761240005493164	4.435431480407715	6.044888496398926	3.9648375511169434	0.021024690940976143	0.04277024418115616
kontraktilen	kontraktilen	164	4	12	970,981	b3	3	biology	0	12			0	0	0	0	0	0	0	1	0	0	0	0	ADJA	kontraktilen	12.0	adja	kontraktil	10.0	kon-trak-ti-len	4.0	0.228902211888	0.228902211888	0.515029976748	75.8892583198	98.8878329438	0.756410579663	0.434516096494	18328.7641863	74385.9108383	3618848.84473	8666326.33841	540501.904233	1182612.00866	355864.573178	507195.695169	11052.747678	2212.84673279	951.742696713	5.023525e-05	0.120206536714	0.0	0.0	0.049050473976	0.856171713799	0.0	0.0	0.24525236988	1.2842575707	20.53100204467773	6.206938743591309	22.211017608642575	5.958429336547852	29.020477294921875	20.902530670166016	28.330425262451172	11.793417930603027	0.7673228327184916	1.4986141808331013
Apparat	Apparat	165	5	12	982,988	b3	3	biology	0	7			0	0	0	0	0	0	0	0	1	0	0	0	NN	Apparat	7.0	nn	Apparat	7.0	ap-pa-rat	3.0	16.5463598879	16.5463598879	27.6072417695	29.2013821737	11.9864039932	107.914576032	30.7575322589	2569.82790731	13535.6467093	1188102.89419	3334977.18302	171614.789918	371938.115909	114151.015144	148833.037954	19822.5963712	228.861336493	85.9854808799	0.0275001138506	0.224880330292	0.0	0.0	0.0572255529719	0.856171713799	0.0	0.0	6.83436604065	3.4246868552	7.763245582580566	2.9691262245178223	7.910816192626953	1.831916332244873	11.474127769470215	12.237106323242188	8.932659149169922	8.261460304260254	0.30941153410822153	0.2745822607539594
der	der	166	6	12	989,991	b3	3	biology	0	3			0	0	0	0	0	0	0	0	0	0	0	0	ART	der	3.0	art	d	1.0	der	1.0	24738.5901996	26530.3631386	80100.3069113	26530.3631386	0.428085856899	9372.80956103	30912.3596552	38163.5169	19310.096833	1332151.97174	2710999.66609	487983.455471	535760.152056	398226.025843	178781.068331	110461.430317	53801.2331077	27238.2432288	0.129811235347	0.318759302208	0.0	0.0	25590.4497812	36.8153836934	0.0	0.0	33289.1996244	55.22307554	2.555095672607422	1.2666540145874023	2.119546413421631	0.8062892556190491	2.469072103500366	2.8170087337493896	2.80415940284729	3.136338233947754	0.964131236076355	1.1653553247451782
Muskelzellen	Muskelzellen	167	7	12	992,1003	b3	3	biology	0	12			0	0	0	0	0	0	0	0	1	0	0	0	NN	Muskelzellen	12.0	nn	Muskelzelle	11.0	mus-kel-zel-len	4.0	0.694881714659	0.694881714659	0.858383294579	19.6038394324	199.059923458	2.64743702882	1.24147456141	8111.87746027	24225.8067278	3858478.76315	8900275.68729	539020.318317	1167479.60171	365169.178314	539253.332648	14815.8918663	1077.32826025	468.963406605	0.00176286282353	0.152257841141	0.0	0.0	0.0	0.0	0.0	0.0	0.16350157992	0.428085856899	8.944457054138184	3.31843376159668	7.260771751403809	2.7967846393585205	15.55098819732666	5.771679878234863	9.20058822631836	5.502670764923096	4.567457735538483	3.1523460149765015
zu	zu	168	8	12	1004,1005	b3	3	biology	0	2			0	0	0	0	0	0	0	0	0	0	0	0	PTKZU	zu	2.0	ptkzu	zu	2.0	zu	1.0	5677.21630908	8897.95218113	9058.93583672	0.0	0.0	7088.44961045	13807.9438853	16158.8284432	13822.8923193	227861.336305	547892.533326	51760.5780638	28442.4524183	57219.5279387	16021.5412803	19838.2434724	15326.7362026	-0.00817507899599	0.0592554444736	0.308475260123	0.0	0.0	1383.3868677	35.9592119796	0.0	0.0	4752.13254498	50.5141311141	3.2294061183929443	2.808056116104126	3.9686436653137207	2.7545723915100098	3.4061732292175293	3.925657033920288	3.071115016937256	2.3109421730041504	4.684815212385729e-05	0.00011419598013162613
finden	finden,	169	9	12	1006,1011	b3	3	biology	0	6		$,	0	0	0	0	0	0	0	0	0	0	0	0	VVINF	finden	6.0	vvinf	finden	6.0	fin-den	2.0	136.564694628	207.753282525	684.180536254	343.508644333	16.2672625622	915.508938252	391.545558237	24279.9273925	23573.4038819	2374327.91552	4765907.24236	627046.773069	956842.096251	390042.673667	519570.373034	12864.091756	837.021813163	498.876020651	0.0281130423236	0.267115631873	0.0	0.0	213.721090192	11.5583181363	0.0	0.0	237.649546414	14.9830049915	3.381985664367676	1.4857826232910156	1.7873942852020264	1.580325484275818	1.7116215229034424	2.098414421081543	1.5793567895889282	2.4244136810302734	25.555301040410995	25.98221656680107
aber	aber	170	10	12	1013,1016	b3	3	biology	0	4			0	0	1	0	0	0	0	0	0	0	0	0	KON	aber	4.0	kon	aber	4.0	a-ber	2.0	471.080752065	2250.5583722	3054.51199083	2250.67282331	3.4246868552	3474.69806611	4177.90330465	20714.5138399	54431.1167048	1434600.66378	3336615.03951	373884.907984	550578.343993	257156.208682	193124.513052	41334.1231877	4277.97796321	2367.56010279	0.0153935707803	0.129025098264	0.0	0.0	3047.7512005	16.2672625622	0.0	0.0	3056.26145773	30.8221816968	4.738720417022705	2.085155725479126	3.9848203659057617	1.9048141241073608	3.634488582611084	4.386077404022217	3.749742269515991	3.2082319259643555	0.11065269261598587	0.12993134558200836
auch	auch	171	11	12	1017,1020	b3	3	biology	0	4			0	0	0	0	0	0	0	0	0	0	0	0	ADV	auch	4.0	adv	auch	4.0	auch	1.0	3657.70201947	3657.70201947	4062.31120421	3657.7265447	1.7123434276	5011.09402184	6605.29644085	4063.36578941	38.527727121	772506.125321	1894232.82734	249438.811483	395247.390817	147745.267841	76885.5041567	41334.1231877	16266.7803613	3659.42696113	0.0286380221234	0.178284036154	0.0	0.0	662.908980706	17.9796059898	0.0	0.0	722.251879138	30.8221816968	0.8207540512084961	0.1957854479551315	0.3187228739261627	0.0975347682833671	1.8220469951629639	1.1138840913772583	1.0523462295532227	0.9217898845672607	0.01986127719283104	0.011733093298971653
in	in	172	12	12	1021,1022	b3	3	biology	0	2			0	0	0	0	0	0	0	0	0	0	0	0	APPR	in	2.0	appr	in	2.0	in	1.0	13129.4221199	13165.4578681	14298.1641135	0.0	0.0	8527.89894355	19687.5208529	18583.5486983	15158.092107	842500.587604	1735372.30627	309490.415689	350022.68855	273957.116004	252232.89583	37971.7622471	15391.66268	-0.00817507899599	0.0682365415668	0.281559937821	0.0	0.0	9683.14399346	42.380499833	0.0	0.0	17389.6438116	75.7711966712	0.6104578971862793	0.7677398324012756	0.6010596752166748	0.852957010269165	1.251427173614502	1.0778573751449585	0.5532690286636353	0.5575798749923706	0.13773393630981445	0.05763538181781769
anderen	anderen	173	13	12	1023,1029	b3	3	biology	0	7			0	0	0	0	0	0	0	0	0	0	0	0	ADJA	anderen	7.0	adja	ander	5.0	an-de-ren	3.0	552.13666031	619.581062027	1102.139625	911.341456315	20.1200352743	1895.94311792	1144.60850876	36966.1621299	73729.6552197	3294494.98274	6949437.49518	826669.040274	1418217.62173	467734.226253	600490.158306	41334.1231877	8435.34898599	1916.32026745	0.00754697456277	0.0962284664744	0.0	0.0	297.041495319	6.42128785349	0.0	0.0	890.05355061	10.7021464225	2.9853336811065674	2.6014983654022217	2.087034225463867	2.205850601196289	2.2437379360198975	2.764920711517334	2.404848575592041	3.043018102645874	1.5335830450057983	0.8837751746177673
Zellen	Zellen,	174	14	12	1030,1035	b3	3	biology	0	6		$,	0	0	0	0	1	0	0	0	1	0	0	0	NN	Zellen	6.0	nn	Zelle	5.0	zel-len	2.0	25.5144215465	25.5144215465	48.1348651284	30.8854484469	11.5583181363	61.3953253826	44.7241210748	6815.22000564	18595.193452	2358877.91547	5243267.92181	460975.455167	885674.534885	355080.33785	500764.56134	6468.08162623	2120.85256885	109.783135837	0.0658063752096	0.280245734433	0.0	0.0	60.6999615452	14.1268332777	0.0	0.0	84.2360139747	16.6953484191	3.108140707015991	1.5858036279678345	2.1522908210754395	2.47607421875	3.832326889038086	4.606409549713135	3.5166819095611572	3.2543559074401855	26.534900099039078	27.405571222305298
wo	wo	175	15	12	1037,1038	b3	3	biology	0	2			0	0	1	0	0	0	0	0	0	0	0	0	PWAV	wo	2.0	pwav	wo	2.0	wo	1.0	499.440101102	500.208558528	584.78792582	0.0	0.0	1424.3211215	897.213665531	1400.39920709	1233.31535373	174571.781391	472200.960625	45697.7759788	22870.4869049	44461.6549841	18729.6124111	34258.3961147	2904.74454362	-0.00817507899599	0.00605645454898	0.116779771235	2881.65812053	0.428085856899	3532.48433448	33.8187826951	2881.65812053	0.428085856899	3567.96417733	44.9490149744	3.634056568145752	1.6436817646026611	3.3028409481048584	1.7417128086090088	3.6690194606781006	3.442720890045166	4.533011436462402	4.453829765319824	0.5441461205482483	1.1558023691177368
es	es	176	16	12	1039,1040	b3	3	biology	0	2			0	0	0	0	0	0	0	0	0	0	0	0	PPER	es	2.0	pper	es	2.0	es	1.0	4482.240487	4482.240487	7209.6675672	0.0	0.0	4656.84173369	7605.13349731	6486.72898142	1792.39548284	1041972.78488	2352798.39725	160713.918858	229470.714647	137226.941427	157414.447041	45007.5949345	4564.40820599	-0.00817507899599	0.0578338146002	0.220031352121	4943.65829569	0.428085856899	6564.72741013	38.0996412641	12044.7362886	0.856171713799	13944.1259674	66.3533078194	0.3153539896011352	0.1261042058467865	0.2337733507156372	0.0478041693568229	2.4592461585998535	1.5215961933135986	0.815032958984375	0.5106792449951172	0.004235345870256424	0.009703137911856174
am	am	177	17	12	1041,1042	b3	3	biology	0	2			0	0	0	0	0	0	0	0	0	0	0	0	APPRART	am	2.0	apprart	am	2.0	am	1.0	1456.07967013	1474.58804898	1784.21916595	0.0	0.0	4486.7754217	2615.11960831	2154.98352366	1998.30478001	351161.442057	917762.56646	82561.7332711	74007.0548549	76871.8292394	45987.9793491	41334.1231877	1762.35082964	-0.00817507899599	0.0458989277095	0.257271069198	10228.6424896	1.2842575707	11986.0882719	39.8119846916	10228.6424896	1.2842575707	12616.1089098	64.6409643918	5.123950004577637	3.9007532596588135	5.286528587341309	3.3696980476379395	5.678999900817871	5.204107761383057	5.93760871887207	5.331232070922852	0.02095663547515869	0.033065587282180786
Kontraktionsmechanismus	Kontraktionsmechanismus	178	18	12	1043,1065	b3	3	biology	0	23			0	0	0	0	0	0	0	0	1	0	0	0	NN	Kontraktionsmechanismus	23.0	nn	Kontraktionsmechanismus	23.0	kon-trak-ti-ons-me-cha-nis-mus	8.0																													8.752786636352539	9.322100639343262	8.73259449005127	10.967111587524414	14.513724327087402	12.694771766662598	12.175244331359863	9.563526153564453	1.610524769872427	1.612272769329138
beteiligt	beteiligt	179	19	12	1066,1074	b3	3	biology	0	9			0	0	0	0	0	0	0	0	0	0	0	0	VVPP	beteiligt	9.0	vvpp	beteiligen	10.0	be-tei-ligt	3.0	33.0927197758	34.5397087581	58.5989662433	124.49827803	54.7949896831	291.72234689	65.2705250661	24127.6665462	52306.9546828	3218649.68182	7315692.77134	398077.574584	733162.098991	140746.966941	141640.339386	20337.830725	14068.4280436	781.553902175	0.0558568587402	0.344454239985	0.0	0.0	0.752107267631	1.2842575707	0.0	0.0	6.123134168	4.70894442589	1.6179029941558838	0.6197617053985596	0.51435786485672	1.8408483266830444	0.8993570804595947	0.5501909255981445	0.3078894019126892	0.6821988821029663	0.02841382659971714	0.03153234347701073
ist	ist.	180	20	12	1075,1077	b3	3	biology	0	3		$.	0	0	0	0	1	1	0	0	0	0	0	0	VAFIN	ist	3.0	vafin	sein	4.0	ist	1.0	6193.1128442	6201.98280491	17044.4184006	6201.98280491	0.428085856899	5647.61352462	10628.2947571	6392.98535058	321.920564388	917956.027182	2251465.76597	202181.475685	311508.232091	153618.244592	108375.49979	37971.7622471	6331.86028492	6216.50992029	0.0707295422332	0.285080866351	0.0	0.0	174.505236248	21.8323787019	0.0	0.0	350.048707529	42.380499833	0.480429470539093	0.2669746875762939	0.2944702208042145	0.2857604622840881	0.5070371031761169	0.180935338139534	0.22612103819847107	0.13413624465465546	30.928570806980133	28.008953580632806
