word	word_with_punct	word_index_in_text	word_index_in_sent	sent_index_in_text	word_limit_char_indices	text_id	text_id_numeric	text_domain	text_domain_numeric	word_length	STTS_punctuation_before	STTS_punctuation_after	is_in_quote	is_in_parentheses	is_clause_beginning	is_sent_beginning	is_clause_end	is_sent_end	is_abbreviation	is_expert_technical_term	is_general_technical_term	contains_symbol	contains_hyphen	contains_abbreviation	STTS_PoS_tag	type	type_length_chars	PoS_tag	lemma	lemma_length_chars	syllables	type_length_syllables	annotated_type_frequency_normalized	type_frequency_normalized	lemma_frequency_normalized	familiarity_normalized	regularity_normalized	document_frequency_normalized	sentence_frequency_normalized	cumulative_syllable_corpus_frequency_normalized	cumulative_syllable_lexicon_frequency_normalized	cumulative_character_corpus_frequency_normalized	cumulative_character_lexicon_frequency_normalized	cumulative_character_bigram_corpus_frequency_normalized	cumulative_character_bigram_lexicon_frequency_normalized	cumulative_character_trigram_corpus_frequency_normalized	cumulative_character_trigram_lexicon_frequency_normalized	initial_letter_frequency_normalized	initial_bigram_frequency_normalized	initial_trigram_frequency_normalized	avg_cond_prob_in_bigrams	avg_cond_prob_in_trigrams	neighbors_coltheart_higher_freq_cum_freq_normalized	neighbors_coltheart_higher_freq_count_normalized	neighbors_coltheart_all_cum_freq_normalized	neighbors_coltheart_all_count_normalized	neighbors_levenshtein_higher_freq_cum_freq_normalized	neighbors_levenshtein_higher_freq_count_normalized	neighbors_levenshtein_all_cum_freq_normalized	neighbors_levenshtein_all_count_normalized	sent_surprisal_llama-7b	text_surprisal_llama-7b	sent_surprisal_llama-13b	text_surprisal_llama-13b	sent_surprisal_gpt2-base	text_surprisal_gpt2-base	sent_surprisal_gpt2-large	text_surprisal_gpt2-large	sent_surprisal_bert-base	text_surprisal_bert-base
Durch	Durch	1	1	1	1,5	p5	11	physics	1	5			0	0	0	1	0	0	0	0	0	0	0	0	APPR	Durch	5.0	appr	durch	5.0	durch	1.0	118.816598128	118.816598128	2421.46657369	127.204229178	15.8391767053	723.254582587	225.343151328	3354.08776063	2913.1242562	888763.408693	2113499.6875	209953.907515	365722.309266	106499.272005	73667.1546845	19121.5915224	897.590973444	345.266286317	0.00403861034932	0.0199934046953	2302.17582098	0.428085856899	2302.87887778	5.13703028279	2302.17582098	0.428085856899	2303.89258757	9.41788885179	14.265947341918944	14.326869010925291	17.99909019470215	18.10912322998047	6.072869300842285	6.072871685028076	6.127483367919922	6.127486228942871	0.7605830430984497	1.218631625175476
Einführen	Einführen	2	2	1	6,14	p5	11	physics	1	9			0	0	0	0	0	0	0	0	0	0	0	0	NN	Einführen	9.0	nn	Einführen	9.0	ein-füh-ren	3.0	0.36787855482	0.36787855482	0.384228712812	251.857833709	209.333984024	4.79060033786	0.667292576758	21147.0245692	33643.6955796	2750945.08205	5938143.73411	542955.572443	950390.414301	368979.018553	510159.761642	14903.9783425	3644.7281691	2977.8869754	0.00136893928889	0.0762279450889	10.112572718	1.7123434276	10.5458519048	3.4246868552	10.112572718	1.7123434276	10.5703771418	4.28085856899	12.739645957946776	12.752225875854492	12.91436767578125	12.938612937927246	13.049324035644531	13.049325942993164	12.12269401550293	12.122708320617676	6.636335611343384	6.174894213676453
der	der	3	3	1	15,17	p5	11	physics	1	3			0	0	0	0	0	0	0	0	0	0	0	0	ART	der	3.0	art	d	1.0	der	1.0	24738.5901996	26530.3631386	80100.3069113	26530.3631386	0.428085856899	9372.80956103	30912.3596552	38163.5169	19310.096833	1332151.97174	2710999.66609	487983.455471	535760.152056	398226.025843	178781.068331	110461.430317	53801.2331077	27238.2432288	0.129811235347	0.318759302208	0.0	0.0	25590.4497812	36.8153836934	0.0	0.0	33289.1996244	55.22307554	1.5229829549789429	1.5446006059646606	2.1075804233551025	2.089808464050293	1.4098665714263916	1.409868836402893	1.7349331378936768	1.7349252700805664	1.2985217571258545	0.7965844869613647
effektiven	effektiven	4	4	1	18,27	p5	11	physics	1	10			0	0	0	0	0	0	0	0	1	0	0	0	ADJA	effektiven	10.0	adja	effektiv	8.0	ef-fek-ti-ven	4.0	2.03559467	2.03559467	9.31141497644	4.8886972396	9.84597470869	25.4658228486	3.83305270835	11307.7202168	53117.3212099	3657284.06855	7979571.74291	485639.504997	892387.777293	378091.558383	473155.164	45007.5949345	17.0286895487	16.5790602039	0.000148183233871	0.103187769633	0.0	0.0	2.19909624992	2.5685151414	2.48522401478	0.428085856899	4.6843202647	2.9966009983	9.934515953063965	9.922974586486816	8.797490119934082	8.795342445373535	10.353965759277344	10.353961944580078	9.79859447479248	9.798599243164062	6.608858108520508	0.6392932534217834
Masse	Masse	5	5	1	28,32	p5	11	physics	1	5			0	0	0	0	0	0	0	0	1	0	0	0	NN	Masse	5.0	nn	Masse	5.0	mas-se	2.0	42.6902625171	42.6902625171	74.6875217074	59.0158952721	22.2604645588	202.970172209	78.7405240574	9444.06380822	25191.568421	1572192.04206	3818342.6228	220763.348492	388401.869879	168155.202763	262916.206474	14815.8918663	4446.16386339	333.502347642	0.0326064718141	0.17185537437	0.0	0.0	129.599527323	22.6885504157	0.0	0.0	163.370778656	28.6817524123	7.759356498718262	7.810820579528809	10.998246192932127	10.992191314697266	7.902647495269775	7.902646064758301	10.062800407409668	10.062790870666504	4.02615213394165	0.03326186537742615
können	können	6	6	1	33,38	p5	11	physics	1	6			0	0	0	0	0	0	0	0	0	0	0	0	VMFIN	können	6.0	vmfin	können	6.0	kön-nen	2.0	410.429840994	800.364758945	3346.01895766	1040.34420287	6.84937371039	2247.92617433	1485.25360998	13304.9737663	21461.2282639	2256673.84632	4790724.23565	449157.928849	734790.965676	355872.813658	463296.346715	11052.747678	1430.29547098	1371.06702365	0.0301274059589	0.356573992093	0.0	0.0	97.994671925	8.56171713799	0.0	0.0	382.953400488	14.5549191346	4.026679039001465	4.035809516906738	4.197447776794434	4.174777030944824	3.731975555419922	3.7319796085357666	4.359371185302734	4.359367370605469	0.016343772411346436	0.01591045781970024
Elektronen	Elektronen	7	7	1	39,48	p5	11	physics	1	10			0	0	0	0	0	0	0	0	1	0	0	0	NN	Elektronen	10.0	nn	Elektron	8.0	e-lek-tro-nen	4.0	4.22651584093	4.22651584093	5.39555213736	11.3715348834	32.9626109813	11.7243639848	7.43332893644	17938.5267904	46346.2872114	3461712.64292	7937577.8046	519718.76878	1028476.69929	357523.868962	506586.528994	14903.9783425	524.202415381	220.048601335	0.0183056392573	0.217913610928	0.0	0.0	1.16903629643	0.428085856899	0.0	0.0	1.34888803434	2.1404292845	10.593274116516112	10.6485013961792	7.431643486022949	7.423160552978516	9.931538581848145	9.93154525756836	9.120014190673828	9.120004653930664	1.3020617961883545	0.48353588581085205
im	im	8	8	1	49,50	p5	11	physics	1	2			0	0	0	0	0	0	0	0	0	0	0	0	APPRART	im	2.0	apprart	im	2.0	im	1.0	4320.93800333	4320.93800333	4852.53069013	0.0	0.0	6505.00491667	7332.35049931	6212.43055587	1739.74092244	476263.776674	1003959.79418	79143.642817	44968.7069239	79582.1540543	29361.1246672	37971.7622471	5463.51156905	-0.00817507899599	0.0471865575674	0.258008463415	13165.4578681	0.428085856899	17856.5143979	39.8119846916	13165.4578681	0.428085856899	19278.847342	58.6477623952	3.6070961952209473	3.610950708389282	3.018779993057251	3.0043890476226807	2.9882936477661133	2.9882941246032715	3.9548981189727783	3.954878091812134	0.0563419945538044	0.0868881344795227
Leitungsband	Leitungsband	9	9	1	51,62	p5	11	physics	1	12			0	0	0	0	0	0	0	1	0	0	0	0	NN	Leitungsband	12.0	nn	Leitungsband	12.0	lei-tungs-band	3.0																													5.854931354522705	5.877497673034668	5.7453789710998535	5.784860610961914	11.75595474243164	11.755956649780273	10.288625717163086	10.288618087768555	0.021908288588747382	0.012001363356830552
und	und	10	10	1	63,65	p5	11	physics	1	3			0	0	0	0	0	0	0	0	0	0	0	0	KON	und	3.0	kon	und	3.0	und	1.0	22313.7473183	22313.7473183	23398.5884761	22313.7473183	0.428085856899	9064.0679761	29467.6401896	23513.5137367	723.037012303	869972.90787	1656300.13956	195202.966651	251153.263298	160187.509171	58920.0250002	32509.3788389	28906.6542257	22352.5789435	0.120238001286	0.419307858966	0.0	0.0	2201.34439665	22.6885504157	0.0	0.0	2454.42031712	42.8085856899	3.301563262939453	3.282711982727051	4.4957051277160645	4.496234893798828	4.236738204956055	4.236737251281738	4.32254695892334	4.322554588317871	1.3316200971603394	1.22539222240448
Löcher	Löcher	11	11	1	66,71	p5	11	physics	1	6			0	0	0	0	0	0	0	0	0	0	0	0	NN	Löcher	6.0	nn	Loch	4.0	lö-cher	2.0	7.79902536218	7.79902536218	28.604601407	7.83990075716	2.1404292845	53.2008774363	14.5252523685	2397.40731621	6933.27853834	1485530.71105	3327715.56263	462710.092479	842185.720768	239214.820614	265226.157758	8934.00427951	215.674934072	11.3306594884	0.0224808340681	0.22858505668	0.0	0.0	1.34071295534	5.56511613969	0.0	0.0	3.85863728611	7.70554542419	9.042108535766602	9.128671646118164	1.6922616958618164	1.80172336101532	10.977010726928711	10.977005004882812	9.13397216796875	9.13399887084961	0.02851807326078415	0.0001979924418265
im	im	12	12	1	72,73	p5	11	physics	1	2			0	0	0	0	0	0	0	0	0	0	0	0	APPRART	im	2.0	apprart	im	2.0	im	1.0	4320.93800333	4320.93800333	4852.53069013	0.0	0.0	6505.00491667	7332.35049931	6212.43055587	1739.74092244	476263.776674	1003959.79418	79143.642817	44968.7069239	79582.1540543	29361.1246672	37971.7622471	5463.51156905	-0.00817507899599	0.0471865575674	0.258008463415	13165.4578681	0.428085856899	17856.5143979	39.8119846916	13165.4578681	0.428085856899	19278.847342	58.6477623952	0.1756501048803329	0.1637629121541977	0.0345068909227848	0.034925203770399	1.5270612239837646	1.5270612239837646	1.2834502458572388	1.2834382057189941	0.016555199399590492	0.01328521128743887
Valenzband	Valenzband	13	13	1	74,83	p5	11	physics	1	10			0	0	0	0	0	0	0	1	0	0	0	0	NN	Valenzband	10.0	nn	Valenzband	10.0	va-lenz-band	3.0	0.00817507899599	0.00817507899599	0.00817507899599	4.37366726286	24.8289797002	0.126068429944	0.0155184320176	1078.05584228	5407.58054435	2733115.67622	6027290.90146	401100.555295	847036.361613	104160.005851	119636.726342	10632.1480387	500.584612162	44.0963761044	7.639e-06	1.0	0.0	0.0	0.0	0.0	0.0	0.0	0.0	0.0	0.0148598309606313	0.0153788346797227	0.0259860344231128	0.025003857910633	13.042021751403809	13.042014122009277	11.396766662597656	11.396767616271973	0.022659201582428068	0.002474541834089905
eines	eines	14	14	1	84,88	p5	11	physics	1	5			0	0	0	0	0	0	0	0	0	0	0	0	ART	eines	5.0	art	eine	4.0	ei-nes	2.0	964.814648028	996.591180085	17543.4333976	7303.86082739	14.1268332777	2911.67645798	1770.37376144	17195.1259819	8521.04898158	2656542.58071	5696942.18272	367047.786942	545487.118897	215066.422067	203192.664321	45007.5949345	21503.4825387	20569.6023896	0.0495844122944	0.245308794672	6240.92070617	1.2842575707	6269.57435805	14.9830049915	10843.2040532	1.7123434276	11254.5822033	25.685151414	3.9884188175201416	3.988377332687378	5.920145034790039	5.914700508117676	6.924070358276367	6.924066066741943	5.971228122711182	5.971198081970215	0.5935214757919312	0.5797761082649231
Kristalles	Kristalles	15	15	1	89,98	p5	11	physics	1	10			0	0	0	0	0	0	0	0	1	0	0	0	NN	Kristalles	10.0	nn	Kristall	8.0	kri-stal-les	3.0	0.024525236988	0.024525236988	8.78820992069	33.7058507005	98.03166123	0.252136859888	0.0465552960529	1837.66783243	5075.3859194	2894023.25452	7207841.67673	319218.857795	838634.748585	141484.064764	286276.851685	13511.0511576	2119.20937797	794.478702068	4.269e-06	0.0110932776667	1.2262618494	0.428085856899	1.23443692839	0.856171713799	5.40372721635	1.2842575707	5.42007737434	2.1404292845	5.509016990661621	5.511884689331055	8.82357120513916	8.816950798034668	9.34112548828125	9.341134071350098	9.189555168151855	9.189577102661133	11.316568851470947	9.88465404510498
wie	wie	16	16	1	99,101	p5	11	physics	1	3			0	0	0	0	0	0	0	0	0	0	0	0	KOKOM	wie	3.0	kokom	wie	3.0	wie	1.0	2905.83182913	3015.87656749	3407.62635298	3015.87656749	0.428085856899	4068.60643958	5273.00801527	5843.90616981	1979.89708816	1200679.02697	2452376.30459	260710.659454	289400.594183	223751.732269	182794.801325	34258.3961147	10849.3026621	4473.9509569	0.0309912494168	0.204693849842	33576.856129	1.2842575707	38190.6091118	23.1166362726	33576.856129	1.2842575707	38229.7023396	35.1030402658	5.774868488311768	5.778533458709717	5.255823612213135	5.242657661437988	5.909581184387207	5.909584999084473	6.502415180206299	6.502448081970215	4.456881523132324	4.108205318450928
freie	freie	17	17	1	102,106	p5	11	physics	1	5			0	0	0	0	0	0	0	0	1	0	0	0	ADJA	freie	5.0	adja	frei	4.0	frei-e	2.0	45.0038098729	45.0855606629	276.080592774	93.6537049781	14.9830049915	330.551423313	83.4426089588	6167.12426808	23846.0945727	2321443.10876	5017108.45127	352560.876605	534818.791257	198982.477348	215989.862927	12864.091756	2163.27305376	757.273917557	0.006330717232	0.116013512584	0.0	0.0	24.7050887259	7.27745956729	170.769225147	0.856171713799	229.964972157	12.4144898501	6.032448768615723	5.979879379272461	4.427994251251221	4.445708274841309	9.758848190307617	9.758848190307617	9.22525405883789	9.225240707397461	4.557816505432129	4.740053176879883
Teilchen	Teilchen	18	18	1	107,114	p5	11	physics	1	8			0	0	0	0	0	0	0	0	1	0	0	0	NN	Teilchen	8.0	nn	Teilchen	8.0	teil-chen	2.0	4.51264360579	4.51264360579	4.81512152864	8.44485660286	24.4008938433	26.2222334283	7.99199248908	8326.98013882	17786.1111825	2913834.55293	6304234.19721	656196.938372	1228507.94955	388513.018286	579645.373676	8191.78885746	1519.16675475	560.68779294	0.0458030658424	0.334724721978	0.0	0.0	6.59728874977	3.4246868552	0.0	0.0	8.00340233708	5.56511613969	1.4765061140060425	1.4316980838775637	2.528613805770874	2.545822858810425	5.2466278076171875	5.246631145477295	3.285005807876587	3.285013198852539	4.120460033416748	3.488767623901367
aufgefasst	aufgefasst	19	19	1	115,124	p5	11	physics	1	10			0	0	0	0	0	0	0	0	0	0	0	0	VVPP	aufgefasst	10.0	vvpp	auffassen	9.0	auf-ge-fasst	3.0	0.253427448876	0.310653001848	23.1926991116	335.79136976	356.16743294	2.64743702882	0.58970041667	52109.040806	101769.278847	2524585.42601	6360644.78292	323268.947256	589632.188632	173511.996851	150071.490338	41334.1231877	16266.7803613	7317.89743803	0.0491562953947	0.513371263316	0.0	0.0	0.024525236988	0.428085856899	0.0	0.0	0.032700315984	0.856171713799	8.104513168334961	8.148537635803223	11.413932800292969	11.50489616394043	12.50710678100586	12.507101058959961	9.373149871826172	9.373136520385742	0.8881248086690903	0.9894554764032364
werden	werden	20	20	1	125,130	p5	11	physics	1	6			0	0	0	0	0	0	0	0	0	0	0	0	VAINF	werden	6.0	vainf	werden	6.0	wer-den	2.0	1917.62828009	2700.75179743	8998.09689884	2746.965519	21.8323787019	5182.42101813	4801.51149528	27766.5331837	27383.7960941	2636081.51067	5388986.20707	706673.440428	1134529.40522	412109.304698	481425.782755	34258.3961147	9994.2302745	3399.46762414	0.105793166509	0.538682739217	0.0	0.0	1484.61069583	16.6953484191	0.0	0.0	1872.33016737	25.685151414	0.0625161528587341	0.0624684505164623	0.0235185325145721	0.0234780106693506	0.23728366196155548	0.23728346824645996	0.19735388457775116	0.19735553860664368	0.0025763672310858965	0.0017043125117197633
und	und	21	21	1	131,133	p5	11	physics	1	3			0	0	0	0	0	0	0	0	0	0	0	0	KON	und	3.0	kon	und	3.0	und	1.0	22313.7473183	22313.7473183	23398.5884761	22313.7473183	0.428085856899	9064.0679761	29467.6401896	23513.5137367	723.037012303	869972.90787	1656300.13956	195202.966651	251153.263298	160187.509171	58920.0250002	32509.3788389	28906.6542257	22352.5789435	0.120238001286	0.419307858966	0.0	0.0	2201.34439665	22.6885504157	0.0	0.0	2454.42031712	42.8085856899	3.712854862213135	3.682823419570923	3.4051196575164795	3.379094123840332	3.7244436740875244	3.7244529724121094	2.7849044799804688	2.7849349975585938	0.1291133165359497	0.08222123980522156
bewegen	bewegen	22	22	1	134,140	p5	11	physics	1	7			0	0	0	0	0	0	0	0	0	0	0	0	VVFIN	bewegen	7.0	vvfin	bewegen	7.0	be-we-gen	3.0	5.01132342454	31.5558049245	90.2365219578	145.745308341	26.1132372709	206.500088248	59.5597420837	44236.9874631	93617.2398736	3058939.04953	6465633.69549	538127.746842	948604.440107	391261.880423	510968.415825	20337.830725	14068.4280436	553.812551505	0.0180442746611	0.196504220792	0.0	0.0	11.2897840935	2.9966009983	0.0	0.0	26.3319294461	6.42128785349	6.421295642852783	6.433189868927002	4.463898658752441	4.463913440704346	9.544041633605957	9.54404354095459	6.793990135192871	6.794017791748047	3.0164365768432617	4.938075542449951
sich	sich	23	23	1	141,144	p5	11	physics	1	4			0	0	0	0	0	0	0	0	0	0	0	0	PRF	sich	4.0	prf	sich	4.0	sich	1.0	6557.46793998	6557.46793998	6566.55045274	6557.81946837	0.856171713799	6282.99841154	11211.8033194	6926.29480396	1064.22144025	990057.517976	2298056.06212	287477.77288	411907.636196	194753.386357	108862.23341	48925.779496	15113.3748159	6879.41072592	0.109257424523	0.373105981887	0.0	0.0	1254.85010065	21.404292845	0.0	0.0	4636.93750684	29.5379241261	0.0595234744250774	0.0605413690209388	0.0154821192845702	0.0153505308553576	0.13447800278663635	0.13447768986225128	0.2014286369085312	0.2014307826757431	0.014250537380576134	0.012180233374238014
am	am	24	24	1	145,146	p5	11	physics	1	2			0	0	0	0	0	0	0	0	0	0	0	0	APPRART	am	2.0	apprart	am	2.0	am	1.0	1456.07967013	1474.58804898	1784.21916595	0.0	0.0	4486.7754217	2615.11960831	2154.98352366	1998.30478001	351161.442057	917762.56646	82561.7332711	74007.0548549	76871.8292394	45987.9793491	41334.1231877	1762.35082964	-0.00817507899599	0.0458989277095	0.257271069198	10228.6424896	1.2842575707	11986.0882719	39.8119846916	10228.6424896	1.2842575707	12616.1089098	64.6409643918	7.910603046417236	7.903035163879394	8.12142562866211	8.10496711730957	6.707624435424805	6.707619667053223	6.770264625549316	6.770298004150391	0.022436000406742096	0.029500557109713554
Energieminimum	Energieminimum	25	25	1	147,160	p5	11	physics	1	14			0	0	0	0	0	0	0	0	1	0	0	0	NN	Energieminimum	14.0	nn	Energieminimum	14.0	e-ner-gie-mi-ni-mum	6.0																													6.988095760345459	6.962182998657227	8.320189476013184	8.341038703918457	15.962889671325684	15.962889671325684	16.9426212310791	16.942617416381836	3.791013076395757	3.8410970564727904
im	im	26	26	1	161,162	p5	11	physics	1	2			0	0	0	0	0	0	0	0	0	0	0	0	APPRART	im	2.0	apprart	im	2.0	im	1.0	4320.93800333	4320.93800333	4852.53069013	0.0	0.0	6505.00491667	7332.35049931	6212.43055587	1739.74092244	476263.776674	1003959.79418	79143.642817	44968.7069239	79582.1540543	29361.1246672	37971.7622471	5463.51156905	-0.00817507899599	0.0471865575674	0.258008463415	13165.4578681	0.428085856899	17856.5143979	39.8119846916	13165.4578681	0.428085856899	19278.847342	58.6477623952	3.6064200401306152	3.578785896301269	4.289341926574707	4.306236267089844	4.703135967254639	4.703147888183594	4.0498223304748535	4.049830913543701	0.027413833886384964	0.183668851852417
Leitungsband	Leitungsband	27	27	1	163,174	p5	11	physics	1	12			0	0	0	0	0	0	0	1	0	0	0	0	NN	Leitungsband	12.0	nn	Leitungsband	12.0	lei-tungs-band	3.0																													1.40194571018219	1.3961608409881592	2.816457748413086	2.784433364868164	7.524226188659668	7.524232387542725	3.5572731494903564	3.5572683811187744	0.025614475773181766	0.0221809318754822
und	und	28	28	1	175,177	p5	11	physics	1	3			0	0	0	0	0	0	0	0	0	0	0	0	KON	und	3.0	kon	und	3.0	und	1.0	22313.7473183	22313.7473183	23398.5884761	22313.7473183	0.428085856899	9064.0679761	29467.6401896	23513.5137367	723.037012303	869972.90787	1656300.13956	195202.966651	251153.263298	160187.509171	58920.0250002	32509.3788389	28906.6542257	22352.5789435	0.120238001286	0.419307858966	0.0	0.0	2201.34439665	22.6885504157	0.0	0.0	2454.42031712	42.8085856899	1.7099018096923828	1.764078974723816	2.717148303985596	2.733316421508789	3.132571220397949	3.1325671672821045	3.65061092376709	3.650621175765991	0.26813560724258423	0.3920051157474518
am	am	29	29	1	178,179	p5	11	physics	1	2			0	0	0	0	0	0	0	0	0	0	0	0	APPRART	am	2.0	apprart	am	2.0	am	1.0	1456.07967013	1474.58804898	1784.21916595	0.0	0.0	4486.7754217	2615.11960831	2154.98352366	1998.30478001	351161.442057	917762.56646	82561.7332711	74007.0548549	76871.8292394	45987.9793491	41334.1231877	1762.35082964	-0.00817507899599	0.0458989277095	0.257271069198	10228.6424896	1.2842575707	11986.0882719	39.8119846916	10228.6424896	1.2842575707	12616.1089098	64.6409643918	0.8715506792068481	0.8600014448165894	3.1089577674865723	3.1207833290100098	4.025543689727783	4.025550842285156	3.7255606651306152	3.7255477905273438	0.026965796947479248	0.027722075581550598
Energiemaximum	Energiemaximum	30	30	1	180,193	p5	11	physics	1	14			0	0	0	0	0	0	0	0	1	0	0	0	NN	Energiemaximum	14.0	nn	Energiemaximum	14.0	e-ner-gie-ma-xi-mum	6.0	0.024525236988	0.024525236988	0.04087539498	6.24576035294	38.527727121	0.126068429944	0.0465552960529	17586.5405892	55021.4471014	3990768.48825	8828262.65636	403422.106053	744866.82249	69260.9451452	103992.328701	14903.9783425	1881.82960917	74.0743907827	1.53576666667e-05	0.000379004333333	0.0	0.0	0.00817507899599	0.428085856899	0.0	0.0	0.00817507899599	0.428085856899	0.1121470034122467	0.1150097846984863	3.234898567199707	3.266551971435547	3.575469493865967	3.5754714012145996	2.891329050064087	2.8913092613220215	0.5094818146844773	0.13020403449900186
im	im	31	31	1	194,195	p5	11	physics	1	2			0	0	0	0	0	0	0	0	0	0	0	0	APPRART	im	2.0	apprart	im	2.0	im	1.0	4320.93800333	4320.93800333	4852.53069013	0.0	0.0	6505.00491667	7332.35049931	6212.43055587	1739.74092244	476263.776674	1003959.79418	79143.642817	44968.7069239	79582.1540543	29361.1246672	37971.7622471	5463.51156905	-0.00817507899599	0.0471865575674	0.258008463415	13165.4578681	0.428085856899	17856.5143979	39.8119846916	13165.4578681	0.428085856899	19278.847342	58.6477623952	0.0313524790108203	0.0310305617749691	0.0263915937393903	0.0265675913542509	0.5063732862472534	0.5063731670379639	1.4694788455963135	1.4694708585739136	0.009586017578840256	0.021467696875333786
Valenzband	Valenzband	32	32	1	196,205	p5	11	physics	1	10			0	0	0	0	0	0	0	1	0	0	0	0	NN	Valenzband	10.0	nn	Valenzband	10.0	va-lenz-band	3.0	0.00817507899599	0.00817507899599	0.00817507899599	4.37366726286	24.8289797002	0.126068429944	0.0155184320176	1078.05584228	5407.58054435	2733115.67622	6027290.90146	401100.555295	847036.361613	104160.005851	119636.726342	10632.1480387	500.584612162	44.0963761044	7.639e-06	1.0	0.0	0.0	0.0	0.0	0.0	0.0	0.0	0.0	0.0100891683250665	0.0098310559988021	0.0116124209016561	0.0117430733516812	2.826007843017578	2.8260087966918945	1.5501058101654053	1.550102710723877	0.009402960888110101	0.002852346748113632
auf	auf	33	33	1	206,208	p5	11	physics	1	3			0	0	0	0	0	0	0	0	0	0	0	0	APPR	auf	3.0	appr	auf	3.0	auf	1.0	5092.06867979	5591.37797963	5914.8658555	5591.37797963	0.428085856899	6569.04767908	9351.09676518	8980.91288279	7572.83880855	489216.952266	1286948.94648	95233.9886234	112163.203452	83805.1382611	46267.0913278	41334.1231877	16266.7803613	7317.89743803	0.0692951484301	0.289895292654	0.0	0.0	3235.89246851	19.2638635605	0.0	0.0	3376.16047392	32.5345251244	5.321366786956787	5.344478607177734	4.433755874633789	4.463374614715576	6.094621658325195	6.094627380371094	4.697276592254639	4.697282314300537	3.5455031394958496	4.143821716308594
Parabeln	Parabeln.	34	34	1	209,216	p5	11	physics	1	8		$.	0	0	0	0	0	1	0	0	1	0	0	0	NN	Parabeln	8.0	nn	Parabel	7.0	pa-ra-beln	3.0	0.220727132892	0.220727132892	1.20173661241	132.052051022	120.292125789	2.64743702882	0.372442368423	4753.08902922	27781.4878552	2330549.10853	5546227.70743	334805.602385	649047.080883	220647.605723	313459.447427	10343.3797233	2108.93330368	1032.41437625	0.0012395172963	0.260495794741	0.0	0.0	0.016350157992	0.428085856899	0.981009479519	0.428085856899	0.997359637511	0.856171713799	12.049847602844238	11.972103118896484	11.116337776184082	11.072320938110352	16.131343841552734	16.131345748901367	14.881937980651855	14.881937026977539	28.049896746873856	27.3613877014468
Da	Da	35	1	2	218,219	p5	11	physics	1	2			0	0	0	1	0	0	0	0	0	0	0	0	KOUS	Da	2.0	kous	da	2.0	da	1.0	130.719513146	420.746790687	1430.23824543	0.0	0.0	1137.64151181	796.716299785	6410.69257168	8294.59156328	264862.765726	703814.244985	30148.0481463	48805.6404593	30549.8859793	48264.5399361	19121.5915224	4160.8290812	-0.00817507899599	0.00709866948468	0.0171440421339	1664.62593532	0.856171713799	2717.37173303	47.5175301158	3404.66697438	1.2842575707	4859.51220759	63.784792678	13.392809867858888	9.144173622131348	17.44877052307129	4.139843940734863	5.7006120681762695	4.914405822753906	5.698001861572266	4.461178302764893	0.413337379693985	0.3422542214393616
die	die	36	2	2	220,222	p5	11	physics	1	3			0	0	0	0	0	0	0	0	0	0	0	0	ART	die	3.0	art	d	1.0	die	1.0	20527.116504	24520.1275636	80100.3069113	24520.1275636	0.428085856899	9091.29875697	30440.211361	33694.5118659	1928.95487119	1361337.08551	2613060.47141	356516.797331	303924.26305	343523.065172	189343.230678	110461.430317	29991.8223867	29048.3692201	0.0938387928357	0.266249299869	0.0	0.0	15201.9436218	35.5311261227	0.0	0.0	15852.8515865	58.2196765383	2.7346296310424805	1.2711998224258425	2.722745418548584	0.9410578608512878	2.572199821472168	1.3115253448486328	2.57977032661438	1.204549789428711	0.04290410131216049	0.023604342713952065
effektive	effektive	37	3	2	223,231	p5	11	physics	1	9			0	0	0	0	0	0	0	0	1	0	0	0	ADJA	effektive	9.0	adja	effektiv	8.0	ef-fek-ti-ve	4.0	2.48522401478	2.48522401478	9.31141497644	3.78506157514	8.13363128109	30.7606969063	4.71760333336	11802.7703005	56821.5481297	3184408.51877	6999080.47158	243838.048513	430906.514611	185283.783602	214179.915924	45007.5949345	17.0286895487	16.5790602039	0.00190990613816	0.0766654156568	0.0	0.0	0.948309163535	1.7123434276	0.0	0.0	6.91611683061	3.8527727121	10.985815048217772	4.068371295928955	11.733098983764648	1.1314061880111694	11.469451904296875	9.226157188415527	10.940337181091309	6.686947345733643	2.6611844832077622	0.03782428801059723
Masse	Masse	38	4	2	232,236	p5	11	physics	1	5			0	0	0	0	0	0	0	0	1	0	0	0	NN	Masse	5.0	nn	Masse	5.0	mas-se	2.0	42.6902625171	42.6902625171	74.6875217074	59.0158952721	22.2604645588	202.970172209	78.7405240574	9444.06380822	25191.568421	1572192.04206	3818342.6228	220763.348492	388401.869879	168155.202763	262916.206474	14815.8918663	4446.16386339	333.502347642	0.0326064718141	0.17185537437	0.0	0.0	129.599527323	22.6885504157	0.0	0.0	163.370778656	28.6817524123	8.869336128234863	0.0343620181083679	6.881061553955078	0.0098857516422867	7.054845809936523	0.045675840228796005	7.1897196769714355	0.16051137447357178	4.141793727874756	0.02335585467517376
im	im	39	5	2	237,238	p5	11	physics	1	2			0	0	0	0	0	0	0	0	0	0	0	0	APPRART	im	2.0	apprart	im	2.0	im	1.0	4320.93800333	4320.93800333	4852.53069013	0.0	0.0	6505.00491667	7332.35049931	6212.43055587	1739.74092244	476263.776674	1003959.79418	79143.642817	44968.7069239	79582.1540543	29361.1246672	37971.7622471	5463.51156905	-0.00817507899599	0.0471865575674	0.258008463415	13165.4578681	0.428085856899	17856.5143979	39.8119846916	13165.4578681	0.428085856899	19278.847342	58.6477623952	4.300612449645996	3.705845594406128	4.459284782409668	3.4204189777374268	3.852485179901123	3.173163652420044	3.8755974769592285	3.2497496604919434	0.08804134279489517	0.0625123456120491
oberen	oberen	40	6	2	239,244	p5	11	physics	1	6			0	0	0	0	0	0	0	0	0	0	0	0	ADJA	oberen	6.0	adja	ober	4.0	o-be-ren	3.0	23.5360524295	23.5360524295	96.4250567577	26.2011281822	4.70894442589	125.059882504	43.8240520178	39512.1760321	96186.6111867	2550609.71906	5640671.15301	632467.725176	1182920.65857	365979.933598	504667.848184	5492.20609632	930.013336742	255.054289596	0.00128455849045	0.106546556194	0.0	0.0	2.87762780659	2.5685151414	0.0	0.0	13.4643551064	5.13703028279	6.564677715301514	6.585006237030029	6.392014503479004	7.612399578094482	5.581364154815674	6.134975433349609	5.641207695007324	6.984261989593506	1.2076818943023682	1.4448258876800537
Teil	Teil	41	7	2	245,248	p5	11	physics	1	4			0	0	0	0	0	0	0	0	0	0	0	0	NN	Teil	4.0	nn	Teil	4.0	teil	1.0	276.227744196	276.227744196	400.660621594	279.824778954	2.1404292845	1222.10735987	500.40735884	962.811753674	1739.31283658	1318360.89143	2915823.33753	119878.500014	236322.656872	29308.3939577	69906.8485175	8191.78885746	1519.16675475	560.68779294	0.0386105511331	0.224258617307	555.447567304	0.428085856899	663.44853592	15.4110908484	555.447567304	0.428085856899	750.562177701	22.6885504157	2.049238443374634	2.6355557441711426	1.4820246696472168	1.3784610033035278	1.3116135597229004	2.145911693572998	1.4975167512893677	2.7595129013061523	1.0078227519989014	1.0363131761550903
des	des	42	8	2	249,251	p5	11	physics	1	3			0	0	0	0	0	0	0	0	0	0	0	0	ART	des	3.0	art	d	1.0	des	1.0	7101.07799289	7101.07799289	80100.3069113	7101.07799289	0.428085856899	7430.34719246	10967.4656073	9589.02430898	7300.14811771	1261615.62435	2602206.35451	326044.476501	328517.367443	261724.107647	165779.244685	110461.430317	53801.2331077	7725.99738151	0.121698304848	0.352013185599	44055.247282	1.2842575707	49782.1108458	35.9592119796	44055.247282	1.2842575707	54875.2749862	52.2264745417	0.7705535292625427	0.2270344942808151	0.5814574956893921	1.1898236274719238	0.9630414247512817	0.3457705080509186	1.1274077892303467	0.520703136920929	0.04081451892852783	0.022591136395931244
Valenzbandes	Valenzbandes	43	9	2	252,263	p5	11	physics	1	12			0	0	0	0	0	0	0	1	0	0	0	0	NN	Valenzbandes	12.0	nn	Valenzband	10.0	va-lenz-ban-des	4.0			0.00817507899599																										16.925891876220703	1.1381940841674805	15.417630195617676	1.3048604726791382	17.336400985717773	4.007842063903809	15.006546020507812	3.7728898525238037	7.485561612993479	0.06232510131667368
negativ	negativ	44	10	2	264,270	p5	11	physics	1	7			0	0	0	0	0	0	0	0	1	0	0	0	ADJD	negativ	7.0	adjd	negativ	7.0	ne-ga-tiv	3.0	8.78820992069	8.78820992069	35.8477213974	10.120747797	5.99320199659	65.051309851	16.4805748027	17467.2171362	32217.7415903	2303259.27238	5201535.54397	127835.72133	288813.688473	30149.2825833	37967.3627343	21439.2836433	2061.65682184	36.9268318249	0.00786604162291	0.27373048961	0.0	0.0	2.07647006498	1.2842575707	9.23783926547	0.428085856899	11.3551847254	2.5685151414	4.99575662612915	2.4286787509918213	4.42821741104126	3.084084272384644	8.044727325439453	9.049160957336426	7.644687175750732	7.231899261474609	5.257219314575195	5.665751934051514
ist	ist,	45	11	2	271,273	p5	11	physics	1	3		$,	0	0	0	0	0	0	0	0	0	0	0	0	VAFIN	ist	3.0	vafin	sein	4.0	ist	1.0	6193.1128442	6201.98280491	17044.4184006	6201.98280491	0.428085856899	5647.61352462	10628.2947571	6392.98535058	321.920564388	917956.027182	2251465.76597	202181.475685	311508.232091	153618.244592	108375.49979	37971.7622471	6331.86028492	6216.50992029	0.0707295422332	0.285080866351	0.0	0.0	174.505236248	21.8323787019	0.0	0.0	350.048707529	42.380499833	0.3746927380561828	0.5909590721130371	0.2819958329200744	0.5381258726119995	0.78538978099823	0.609607458114624	0.4138525724411011	0.3222627341747284	28.278843123465776	28.717277340590954
wird	wird	46	12	2	275,278	p5	11	physics	1	4			0	0	1	0	0	0	0	0	0	0	0	0	VAFIN	wird	4.0	vafin	werden	6.0	wird	1.0	2344.60448097	2347.81728702	8998.09689884	2352.31358046	4.70894442589	4665.03618164	4186.0194446	2383.28895478	15.8391767053	988692.582261	1945833.01227	114090.380583	81194.6163923	94464.2477104	32816.2056182	34258.3961147	10849.3026621	4840.94660319	0.0454900900655	0.324052246465	0.0	0.0	89.680616586	11.5583181363	0.0	0.0	1784.98762338	16.2672625622	2.590529203414917	3.1189751625061035	1.9561296701431277	3.13101577758789	1.8689324855804443	2.0067386627197266	2.1738100051879883	2.210742950439453	1.970846176147461	1.8997584581375122
die	die	47	13	2	279,281	p5	11	physics	1	3			0	0	0	0	0	0	0	0	0	0	0	0	ART	die	3.0	art	d	1.0	die	1.0	20527.116504	24520.1275636	80100.3069113	24520.1275636	0.428085856899	9091.29875697	30440.211361	33694.5118659	1928.95487119	1361337.08551	2613060.47141	356516.797331	303924.26305	343523.065172	189343.230678	110461.430317	29991.8223867	29048.3692201	0.0938387928357	0.266249299869	0.0	0.0	15201.9436218	35.5311261227	0.0	0.0	15852.8515865	58.2196765383	1.733897089958191	1.594172477722168	1.6305311918258667	1.5964632034301758	1.5282111167907715	1.6402369737625122	1.511273741722107	1.4137461185455322	0.09179135411977768	0.023251503705978394
Energieparabel	Energieparabel	48	14	2	282,295	p5	11	physics	1	14			0	0	0	0	0	0	0	1	0	0	0	0	NN	Energieparabel	14.0	nn	Energieparabel	14.0	e-ner-gie-pa-ra-bel	6.0																													17.639768600463867	10.388943672180176	12.902440071105955	12.188514709472656	17.86665916442871	13.908124923706055	16.847890853881836	11.451692581176758	14.26947858184576	4.8255023647798225
der	der	49	15	2	296,298	p5	11	physics	1	3			0	0	0	0	0	0	0	0	0	0	0	0	ART	der	3.0	art	d	1.0	der	1.0	24738.5901996	26530.3631386	80100.3069113	26530.3631386	0.428085856899	9372.80956103	30912.3596552	38163.5169	19310.096833	1332151.97174	2710999.66609	487983.455471	535760.152056	398226.025843	178781.068331	110461.430317	53801.2331077	27238.2432288	0.129811235347	0.318759302208	0.0	0.0	25590.4497812	36.8153836934	0.0	0.0	33289.1996244	55.22307554	2.719958782196045	1.9830996990203853	2.342468738555908	2.7544102668762207	4.079736709594727	4.736055374145508	4.032304286956787	4.376538276672363	0.6521793603897095	0.9012143015861511
Löcher	Löcher	50	16	2	299,304	p5	11	physics	1	6			0	0	0	0	0	0	0	0	0	0	0	0	NN	Löcher	6.0	nn	Loch	4.0	lö-cher	2.0	7.79902536218	7.79902536218	28.604601407	7.83990075716	2.1404292845	53.2008774363	14.5252523685	2397.40731621	6933.27853834	1485530.71105	3327715.56263	462710.092479	842185.720768	239214.820614	265226.157758	8934.00427951	215.674934072	11.3306594884	0.0224808340681	0.22858505668	0.0	0.0	1.34071295534	5.56511613969	0.0	0.0	3.85863728611	7.70554542419	8.037863731384277	1.9932941198349	4.53953742980957	0.59039306640625	9.4892578125	8.540035247802734	9.786255836486816	8.075862884521484	0.06976718571968377	0.0008616512077423977
nach	nach	51	17	2	305,308	p5	11	physics	1	4			0	0	0	0	0	0	0	0	0	0	0	0	APPR	nach	4.0	appr	nach	4.0	nach	1.0	2391.39045807	2502.6941586	2810.50223295	2502.74320907	2.1404292845	4686.84602002	4309.48408973	3967.0388336	3346.34714338	1067927.15648	2448323.1877	213866.982652	365842.601392	118034.496495	66628.5670254	21439.2836433	4139.62292628	3075.39114258	0.0451554294378	0.247249102273	0.0	0.0	2812.17812415	22.2604645588	0.0	0.0	2844.01188176	30.8221816968	3.1452174186706543	3.262425422668457	2.6374993324279785	2.6235547065734863	4.04123592376709	4.948670387268066	4.596256256103516	5.108256816864014	0.01062757894396782	0.0060226391069591045
unten	unten	52	18	2	309,313	p5	11	physics	1	5			0	0	0	0	0	0	0	0	0	0	0	0	ADV	unten	5.0	adv	unten	5.0	un-ten	2.0	87.8984493649	87.8984493649	94.1196844809	1130.79327688	3.8527727121	266.634729331	163.207349529	26745.0570632	63846.8651273	2173702.23911	4748712.74583	569635.049023	1029968.5785	419958.165341	524738.225499	32509.3788389	28906.6542257	2137.73410698	0.00839400986756	0.236815544579	1042.73950102	0.428085856899	1052.49237026	6.42128785349	1042.73950102	0.428085856899	1071.22147624	12.4144898501	1.1678380966186523	1.173032283782959	0.8859937191009521	0.5305113792419434	0.7078909873962402	1.1043939590454102	0.8836332559585571	0.6988564729690552	1.5456788539886475	1.6628494262695312
gekrümmt	gekrümmt.	53	19	2	314,321	p5	11	physics	1	8		$.	0	0	0	0	1	1	0	0	0	0	0	0	VVPP	gekrümmt	8.0	vvpp	krümmen	7.0	ge-krümmt	2.0	1.49603945627	2.34624767185	5.46912784832	202.006201991	55.22307554	22.6923173899	4.37619782897	43127.9317213	94194.7276946	1820206.46048	4347153.22905	196052.275608	313313.898235	128696.107519	103531.708319	23747.2147199	15623.9820749	363.692914374	0.0202375922125	0.232389837767	0.0	0.0	0.032700315984	0.856171713799	0.0	0.0	0.972834400523	1.7123434276	5.972712993621826	4.378818035125732	4.370454788208008	3.075194358825684	8.14538860321045	7.786804676055908	5.593886375427246	5.48369026184082	28.362301097775344	28.266452233918244
Daraus	Daraus	54	1	3	323,328	p5	11	physics	1	6			0	0	0	1	0	0	0	0	0	0	0	0	PAV	Daraus	6.0	adv	daraus	6.0	dar-aus	2.0	2.87762780659	15.0993709056	70.0604269957	47.3418824658	35.5311261227	124.051335065	28.6625439366	7900.96042218	12317.3143606	1297183.48827	3395746.11084	178478.74157	406998.775674	107802.461348	179384.241303	19121.5915224	4160.8290812	338.0722168	0.0011435221019	0.0110352329355	90.9068784354	0.856171713799	92.9915235794	3.4246868552	90.9068784354	0.856171713799	93.0487491324	4.70894442589	22.005672454833984	5.758121013641357	21.532093048095703	6.526261329650879	10.183745384216309	6.198420524597168	10.058945655822754	4.892871856689453	2.8141417503356934	4.692497730255127
ergeben	ergeben	55	2	3	329,335	p5	11	physics	1	7			0	0	0	0	0	0	0	0	0	0	0	0	VVFIN	ergeben	7.0	vvfin	ergeben	7.0	er-ge-ben	3.0	18.1323252131	61.7954221307	163.411654051	113.110392989	16.2672625622	437.709588765	116.807237797	69131.6480958	126603.823663	3340394.19266	7229730.13468	709351.767984	1275727.10383	405464.314362	496775.657326	45007.5949345	12349.7403108	330.019763989	0.0439820167439	0.297802156106	0.0	0.0	69.300144649	3.4246868552	0.0	0.0	86.5740865676	8.13363128109	3.2864160537719727	3.594061374664306	3.326390266418457	3.567159652709961	1.9526915550231934	2.253014087677002	2.1673295497894287	2.3844308853149414	0.7893588542938232	1.0813114643096924
sich	sich	56	3	3	336,339	p5	11	physics	1	4			0	0	0	0	0	0	0	0	0	0	0	0	PRF	sich	4.0	prf	sich	4.0	sich	1.0	6557.46793998	6557.46793998	6566.55045274	6557.81946837	0.856171713799	6282.99841154	11211.8033194	6926.29480396	1064.22144025	990057.517976	2298056.06212	287477.77288	411907.636196	194753.386357	108862.23341	48925.779496	15113.3748159	6879.41072592	0.109257424523	0.373105981887	0.0	0.0	1254.85010065	21.404292845	0.0	0.0	4636.93750684	29.5379241261	0.0093159507960081	0.0036197872832417	0.0237275175750255	0.0036821439862251	0.011974475346505642	0.0016261223936453462	0.004780292976647615	0.0010963627137243748	0.0005118728731758893	0.0007902836659923196
zwischen	zwischen	57	4	3	340,347	p5	11	physics	1	8			0	0	0	0	0	0	0	0	0	0	0	0	APPR	zwischen	8.0	appr	zwischen	8.0	zwi-schen	2.0	735.511857269	737.318549728	775.561569271	743.196431526	12.4144898501	2415.09291243	1311.77305845	7944.31286609	14019.3837276	2344393.87459	5097534.22546	657642.93817	1260086.55896	444775.571477	699547.941335	19838.2434724	2299.11834144	805.474183317	0.0884415280001	0.322548900074	0.0	0.0	38.1612687533	4.28085856899	0.0	0.0	40.3603650032	10.2740605656	7.839561462402344	8.065489768981934	7.9119696617126465	8.813011169433594	8.305418968200684	7.333596229553223	9.092301368713379	8.00098991394043	4.78164529800415	3.978945255279541
den	den	58	5	3	348,350	p5	11	physics	1	3			0	0	0	0	0	0	0	0	0	0	0	0	ART	den	3.0	art	d	1.0	den	1.0	9532.82881596	9841.63424996	80100.3069113	9841.63424996	0.428085856899	7940.04185472	15266.5057923	23354.2468477	22159.4362965	1464587.59747	2838670.7078	583323.017065	738089.367203	513926.807063	462012.089145	110461.430317	53801.2331077	11287.0372669	0.0645632931127	0.22424070987	26530.3631386	0.428085856899	39507.1238333	37.6715554072	26530.3631386	0.428085856899	40560.2456847	58.6477623952	1.94599187374115	1.799142599105835	1.6670880317687988	1.4074559211730957	1.5094828605651855	0.8974334597587585	1.2231117486953735	0.6040082573890686	0.24177169799804688	0.23369050025939941
Parabeln	Parabeln	59	6	3	351,358	p5	11	physics	1	8			0	0	0	0	0	0	0	0	1	0	0	0	NN	Parabeln	8.0	nn	Parabel	7.0	pa-ra-beln	3.0	0.220727132892	0.220727132892	1.20173661241	132.052051022	120.292125789	2.64743702882	0.372442368423	4753.08902922	27781.4878552	2330549.10853	5546227.70743	334805.602385	649047.080883	220647.605723	313459.447427	10343.3797233	2108.93330368	1032.41437625	0.0012395172963	0.260495794741	0.0	0.0	0.016350157992	0.428085856899	0.981009479519	0.428085856899	0.997359637511	0.856171713799	13.133818626403809	6.352786064147949	11.756616592407228	3.684007167816162	13.702479362487793	4.653156757354736	15.786279678344727	2.9714460372924805	1.789423793554306	0.021148356223420706
die	die	60	7	3	359,361	p5	11	physics	1	3			0	0	0	0	0	0	0	0	0	0	0	0	ART	die	3.0	art	d	1.0	die	1.0	20527.116504	24520.1275636	80100.3069113	24520.1275636	0.428085856899	9091.29875697	30440.211361	33694.5118659	1928.95487119	1361337.08551	2613060.47141	356516.797331	303924.26305	343523.065172	189343.230678	110461.430317	29991.8223867	29048.3692201	0.0938387928357	0.266249299869	0.0	0.0	15201.9436218	35.5311261227	0.0	0.0	15852.8515865	58.2196765383	4.517236709594727	3.864469528198242	3.212396144866944	3.890923976898194	2.6018497943878174	3.2592380046844482	3.364616632461548	3.582926034927368	0.029311181977391243	0.03360208496451378
so	so	61	8	3	362,363	p5	11	physics	1	2			0	0	0	0	0	0	0	0	0	0	0	0	ADV	so	2.0	adv	so	2.0	so	1.0	2876.40154474	2881.65812053	3315.19890985	0.0	0.0	3533.31988603	5044.40599322	7559.98605233	8425.15774964	385490.57713	1127504.08822	67552.2555341	43642.0688533	67539.3225592	31723.3024255	48925.779496	8037.09183762	-0.00817507899599	0.0178285087072	0.131475681059	0.0	0.0	1397.905808	42.8085856899	0.0	0.0	1576.88281246	60.3601058228	4.780718326568604	3.5435893535614014	4.693440437316895	3.911254405975342	6.323575019836426	4.921720504760742	6.6822428703308105	4.514908790588379	0.20184734463691711	0.2170003205537796
genannten	genannten	62	9	3	364,372	p5	11	physics	1	9			0	0	0	0	0	0	0	0	0	0	0	0	ADJA	genannten	9.0	adja			ge-nann-ten	3.0	40.2050385023	40.2050385023		79.8705217908	63.3567068211	275.585587857	74.3953630925	62224.6301282	143446.005531	4091892.99734	8924514.3366	811950.423672	1620305.39645	430113.591823	594185.737892	23747.2147199	15623.9820749	967.185420937	0.0183843544418	0.123503431379	0.0	0.0	5.57540387527	3.8527727121	0.0	0.0	13.5706311333	4.70894442589	0.410943865776062	0.0412060096859931	0.1675914376974105	0.0656560063362121	0.2719395160675049	0.08281837403774261	0.26812028884887695	0.08485537767410278	0.13618911802768707	0.2530015707015991
Standardbänder	Standardbänder.	63	10	3	373,386	p5	11	physics	1	14		$.	0	0	0	0	0	1	0	1	0	0	0	0	NN	Standardbänder	14.0	nn	Standardband	12.0	stan-dard-bän-der	4.0																													20.234254837036133	16.894886016845703	18.408935546875	16.337879180908203	16.46919822692871	17.288068771362305	21.134849548339844	18.33621597290039	34.967744101173594	34.12513847648006
Bei	Bei	64	1	4	388,390	p5	11	physics	1	3			0	0	0	1	0	0	0	0	0	0	0	0	APPR	Bei	3.0	appr	bei	3.0	bei	1.0	327.460964263	327.460964263	2489.87563473	327.460964263	0.428085856899	1367.71639646	620.644170113	5555.26048062	4566.8199214	1160001.6651	2421606.34937	118793.748782	214179.915924	40781.324346	81208.3151397	17498.1271098	8127.15668292	979.153736587	0.00843197312875	0.0257546831681	3195.07429908	0.856171713799	3346.99996714	28.6817524123	3195.07429908	0.856171713799	3444.13625577	39.3838988348	16.40488052368164	4.914951324462891	17.937545776367188	4.282705307006836	4.7243804931640625	5.185220241546631	4.774250030517578	4.965149879455566	0.19368262588977814	0.4842483401298523
der	der	65	2	4	391,393	p5	11	physics	1	3			0	0	0	0	0	0	0	0	0	0	0	0	ART	der	3.0	art	d	1.0	der	1.0	24738.5901996	26530.3631386	80100.3069113	26530.3631386	0.428085856899	9372.80956103	30912.3596552	38163.5169	19310.096833	1332151.97174	2710999.66609	487983.455471	535760.152056	398226.025843	178781.068331	110461.430317	53801.2331077	27238.2432288	0.129811235347	0.318759302208	0.0	0.0	25590.4497812	36.8153836934	0.0	0.0	33289.1996244	55.22307554	1.744787335395813	2.305959939956665	1.4159135818481443	2.2415781021118164	1.6458473205566406	1.8445786237716675	1.6596519947052002	1.5064657926559448	0.11266057193279266	0.35774052143096924
Absorption	Absorption	66	3	4	394,403	p5	11	physics	1	10			0	0	0	0	0	0	0	0	1	0	0	0	NN	Absorption	10.0	nn	Absorption	10.0	ab-sorp-ti-on	4.0	1.12816090145	1.12816090145	1.14451105944	59.8497533297	67.2094795332	7.1859005068	2.09498832238	17907.5677663	71726.2134094	2090898.01665	5287145.43789	308547.788205	585755.015026	243306.635678	357737.651863	19822.5963712	2837.67619554	632.791989685	0.0197971298905	0.134056031234	0.0	0.0	0.32700315984	0.856171713799	0.0	0.0	0.335178238836	1.2842575707	12.630097389221191	7.258457183837891	11.398058891296388	3.746204376220703	11.881462097167969	7.887393951416016	12.439959526062012	7.355722904205322	0.018715466661859637	0.001697820648587367
eines	eines	67	4	4	404,408	p5	11	physics	1	5			0	0	0	0	0	0	0	0	0	0	0	0	ART	eines	5.0	art	eine	4.0	ei-nes	2.0	964.814648028	996.591180085	17543.4333976	7303.86082739	14.1268332777	2911.67645798	1770.37376144	17195.1259819	8521.04898158	2656542.58071	5696942.18272	367047.786942	545487.118897	215066.422067	203192.664321	45007.5949345	21503.4825387	20569.6023896	0.0495844122944	0.245308794672	6240.92070617	1.2842575707	6269.57435805	14.9830049915	10843.2040532	1.7123434276	11254.5822033	25.685151414	3.251044750213623	1.852813482284546	3.4921274185180664	1.991598129272461	3.7098677158355713	3.88283371925354	4.885473251342773	3.839672088623047	0.08529694378376007	0.07747840136289597
Photons	Photons	68	5	4	409,415	p5	11	physics	1	7			0	0	0	0	0	0	0	1	0	0	0	0	NN	Photons	7.0	nn	Photon	6.0	pho-tons	2.0	0.032700315984	0.032700315984	0.277952685864	2.20727132892	15.4110908484	0.252136859888	0.0620737280705	147.192297323	1541.53717069	1473155.62799	3750440.07226	132921.846727	365407.666162	82677.4106389	180443.325713	10343.3797233	496.832250902	50.0805339295	0.0061001505	0.25283530175	0.0572255529719	0.428085856899	0.0735757109639	1.2842575707	2.00289435402	1.2842575707	2.01924451201	2.1404292845	6.1854095458984375	0.7117325663566589	4.123983860015869	0.192650631070137	8.394691467285156	6.833367347717285	4.952224254608154	4.133304119110107	0.1646277904510498	0.0035294581393827684
kann	kann	69	6	4	416,419	p5	11	physics	1	4			0	0	0	0	0	0	0	0	0	0	0	0	VMFIN	kann	4.0	vmfin	können	6.0	kann	1.0	1325.79343618	1325.79343618	3346.01895766	1326.12861441	3.8527727121	2506.87072943	2422.9859015	1631.77846792	157.107509482	1243505.69068	2838879.6137	271586.114193	396834.305088	224930.07998	258268.906412	11052.747678	2573.61296889	1463.46994155	0.0336937487676	0.238078476838	0.0	0.0	1934.49346806	19.6919494174	0.0	0.0	1937.19124413	26.1132372709	3.914274454116821	2.6503777503967285	4.221753120422363	4.052258491516113	3.4380459785461426	3.230717897415161	4.100553035736084	3.9947900772094727	0.18651996552944183	0.3108677566051483
ein	ein	70	7	4	420,422	p5	11	physics	1	3			0	0	0	0	0	0	0	0	0	0	0	0	ART	ein	3.0	art	eine	4.0	ein	1.0	4621.55200817	4999.44503476	17543.4333976	4999.44503476	0.428085856899	5809.23325181	8404.82933604	11022.7206128	11717.9941609	1614569.79583	3344143.78548	401662.305848	493686.589782	324158.412201	289382.186491	45007.5949345	21503.4825387	20569.6023896	0.0272545875843	0.196343258894	0.0	0.0	1145.39396797	31.6783534106	13165.4578681	0.428085856899	22077.4630101	57.7915906814	2.042089462280273	0.9549267292022704	1.6295726299285889	0.6883912682533264	3.3807473182678223	3.381237745285034	2.7952609062194824	2.9555234909057617	0.40838876366615295	0.44988924264907837
Elektron	Elektron	71	8	4	423,430	p5	11	physics	1	8			0	0	0	0	0	0	0	0	1	0	0	0	NN	Elektron	8.0	nn	Elektron	8.0	e-lek-tron	3.0	0.776632504619	0.776632504619	5.39555213736	56.9884756811	26.9694089847	4.16025818814	1.36562201755	5376.07909919	22793.4314506	2216767.88491	5348315.05407	297054.747122	567104.170412	227604.205545	301983.749861	14903.9783425	524.202415381	220.048601335	0.0135507051684	0.138045621116	0.0	0.0	0.613130924699	2.5685151414	0.0	0.0	1.03823503249	4.70894442589	0.2476692050695419	0.203462541103363	0.8691521883010864	0.3869490921497345	4.630407333374023	3.438124656677246	3.194324493408203	3.5832443237304688	0.12446846812963486	0.0010506522230571136
aus	aus	72	9	4	431,433	p5	11	physics	1	3			0	0	0	0	0	0	0	0	0	0	0	0	APPR	aus	3.0	appr	aus	3.0	aus	1.0	2366.71806966	2877.24357788	3047.3996721	2877.24357788	0.428085856899	4921.08116286	5006.30824262	7041.84954557	10996.2414062	691880.798486	1839111.63623	154052.594714	244752.951652	136403.612872	161007.799724	41334.1231877	16266.7803613	4798.31356622	0.0510223759777	0.292714090181	9745.02934146	0.856171713799	9978.06814332	29.966009983	9745.02934146	0.856171713799	10279.6059321	50.0860452572	1.7983548641204834	1.470757007598877	1.7964271306991575	1.4634814262390137	2.927546977996826	3.1176512241363525	3.592479944229126	3.298487663269043	0.056122247129678726	0.031441204249858856
dem	dem	73	10	4	434,436	p5	11	physics	1	3			0	0	0	0	0	0	0	0	0	0	0	0	ART	dem	3.0	art	d	1.0	dem	1.0	5100.87323987	5616.24656993	80100.3069113	5616.24656993	0.428085856899	6562.36605229	9206.65119996	6667.98683292	1002.148991	1098350.78654	2107258.1957	260311.257794	170837.935256	214520.302265	48324.4719561	110461.430317	53801.2331077	5810.24119451	0.0776634434188	0.228051977566	43473.0753814	1.2842575707	43630.2003997	29.966009983	43473.0753814	1.2842575707	43925.3698019	41.0962422623	0.9089182615280152	0.1508099436759948	1.0307883024215698	0.222757339477539	1.562086820602417	1.1953669786453247	1.3239033222198486	1.2379446029663086	0.1387486457824707	0.07966039329767227
Valenzband	Valenzband	74	11	4	437,446	p5	11	physics	1	10			0	0	0	0	0	0	0	1	0	0	0	0	NN	Valenzband	10.0	nn	Valenzband	10.0	va-lenz-band	3.0	0.00817507899599	0.00817507899599	0.00817507899599	4.37366726286	24.8289797002	0.126068429944	0.0155184320176	1078.05584228	5407.58054435	2733115.67622	6027290.90146	401100.555295	847036.361613	104160.005851	119636.726342	10632.1480387	500.584612162	44.0963761044	7.639e-06	1.0	0.0	0.0	0.0	0.0	0.0	0.0	0.0	0.0	2.605926275253296	0.9633811712265016	1.811793565750122	1.3188196420669556	12.625289916992188	1.9207974672317505	7.942446231842041	2.587862014770508	3.123789368197322	0.001803653227398172
in	in	75	12	4	447,448	p5	11	physics	1	2			0	0	0	0	0	0	0	0	0	0	0	0	APPR	in	2.0	appr	in	2.0	in	1.0	13129.4221199	13165.4578681	14298.1641135	0.0	0.0	8527.89894355	19687.5208529	18583.5486983	15158.092107	842500.587604	1735372.30627	309490.415689	350022.68855	273957.116004	252232.89583	37971.7622471	15391.66268	-0.00817507899599	0.0682365415668	0.281559937821	0.0	0.0	9683.14399346	42.380499833	0.0	0.0	17389.6438116	75.7711966712	0.5834402441978455	0.4477205574512481	0.4913347065448761	0.7461879849433899	2.519686698913574	1.8739920854568481	2.8596768379211426	2.578169822692871	1.6089866161346436	1.334847092628479
das	das	76	13	4	449,451	p5	11	physics	1	3			0	0	0	0	0	0	0	0	0	0	0	0	ART	das	3.0	art	d	1.0	das	1.0	5535.50948977	7683.24989344	80100.3069113	7683.24989344	0.428085856899	6503.8703008	12246.2154424	9530.4416929	290.670296835	734069.119328	1662118.68252	216547.190476	169684.671958	215247.31204	124039.161294	110461.430317	19319.7963127	7903.50287175	0.0288325249482	0.178984875387	0.0	0.0	15300.9683536	34.6749544089	0.0	0.0	16474.0513142	50.942216971	0.9639661312103271	0.443568468093872	0.2958512902259826	0.3061283230781555	2.1835432052612305	1.866510033607483	1.5982303619384766	1.1340731382369995	0.43724995851516724	0.29311496019363403
Leitungsband	Leitungsband	77	14	4	452,463	p5	11	physics	1	12			0	0	0	0	0	0	0	1	0	0	0	0	NN	Leitungsband	12.0	nn	Leitungsband	12.0	lei-tungs-band	3.0																													0.2468967288732528	0.0712376236915588	0.1018402501940727	0.0422505885362625	10.147817611694336	4.35076379776001	6.731376647949219	6.371572971343994	2.6603923588991165	0.02099049903335981
angeregt	angeregt	78	15	4	464,471	p5	11	physics	1	8			0	0	0	0	0	0	0	0	0	0	0	0	VVPP	angeregt	8.0	vvpp	anregen	7.0	an-ge-regt	3.0	11.6494875693	11.6494875693	19.2196107196	93.8008564	56.5073331107	101.359017675	22.036173465	55895.9172486	113465.440629	3147008.5379	7199625.42488	499487.173207	986122.740777	175441.45447	204253.032988	41334.1231877	8435.34898599	1078.74254892	0.0398516471112	0.281079681484	22.350665975	0.428085856899	23.1926991116	1.7123434276	22.350665975	0.428085856899	24.7132638049	2.5685151414	4.0277862548828125	3.891761064529419	1.6771382093429563	2.180095911026001	7.8333611488342285	7.951297760009766	9.251853942871094	8.87109375	0.20722111489521922	0.002776034087219159
werden	werden.	79	16	4	472,477	p5	11	physics	1	6		$.	0	0	0	0	0	1	0	0	0	0	0	0	VAINF	werden	6.0	vainf	werden	6.0	wer-den	2.0	1917.62828009	2700.75179743	8998.09689884	2746.965519	21.8323787019	5182.42101813	4801.51149528	27766.5331837	27383.7960941	2636081.51067	5388986.20707	706673.440428	1134529.40522	412109.304698	481425.782755	34258.3961147	9994.2302745	3399.46762414	0.105793166509	0.538682739217	0.0	0.0	1484.61069583	16.6953484191	0.0	0.0	1872.33016737	25.685151414	0.4411326646804809	0.872193455696106	0.4017894268035888	0.7662971615791321	0.44942227005958557	0.6722211241722107	0.5646122694015503	0.69126296043396	27.982356822118163	26.72319011739455
Weil	Weil	80	1	5	479,482	p5	11	physics	1	4			0	0	0	1	0	0	0	0	0	0	0	0	KOUS	Weil	4.0	kous	weil	4.0	weil	1.0	48.4455181303	49.4755780837	603.917610671	144.674372992	6.42128785349	222.762915711	93.5140713382	636.397199522	49.6579594003	1322793.46831	2909809.58741	128007.692292	241310.713277	37821.4225444	76007.9281501	13240.8075713	4570.94826919	968.428032944	0.00170649636963	0.0140279446406	831.675311499	0.856171713799	980.903203492	18.8357777036	831.675311499	0.856171713799	1031.09001345	26.9694089847	18.666667938232425	5.771592617034912	15.847814559936523	6.315924167633057	7.816017150878906	8.311969757080078	7.628740310668945	7.773832321166992	2.8816421031951904	4.223667144775391
der	der	81	2	5	483,485	p5	11	physics	1	3			0	0	0	0	0	0	0	0	0	0	0	0	ART	der	3.0	art	d	1.0	der	1.0	24738.5901996	26530.3631386	80100.3069113	26530.3631386	0.428085856899	9372.80956103	30912.3596552	38163.5169	19310.096833	1332151.97174	2710999.66609	487983.455471	535760.152056	398226.025843	178781.068331	110461.430317	53801.2331077	27238.2432288	0.129811235347	0.318759302208	0.0	0.0	25590.4497812	36.8153836934	0.0	0.0	33289.1996244	55.22307554	2.815349102020264	3.1735646724700928	3.1362760066986084	2.994004487991333	3.0246479511260986	3.137917995452881	2.984173536300659	3.11401629447937	0.0022150760050863028	0.002447230741381645
Wellenvektor	Wellenvektor	82	3	5	486,497	p5	11	physics	1	12			0	0	0	0	0	0	0	1	0	0	0	0	NN	Wellenvektor	12.0	nn	Wellenvektor	12.0	wel-len-vek-tor	4.0	0.00817507899599	0.00817507899599	0.00817507899599	21.1979798366	180.652231612	0.126068429944	0.0155184320176	7466.75745146	20106.3365269	3957840.98682	9136584.64542	434427.196781	928442.880504	159682.771619	203511.588284	13240.8075713	4570.94826919	879.744775996	1.027e-06	8.7153e-05	0.0	0.0	0.0	0.0	0.0	0.0	0.0	0.0	21.645109176635746	4.279704570770264	22.648887634277344	6.39550256729126	24.875873565673828	15.443246841430664	22.0080623626709	15.29235553741455	0.03686140134232119	0.013651668923557736
des	des	83	4	5	498,500	p5	11	physics	1	3			0	0	0	0	0	0	0	0	0	0	0	0	ART	des	3.0	art	d	1.0	des	1.0	7101.07799289	7101.07799289	80100.3069113	7101.07799289	0.428085856899	7430.34719246	10967.4656073	9589.02430898	7300.14811771	1261615.62435	2602206.35451	326044.476501	328517.367443	261724.107647	165779.244685	110461.430317	53801.2331077	7725.99738151	0.121698304848	0.352013185599	44055.247282	1.2842575707	49782.1108458	35.9592119796	44055.247282	1.2842575707	54875.2749862	52.2264745417	2.8800835609436035	1.0856409072875977	3.716491222381592	1.4069623947143557	4.341011047363281	3.096372604370117	4.091773986816406	2.338705062866211	0.46240708231925964	0.7633016705513
Photons	Photons	84	5	5	501,507	p5	11	physics	1	7			0	0	0	0	0	0	0	1	0	0	0	0	NN	Photons	7.0	nn	Photon	6.0	pho-tons	2.0	0.032700315984	0.032700315984	0.277952685864	2.20727132892	15.4110908484	0.252136859888	0.0620737280705	147.192297323	1541.53717069	1473155.62799	3750440.07226	132921.846727	365407.666162	82677.4106389	180443.325713	10343.3797233	496.832250902	50.0805339295	0.0061001505	0.25283530175	0.0572255529719	0.428085856899	0.0735757109639	1.2842575707	2.00289435402	1.2842575707	2.01924451201	2.1404292845	6.78565788269043	0.6188677549362183	5.036627769470215	0.438728779554367	8.69831657409668	1.5443981885910034	6.8574042320251465	1.4975864887237549	0.05774798430502415	0.003389397985301912
sehr	sehr	85	6	5	508,511	p5	11	physics	1	4			0	0	0	0	0	0	0	0	0	0	0	0	ADV	sehr	4.0	adv	sehr	4.0	sehr	1.0	777.19658507	777.19658507	827.751273581	852.145709305	2.9966009983	1805.17384836	1411.99109242	837.912896773	43.6647574037	1592172.87526	3664758.688	232105.894545	237107.766334	180879.525193	108412.74326	48925.779496	10190.9226751	1157.73833725	0.0128400582399	0.150223270641	1245.84116359	0.428085856899	1405.32060465	14.9830049915	1245.84116359	0.428085856899	1410.56083028	18.4076918467	5.795456886291504	6.288439750671387	5.611265182495117	5.667914390563965	4.694482803344727	3.124924898147583	4.5022125244140625	4.756155967712402	1.090397834777832	1.0423429012298584
klein	klein	86	7	5	512,516	p5	11	physics	1	5			0	0	0	0	0	0	0	0	0	0	0	0	ADJD	klein	5.0	adjd	klein	5.0	klein	1.0	40.9571457699	40.9571457699	660.10492861	43.9246994455	5.13703028279	194.901792693	76.1955012066	160.534026244	971.326809305	1835336.95391	4066524.97025	402047.540095	587427.974555	276950.323078	297241.414738	11052.747678	1207.8515715	694.562886579	0.00710186417269	0.154499461276	0.0	0.0	6.89159159362	8.98980299489	611.373282715	0.856171713799	618.804429523	13.2706615639	1.1455409526824951	1.9526541233062744	1.4117594957351685	1.2387951612472534	2.5114307403564453	1.5327428579330444	0.7460559606552124	0.6644313335418701	1.9668556451797485	1.5543415546417236
ist	ist,	87	8	5	517,519	p5	11	physics	1	3		$,	0	0	0	0	0	0	0	0	0	0	0	0	VAFIN	ist	3.0	vafin	sein	4.0	ist	1.0	6193.1128442	6201.98280491	17044.4184006	6201.98280491	0.428085856899	5647.61352462	10628.2947571	6392.98535058	321.920564388	917956.027182	2251465.76597	202181.475685	311508.232091	153618.244592	108375.49979	37971.7622471	6331.86028492	6216.50992029	0.0707295422332	0.285080866351	0.0	0.0	174.505236248	21.8323787019	0.0	0.0	350.048707529	42.380499833	0.5570298433303833	0.3822873830795288	0.405985414981842	0.4238297939300537	0.465183824300766	0.25462472438812256	0.32406654953956604	0.1377412974834442	28.895568504929543	29.600120006129146
wird	wird	88	9	5	521,524	p5	11	physics	1	4			0	0	1	0	0	0	0	0	0	0	0	0	VAFIN	wird	4.0	vafin	werden	6.0	wird	1.0	2344.60448097	2347.81728702	8998.09689884	2352.31358046	4.70894442589	4665.03618164	4186.0194446	2383.28895478	15.8391767053	988692.582261	1945833.01227	114090.380583	81194.6163923	94464.2477104	32816.2056182	34258.3961147	10849.3026621	4840.94660319	0.0454900900655	0.324052246465	0.0	0.0	89.680616586	11.5583181363	0.0	0.0	1784.98762338	16.2672625622	2.9318532943725586	1.887467861175537	2.9345831871032715	2.0208680629730225	2.8472304344177246	2.388108253479004	2.915652275085449	2.061833143234253	3.802285671234131	3.144486665725708
die	die	89	10	5	525,527	p5	11	physics	1	3			0	0	0	0	0	0	0	0	0	0	0	0	ART	die	3.0	art	d	1.0	die	1.0	20527.116504	24520.1275636	80100.3069113	24520.1275636	0.428085856899	9091.29875697	30440.211361	33694.5118659	1928.95487119	1361337.08551	2613060.47141	356516.797331	303924.26305	343523.065172	189343.230678	110461.430317	29991.8223867	29048.3692201	0.0938387928357	0.266249299869	0.0	0.0	15201.9436218	35.5311261227	0.0	0.0	15852.8515865	58.2196765383	1.4707614183425903	1.2366807460784912	1.8226454257965088	1.6815375089645386	2.3590633869171143	1.986591100692749	1.962761402130127	1.6816926002502441	0.004425137769430876	0.0035950809251517057
Wahrscheinlichkeit	Wahrscheinlichkeit	90	11	5	528,545	p5	11	physics	1	18			0	0	0	0	0	0	0	0	0	0	0	0	NN	Wahrscheinlichkeit	18.0	nn	Wahrscheinlichkeit	18.0	wahr-schein-lich-keit	4.0	13.5379308174	13.5379308174	14.8050680617	17.2821169975	57.3635048245	79.6752477245	24.5346410199	9422.65327633	14043.7846214	5404331.77979	12293572.7189	857699.857975	1659723.54215	313450.096951	506564.26853	13240.8075713	2611.21833227	465.652499612	0.014601154023	0.131468845121	0.0	0.0	0.00817507899599	0.428085856899	0.0	0.0	0.024525236988	1.2842575707	5.47264289855957	5.736328601837158	4.314453601837158	2.894568920135498	6.718348979949951	7.514585494995117	5.584651470184326	7.396651268005371	0.00024483657398377545	0.00043673391337506473
für	für	91	12	5	546,548	p5	11	physics	1	3			0	0	0	0	0	0	0	0	0	0	0	0	APPR	für	3.0	appr	für	3.0	für	1.0	4142.64770551	4142.64770551	4410.71672087	4142.64770551	0.428085856899	6477.7741358	6745.41236353	4814.18956963	683.225027612	437137.938525	1106552.71021	139429.879964	98428.9249052	138396.590855	85892.8586717	12864.091756	5154.69795998	4240.65872759	0.0803926507172	0.306544376813	0.0	0.0	460.657526345	15.8391767053	0.0	0.0	478.724450926	24.4008938433	1.8993597030639648	1.720945119857788	2.1865179538726807	1.4179222583770752	1.8182789087295532	1.6903176307678223	2.073294162750244	1.9618184566497803	0.02172120474278927	0.017095467075705528
einen	einen	92	13	5	549,553	p5	11	physics	1	5			0	0	0	0	0	0	0	0	0	0	0	0	ART	einen	5.0	art	eine	4.0	ei-nen	2.0	1964.53688337	2019.39166343	17543.4333976	7303.86082739	14.1268332777	4198.07871713	3586.62000791	27432.3768297	26896.634389	2859514.55384	5933406.53601	624326.327506	955059.118657	461556.498907	499462.324164	45007.5949345	21503.4825387	20569.6023896	0.0187226863739	0.182841381842	2431.18674262	0.428085856899	5300.88472258	16.2672625622	7033.4700896	0.856171713799	11104.7330053	35.1030402658	1.998590111732483	2.022372245788574	1.7604386806488037	2.424941062927246	1.9575510025024414	1.8429419994354248	1.7177716493606567	2.230325222015381	0.0006593675934709609	0.000691770575940609
solchen	solchen	93	14	5	554,560	p5	11	physics	1	7			0	0	0	0	0	0	0	0	0	0	0	0	PIDAT	solchen	7.0	adja	solch	5.0	sol-chen	2.0	168.210425422	177.857018637	669.825097537	554.924362248	36.8153836934	802.299488162	333.227290715	8507.02807863	16884.9904537	2148499.5088	5029082.86886	623641.689165	1092081.6959	434345.094463	560226.971121	48925.779496	8037.09183762	2087.46554623	0.00744805752388	0.0925685042962	0.0	0.0	167.973348131	6.42128785349	265.575616264	0.428085856899	433.728816132	8.98980299489	2.707838296890259	1.147714614868164	4.596686363220215	1.5143802165985107	4.677696228027344	4.19565486907959	3.9204719066619873	2.613098621368408	1.1740570068359375	3.056607246398926
Übergang	Übergang	94	15	5	561,568	p5	11	physics	1	8			0	0	0	0	0	0	0	0	0	0	0	0	NN	Übergang	8.0	nn	Übergang	8.0	ü-ber-gang	3.0	27.3619893996	27.3619893996	36.0357482143	62.2123511595	55.6511613969	140.062025668	51.024604474	17118.7135186	25828.1320902	2174970.79882	5047404.51545	333685.910865	768923.96339	72342.6147485	156835.246877	857.394110021	849.734061001	785.028310748	0.0082027800965	0.131869233508	0.0	0.0	0.498679818756	2.5685151414	0.0	0.0	3.61338491623	5.13703028279	3.799433946609497	0.634384036064148	4.182127475738525	1.3850622177124023	5.755499839782715	5.5868730545043945	5.706876277923584	8.492209434509277	0.6006830930709839	0.5588902235031128
viel	viel	95	16	5	569,572	p5	11	physics	1	4			0	0	0	0	0	0	0	0	0	0	0	0	ADV	viel	4.0	adv	viel	4.0	viel	1.0	233.889010075	408.475997114	864.383802562	585.7689353	4.70894442589	1188.57315751	740.120578217	1160.81216696	639.988356065	1341666.61101	2949205.90074	146955.457109	248568.480895	48926.9403572	59787.3269463	23102.1601118	1680.39566271	1611.59419788	0.0137360871997	0.146642989058	0.0	0.0	416.65107611	18.4076918467	0.0	0.0	642.84733685	24.4008938433	5.297991752624512	5.567254543304443	5.897891521453857	5.441705703735352	5.191892623901367	5.381662368774414	5.166934013366699	6.017218589782715	3.449707508087158	4.097990989685059
größer	größer,	96	17	5	573,578	p5	11	physics	1	6		$,	0	0	0	0	1	0	0	0	0	0	0	0	ADJD	größer	6.0	adjd	groß	4.0	grö-ßer	2.0	49.7944061646	49.7944061646	1357.34106602	104.935313993	5.99320199659	278.863367036	91.0000853514	1053.16272674	1219.61660631	1616990.40402	3736118.03183	312574.832118	465881.557205	220117.288349	155412.289489	23747.2147199	2182.14931116	379.217389387	0.0175357218962	0.183034529248	106.120700447	0.428085856899	107.502288797	3.8527727121	172.902920765	0.856171713799	193.177116675	7.27745956729	2.2308897972106934	1.2755006551742554	3.3324553966522217	1.6122393608093262	2.871245861053467	3.334733009338379	3.047624111175537	3.227017402648926	25.129902958869934	23.799622416496277
wenn	wenn	97	18	5	580,583	p5	11	physics	1	4			0	0	1	0	0	0	0	0	0	0	0	0	KOUS	wenn	4.0	kous	wenn	4.0	wenn	1.0	1585.0006659	1585.0006659	2088.08685224	1585.4666454	2.9966009983	2661.17848768	2817.54203555	2101.8782105	31.2502675537	1776805.08871	3658477.81231	442613.696362	690452.401134	254237.860807	255497.050488	34258.3961147	9994.2302745	2369.39949557	0.0172353479473	0.0924751899403	0.0	0.0	1407.19269774	17.9796059898	0.0	0.0	1425.87275324	23.5447221295	1.1217436790466309	0.7109943628311157	0.4580756425857544	0.601544201374054	0.9678385853767395	2.175541877746582	1.5963916778564453	2.609191417694092	2.1981213092803955	3.536106586456299
der	der	98	19	5	584,586	p5	11	physics	1	3			0	0	0	0	0	0	0	0	0	0	0	0	ART	der	3.0	art	d	1.0	der	1.0	24738.5901996	26530.3631386	80100.3069113	26530.3631386	0.428085856899	9372.80956103	30912.3596552	38163.5169	19310.096833	1332151.97174	2710999.66609	487983.455471	535760.152056	398226.025843	178781.068331	110461.430317	53801.2331077	27238.2432288	0.129811235347	0.318759302208	0.0	0.0	25590.4497812	36.8153836934	0.0	0.0	33289.1996244	55.22307554	2.162351131439209	2.1265692710876465	1.9268499612808228	1.8556931018829343	2.614842653274536	2.3791370391845703	2.245739221572876	2.503450870513916	0.0037397462874650955	0.002682304009795189
Wellenvektor	Wellenvektor	99	20	5	587,598	p5	11	physics	1	12			0	0	0	0	0	0	0	1	0	0	0	0	NN	Wellenvektor	12.0	nn	Wellenvektor	12.0	wel-len-vek-tor	4.0	0.00817507899599	0.00817507899599	0.00817507899599	21.1979798366	180.652231612	0.126068429944	0.0155184320176	7466.75745146	20106.3365269	3957840.98682	9136584.64542	434427.196781	928442.880504	159682.771619	203511.588284	13240.8075713	4570.94826919	879.744775996	1.027e-06	8.7153e-05	0.0	0.0	0.0	0.0	0.0	0.0	0.0	0.0	1.5937604904174805	1.752535104751587	1.2785121202468872	1.2842600345611572	1.1379190683364868	1.7244486808776855	3.9324986934661865	2.5061891078948975	0.04486319288116647	0.015638684475561604
des	des	100	21	5	599,601	p5	11	physics	1	3			0	0	0	0	0	0	0	0	0	0	0	0	ART	des	3.0	art	d	1.0	des	1.0	7101.07799289	7101.07799289	80100.3069113	7101.07799289	0.428085856899	7430.34719246	10967.4656073	9589.02430898	7300.14811771	1261615.62435	2602206.35451	326044.476501	328517.367443	261724.107647	165779.244685	110461.430317	53801.2331077	7725.99738151	0.121698304848	0.352013185599	44055.247282	1.2842575707	49782.1108458	35.9592119796	44055.247282	1.2842575707	54875.2749862	52.2264745417	1.0180466175079346	1.600406050682068	0.8854647278785706	0.8218075037002563	4.505746841430664	2.810789108276367	2.4924416542053223	2.5695574283599854	0.02833213470876217	0.0841965600848198
Elektrons	Elektrons	101	22	5	602,610	p5	11	physics	1	9			0	0	0	0	0	0	0	0	1	0	0	0	NN	Elektrons	9.0	nn	Elektron	8.0	e-lek-trons	3.0	0.277952685864	0.277952685864	5.39555213736	25.4163205985	26.1132372709	1.51282115933	0.465552960529	5366.849435	22694.1155318	2486671.46157	6092341.97211	185579.754162	517652.120309	90138.2575082	187999.897259	14903.9783425	524.202415381	220.048601335	0.000146537852941	0.252555916941	0.0	0.0	0.024525236988	1.2842575707	0.776632504619	0.428085856899	0.801157741607	1.7123434276	2.1097357273101807	2.6710031032562256	1.8864164352416992	2.3397765159606934	4.5038628578186035	4.715291976928711	3.986737012863159	1.6591811180114746	0.023788309656083584	0.046869609534041956
dabei	dabei	102	23	5	611,615	p5	11	physics	1	5			0	0	0	0	0	0	0	0	0	0	0	0	PAV	dabei	5.0	adv	dabei	5.0	da-bei	2.0	284.836102378	284.836102378	388.267201836	285.171280617	4.28085856899	1050.023953	536.425639553	11965.9530523	12861.4114847	1683428.61701	3488083.80209	280066.524215	281984.862884	157129.203943	43849.2624081	110461.430317	19319.7963127	290.983761783	0.00784920920386	0.162390960138	0.0	0.0	103.741752459	5.56511613969	0.0	0.0	103.823503249	8.13363128109	8.48460578918457	9.01710605621338	7.966154098510742	7.946568965911865	6.506126403808594	6.704231262207031	7.997054100036621	8.3827486038208	4.505728721618652	4.290201187133789
erhalten	erhalten	103	24	5	616,623	p5	11	physics	1	8			0	0	0	0	0	0	0	0	0	0	0	0	ADJD	erhalten	8.0	adjd	erhalten	8.0	er-hal-ten	3.0	0.237077290884	172.093587945	327.951469003	209.797052274	29.1098382692	1052.5453216	323.869676208	38832.3936884	74693.7045694	3257699.44268	7444404.06168	729294.243714	1354013.73299	422426.270741	541642.05173	45007.5949345	12349.7403108	715.123210253	0.0419547885298	0.316373192632	0.0	0.0	2.10099530197	5.56511613969	0.0	0.0	96.4414069157	13.6987474208	9.76438331604004	9.398799896240234	8.96796989440918	6.10694694519043	8.995914459228516	8.926346778869629	6.796087265014648	6.825905799865723	4.20645809173584	4.356405735015869
bleibt	bleibt,	104	25	5	624,629	p5	11	physics	1	6		$,	0	0	0	0	1	0	0	0	0	0	0	0	VVFIN	bleibt	6.0	vvfin	bleiben	7.0	bleibt	1.0	180.92267326	180.92267326	662.541102151	209.004069612	12.842575707	789.314439878	339.186368609	197.714285518	20.1200352743	1742794.58552	4042057.29501	229815.768791	335765.289086	118093.226263	111679.038348	20337.830725	1228.46094565	427.622032122	0.0271026732421	0.223453639199	0.0	0.0	25.9068253383	4.28085856899	0.0	0.0	33.1417702498	8.13363128109	1.996664762496948	1.858121633529663	2.1693365573883057	1.8389253616333008	2.5397400856018066	3.5662777423858643	2.9290950298309326	3.8973939418792725	24.648147825151682	23.22232599556446
als	als	105	26	5	631,633	p5	11	physics	1	3			0	0	1	0	0	0	0	0	0	0	0	0	KOKOM	als	3.0	kokom	als	3.0	als	1.0	3463.41309205	4153.65136184	4541.08470562	4153.65136184	0.428085856899	5247.34625955	6981.83567532	4603.69763565	302.228614971	681961.550037	1925878.64622	141980.120382	218560.946583	127440.529836	138813.260388	41334.1231877	9001.42415599	4724.78690573	0.0390845361957	0.243678478051	0.0	0.0	3467.69683344	19.2638635605	0.0	0.0	4065.34415852	32.9626109813	3.319720983505249	3.917673110961914	3.724910020828247	4.708220481872559	4.316632270812988	3.829514980316162	2.88454270362854	3.2710471153259277	1.232559084892273	2.898869752883911
wenn	wenn	106	27	5	634,637	p5	11	physics	1	4			0	0	0	0	0	0	0	0	0	0	0	0	KOUS	wenn	4.0	kous	wenn	4.0	wenn	1.0	1585.0006659	1585.0006659	2088.08685224	1585.4666454	2.9966009983	2661.17848768	2817.54203555	2101.8782105	31.2502675537	1776805.08871	3658477.81231	442613.696362	690452.401134	254237.860807	255497.050488	34258.3961147	9994.2302745	2369.39949557	0.0172353479473	0.0924751899403	0.0	0.0	1407.19269774	17.9796059898	0.0	0.0	1425.87275324	23.5447221295	0.1607321798801422	0.1292963325977325	0.1282396763563156	0.1367122530937194	1.263086199760437	1.4511326551437378	0.2131994217634201	0.19860060513019562	2.16055965423584	2.574216365814209
wegen	wegen	107	28	5	638,642	p5	11	physics	1	5			0	0	0	0	0	0	0	0	0	0	0	0	APPR	wegen	5.0	appr	wegen	5.0	we-gen	2.0	216.974771633	221.610041423	242.873421892	221.699967292	3.8527727121	1093.3914929	394.10609952	21862.7036849	46450.3120746	2209301.01301	4650522.69283	502929.388319	847276.089693	398545.52428	497238.418137	34258.3961147	9994.2302745	371.974269397	0.035101293455	0.253070386921	942.128803814	0.428085856899	1140.03929123	17.5515201329	942.128803814	0.428085856899	1143.45647425	23.1166362726	10.482722282409668	10.058717727661133	9.710752487182615	8.661789894104004	11.187936782836914	10.819369316101074	10.371706008911133	9.54183578491211	1.1780563592910767	1.092760443687439
der	der	108	29	5	643,645	p5	11	physics	1	3			0	0	0	0	0	0	0	0	0	0	0	0	ART	der	3.0	art	d	1.0	der	1.0	24738.5901996	26530.3631386	80100.3069113	26530.3631386	0.428085856899	9372.80956103	30912.3596552	38163.5169	19310.096833	1332151.97174	2710999.66609	487983.455471	535760.152056	398226.025843	178781.068331	110461.430317	53801.2331077	27238.2432288	0.129811235347	0.318759302208	0.0	0.0	25590.4497812	36.8153836934	0.0	0.0	33289.1996244	55.22307554	0.7495627403259277	0.6063148379325867	0.4189537465572357	0.5208154916763306	1.2358535528182983	1.1989176273345947	1.4367839097976685	1.2390161752700806	0.17981964349746704	0.20871306955814362
Impulserhaltung	Impulserhaltung	109	30	5	646,660	p5	11	physics	1	15			0	0	0	0	0	0	0	1	0	0	0	0	NN	Impulserhaltung	15.0	nn	Impulserhaltung	15.0	im-puls-er-hal-tung	5.0																													6.542602062225342	8.291604042053223	6.827306270599365	6.615565299987793	17.439878463745117	16.682979583740234	8.770008087158203	8.407001495361328	4.1951474118977785	7.903862034901977
beim	beim	110	31	5	661,664	p5	11	physics	1	4			0	0	0	0	0	0	0	0	0	0	0	0	APPRART	beim	4.0	apprart	beim	4.0	beim	1.0	373.936288356	373.936288356	432.617005389	374.811021808	4.28085856899	1217.06462268	671.389442811	432.960358707	10.2740605656	1325901.8132	2819070.79684	190549.131256	271290.850093	77868.8046482	52321.0815161	20337.830725	14068.4280436	3488.24080696	0.0336136047725	0.222405127372	0.0	0.0	88.5034052106	14.9830049915	2161.86694017	0.428085856899	2251.74375866	18.4076918467	3.971409797668457	4.1660237312316895	4.107560157775879	4.491688251495361	6.274873733520508	6.138533592224121	5.963929176330566	6.503267288208008	0.8448861241340637	0.9755522608757019
Übergang	Übergang	111	32	5	665,672	p5	11	physics	1	8			0	0	0	0	0	0	0	0	0	0	0	0	NN	Übergang	8.0	nn	Übergang	8.0	ü-ber-gang	3.0	27.3619893996	27.3619893996	36.0357482143	62.2123511595	55.6511613969	140.062025668	51.024604474	17118.7135186	25828.1320902	2174970.79882	5047404.51545	333685.910865	768923.96339	72342.6147485	156835.246877	857.394110021	849.734061001	785.028310748	0.0082027800965	0.131869233508	0.0	0.0	0.498679818756	2.5685151414	0.0	0.0	3.61338491623	5.13703028279	1.3269789218902588	0.316122442483902	1.3243632316589355	0.8501492142677307	4.7823028564453125	4.739922523498535	1.6020663976669312	2.4922666549682617	5.170705795288086	4.296084403991699
zusätzlich	zusätzlich	112	33	5	673,682	p5	11	physics	1	10			0	0	0	0	0	0	0	0	0	0	0	0	ADJD	zusätzlich	10.0	adjd	zusätzlich	10.0	zu-sätz-lich	3.0	16.8570128897	16.8570128897	47.6198351517	41.7337782745	43.6647574037	154.433826681	31.6420828839	22742.6283126	21494.1908749	1741309.08374	4316238.58081	313669.025567	546506.391322	174291.858512	122280.156508	19838.2434724	15326.7362026	754.788693542	0.0337459428709	0.271519246928	0.0	0.0	3.11470509747	1.7123434276	0.0	0.0	17.5273693674	2.5685151414	4.87272310256958	4.057905673980713	4.957348346710205	4.716475009918213	8.223729133605957	8.182043075561523	7.167420387268066	6.881433486938477	4.008203983306885	5.104223728179932
ein	ein	113	34	5	683,685	p5	11	physics	1	3			0	0	0	0	0	0	0	0	0	0	0	0	ART	ein	3.0	art	eine	4.0	ein	1.0	4621.55200817	4999.44503476	17543.4333976	4999.44503476	0.428085856899	5809.23325181	8404.82933604	11022.7206128	11717.9941609	1614569.79583	3344143.78548	401662.305848	493686.589782	324158.412201	289382.186491	45007.5949345	21503.4825387	20569.6023896	0.0272545875843	0.196343258894	0.0	0.0	1145.39396797	31.6783534106	13165.4578681	0.428085856899	22077.4630101	57.7915906814	0.8528274893760681	1.047094702720642	1.7011290788650513	1.6494274139404297	2.3978192806243896	2.3545913696289062	1.3410801887512207	1.3569878339767456	1.4168813228607178	0.9818614721298218
Phonon	Phonon	114	35	5	686,691	p5	11	physics	1	6			0	0	0	0	0	0	0	1	0	0	0	0	NN	Phonon	6.0	nn	Phonon	6.0	pho-non	2.0																													4.792182445526123	4.434494972229004	4.473193645477295	2.248572826385498	14.986637115478516	14.972947120666504	9.14042854309082	10.587854385375977	1.5554581508040428	1.867905631661415
angeregt	angeregt	115	36	5	692,699	p5	11	physics	1	8			0	0	0	0	0	0	0	0	0	0	0	0	VVPP	angeregt	8.0	vvpp	anregen	7.0	an-ge-regt	3.0	11.6494875693	11.6494875693	19.2196107196	93.8008564	56.5073331107	101.359017675	22.036173465	55895.9172486	113465.440629	3147008.5379	7199625.42488	499487.173207	986122.740777	175441.45447	204253.032988	41334.1231877	8435.34898599	1078.74254892	0.0398516471112	0.281079681484	22.350665975	0.428085856899	23.1926991116	1.7123434276	22.350665975	0.428085856899	24.7132638049	2.5685151414	3.70335054397583	2.9650113582611084	2.927085399627685	1.2307809591293335	8.387347221374512	7.241459369659424	7.262661933898926	4.8551788330078125	0.015967642975738272	0.0004009853728348389
werden	werden	116	37	5	700,705	p5	11	physics	1	6			0	0	0	0	0	0	0	0	0	0	0	0	VAINF	werden	6.0	vainf	werden	6.0	wer-den	2.0	1917.62828009	2700.75179743	8998.09689884	2746.965519	21.8323787019	5182.42101813	4801.51149528	27766.5331837	27383.7960941	2636081.51067	5388986.20707	706673.440428	1134529.40522	412109.304698	481425.782755	34258.3961147	9994.2302745	3399.46762414	0.105793166509	0.538682739217	0.0	0.0	1484.61069583	16.6953484191	0.0	0.0	1872.33016737	25.685151414	2.201812744140625	1.433671474456787	0.7927035689353943	0.2731264531612396	1.9731861352920532	1.4807614088058472	2.1264114379882812	1.8236520290374756	0.0064545730128884315	0.0017421558732166886
muss	muss.	117	38	5	706,709	p5	11	physics	1	4		$.	0	0	0	0	1	1	0	0	0	0	0	0	VMFIN	muss	4.0	vmfin	müssen	6.0	muss	1.0	20.404997174	20.404997174	1902.79051171	47.8078619686	4.28085856899	93.2906381584	37.6321976428	31.1388758957	8.98980299489	823900.410795	2163533.50628	120065.905525	233658.678585	90239.5222118	128856.839528	21052.512481	1354.10373474	136.041489572	0.0216080649736	0.195677283704	47.2274313598	0.856171713799	53.6121680557	14.9830049915	47.2274313598	0.856171713799	55.059157038	20.1200352743	1.053546667098999	1.0760055780410769	0.4810149073600769	0.3971628248691559	1.1106200218200684	1.1238877773284912	1.2907767295837402	1.4682832956314087	29.24729949235916	28.61942160129547
Liegt	Liegt	118	1	6	711,715	p5	11	physics	1	5			0	0	0	1	0	0	0	0	0	0	0	0	VVFIN	Liegt	5.0	vvfin	liegen	6.0	liegt	1.0	3.84228712812	3.85863728611	637.370033923	144.551746807	17.5515201329	41.0983081617	7.32469991232	272.884136886	28.6817524123	1563170.49903	3515685.0658	195194.153916	247607.856232	103465.083261	118953.501314	8934.00427951	1490.48857763	441.470615942	0.00116372218644	0.0252858143517	244.009757872	0.856171713799	250.607046622	6.84937371039	244.009757872	0.856171713799	252.49548987	10.2740605656	19.40045547485352	8.955618858337402	20.297592163085938	7.991925239562988	9.728621482849121	10.763728141784668	9.836544036865234	11.29604721069336	0.007834791322238743	0.026897413656115532
das	das	119	2	6	716,718	p5	11	physics	1	3			0	0	0	0	0	0	0	0	0	0	0	0	ART	das	3.0	art	d	1.0	das	1.0	5535.50948977	7683.24989344	80100.3069113	7683.24989344	0.428085856899	6503.8703008	12246.2154424	9530.4416929	290.670296835	734069.119328	1662118.68252	216547.190476	169684.671958	215247.31204	124039.161294	110461.430317	19319.7963127	7903.50287175	0.0288325249482	0.178984875387	0.0	0.0	15300.9683536	34.6749544089	0.0	0.0	16474.0513142	50.942216971	3.804734706878662	0.979321539402008	4.983846187591553	2.0208840370178223	2.522951126098633	2.5472466945648193	2.4393584728240967	2.771328926086426	0.028534092009067535	0.05196636915206909
Minimum	Minimum	120	3	6	719,725	p5	11	physics	1	7			0	0	0	0	0	0	0	0	0	0	0	0	NN	Minimum	7.0	nn	Minimum	7.0	mi-ni-mum	3.0	6.60546382876	6.60546382876	7.61099854527	91.4137333332	47.5175301158	63.6645571216	12.337153454	8688.45760678	36452.3668867	1618650.59906	3467645.27094	168151.246025	282621.854639	58629.263086	87949.3831283	14815.8918663	3196.22698522	629.530133165	0.00900011907797	0.120640801209	0.0	0.0	0.106276026948	0.856171713799	0.0	0.0	0.425104107792	2.1404292845	7.261923789978027	7.088032245635986	8.727635383605957	6.544448852539063	11.097764015197754	6.98670768737793	10.668167114257812	7.102313995361328	0.0024621027368993964	0.001025466540340858
der	der	121	4	6	726,728	p5	11	physics	1	3			0	0	0	0	0	0	0	0	0	0	0	0	ART	der	3.0	art	d	1.0	der	1.0	24738.5901996	26530.3631386	80100.3069113	26530.3631386	0.428085856899	9372.80956103	30912.3596552	38163.5169	19310.096833	1332151.97174	2710999.66609	487983.455471	535760.152056	398226.025843	178781.068331	110461.430317	53801.2331077	27238.2432288	0.129811235347	0.318759302208	0.0	0.0	25590.4497812	36.8153836934	0.0	0.0	33289.1996244	55.22307554	3.1003994941711426	0.4952338933944702	2.270228385925293	2.0503177642822266	1.5828628540039062	1.0864887237548828	1.8053325414657593	1.4331464767456055	0.09457191824913025	0.1591450423002243
Elektronenparabel	Elektronenparabel	122	5	6	729,745	p5	11	physics	1	17			0	0	0	0	0	0	0	1	0	0	0	0	NN	Elektronenparabel	17.0	nn	Elektronenparabel	17.0	e-lek-tro-nen-pa-ra-bel	7.0																													27.44984245300293	6.370733737945557	22.3798828125	3.555378198623657	24.169771194458008	6.971467971801758	23.142547607421875	11.114970207214355	5.540956101496704	11.369188137585297
im	im	123	6	6	746,747	p5	11	physics	1	2			0	0	0	0	0	0	0	0	0	0	0	0	APPRART	im	2.0	apprart	im	2.0	im	1.0	4320.93800333	4320.93800333	4852.53069013	0.0	0.0	6505.00491667	7332.35049931	6212.43055587	1739.74092244	476263.776674	1003959.79418	79143.642817	44968.7069239	79582.1540543	29361.1246672	37971.7622471	5463.51156905	-0.00817507899599	0.0471865575674	0.258008463415	13165.4578681	0.428085856899	17856.5143979	39.8119846916	13165.4578681	0.428085856899	19278.847342	58.6477623952	3.072690725326538	1.2218621969223022	3.080718517303467	1.1376667022705078	3.6260108947753906	3.0960237979888916	2.954773426055908	1.9305728673934937	0.3209247589111328	0.08392629772424698
Valenzband	Valenzband	124	7	6	748,757	p5	11	physics	1	10			0	0	0	0	0	0	0	1	0	0	0	0	NN	Valenzband	10.0	nn	Valenzband	10.0	va-lenz-band	3.0	0.00817507899599	0.00817507899599	0.00817507899599	4.37366726286	24.8289797002	0.126068429944	0.0155184320176	1078.05584228	5407.58054435	2733115.67622	6027290.90146	401100.555295	847036.361613	104160.005851	119636.726342	10632.1480387	500.584612162	44.0963761044	7.639e-06	1.0	0.0	0.0	0.0	0.0	0.0	0.0	0.0	0.0	6.902554035186768	2.7579505443573	8.001819610595703	1.6767219305038452	15.11103343963623	3.101055145263672	10.512246131896973	1.0490607023239136	7.824975840747356	0.0014320376212708652
senkrecht	senkrecht	125	8	6	758,766	p5	11	physics	1	9			0	0	0	0	0	0	0	0	0	0	0	0	ADJD	senkrecht	9.0	adjd	senkrecht	9.0	senk-recht	2.0	10.267899219	10.267899219	15.1811216956	14.1674119001	20.5481211312	44.3760873402	18.9324870615	904.997595014	1596.33216038	3309545.67105	7555800.56336	560361.81984	1061488.54014	202003.283488	205831.813629	48925.779496	10190.9226751	82.1840691467	0.0299965288272	0.290066129601	0.0	0.0	0.138976342932	0.428085856899	0.0	0.0	2.09282022297	1.2842575707	9.133868217468262	8.943482398986816	6.19745683670044	7.433720111846924	8.669522285461426	9.669590950012207	7.703251838684082	7.442641258239746	0.003350332612171769	0.0028522484935820103
über	über	126	9	6	767,770	p5	11	physics	1	4			0	0	0	0	0	0	0	0	0	0	0	0	APPR	über	4.0	appr	über	4.0	ü-ber	2.0	2108.70440146	2127.76868568	2237.96057547	2158.5887335	1.7123434276	4705.63021608	3662.52065891	16754.4973991	24846.1031344	1219536.24461	2729799.48458	331123.824758	515246.277793	217997.727442	172072.534868	4201.6554257	4185.99197435	3864.02466317	0.061186912624	0.29530401917	2250.5583722	0.428085856899	3200.9440058	10.7021464225	2250.5583722	0.428085856899	3226.96528225	19.2638635605	2.605632781982422	4.027758598327637	2.7926337718963623	4.279050350189209	3.85497784614563	4.580409526824951	3.345653533935547	3.5020945072174072	0.7268723845481873	1.4589742422103882
dem	dem	127	10	6	771,773	p5	11	physics	1	3			0	0	0	0	0	0	0	0	0	0	0	0	ART	dem	3.0	art	d	1.0	dem	1.0	5100.87323987	5616.24656993	80100.3069113	5616.24656993	0.428085856899	6562.36605229	9206.65119996	6667.98683292	1002.148991	1098350.78654	2107258.1957	260311.257794	170837.935256	214520.302265	48324.4719561	110461.430317	53801.2331077	5810.24119451	0.0776634434188	0.228051977566	43473.0753814	1.2842575707	43630.2003997	29.966009983	43473.0753814	1.2842575707	43925.3698019	41.0962422623	0.747135579586029	0.3081485629081726	0.9875245094299316	0.2253867387771606	0.893083930015564	0.4787725806236267	0.5683004856109619	0.4086252748966217	0.018874799832701683	0.024421103298664093
Maximum	Maximum	128	11	6	774,780	p5	11	physics	1	7			0	0	0	0	0	0	0	0	0	0	0	0	NN	Maximum	7.0	nn	Maximum	7.0	ma-xi-mum	3.0	5.00314834555	5.00314834555	5.86153164013	8.5674827878	11.5583181363	38.3248027029	9.12483802637	4473.60760358	21587.9416776	1022939.90114	2414701.3245	74162.0603298	137652.291544	56677.0869221	83923.66373	14815.8918663	4446.16386339	78.9794381803	0.037689682598	0.225832969412	0.0	0.0	0.776632504619	1.2842575707	0.0	0.0	0.972834400523	1.7123434276	4.696045398712158	2.412637948989868	0.7951270937919617	0.3436282575130462	3.9563076496124268	3.163367748260498	3.4658539295196533	2.0471432209014893	0.015493463608436286	0.01476587716024369
der	der	129	12	6	781,783	p5	11	physics	1	3			0	0	0	0	0	0	0	0	0	0	0	0	ART	der	3.0	art	d	1.0	der	1.0	24738.5901996	26530.3631386	80100.3069113	26530.3631386	0.428085856899	9372.80956103	30912.3596552	38163.5169	19310.096833	1332151.97174	2710999.66609	487983.455471	535760.152056	398226.025843	178781.068331	110461.430317	53801.2331077	27238.2432288	0.129811235347	0.318759302208	0.0	0.0	25590.4497812	36.8153836934	0.0	0.0	33289.1996244	55.22307554	0.5826115012168884	0.3748904168605804	1.0131752490997314	0.1248147040605545	1.3518497943878174	1.8513109683990479	1.914661169052124	2.512913465499878	0.032083284109830856	0.04220699146389961
Löcherparabel	Löcherparabel,	130	13	6	784,796	p5	11	physics	1	13		$,	0	0	0	0	0	0	0	1	0	0	0	0	NN	Löcherparabel	13.0	nn	Löcherparabel	13.0	lö-cher-pa-ra-bel	5.0																													7.753607273101807	0.6573724746704102	6.37812089920044	1.0567684173583984	19.902048110961914	19.444345474243164	16.91182518005371	15.936114311218262	27.364936103054788	27.116966627698275
so	so	131	14	6	798,799	p5	11	physics	1	2			0	0	1	0	0	0	0	0	0	0	0	0	ADV	so	2.0	adv	so	2.0	so	1.0	2876.40154474	2881.65812053	3315.19890985	0.0	0.0	3533.31988603	5044.40599322	7559.98605233	8425.15774964	385490.57713	1127504.08822	67552.2555341	43642.0688533	67539.3225592	31723.3024255	48925.779496	8037.09183762	-0.00817507899599	0.0178285087072	0.131475681059	0.0	0.0	1397.905808	42.8085856899	0.0	0.0	1576.88281246	60.3601058228	0.7866778373718262	0.9415450096130372	0.8889884948730469	1.4744067192077637	0.4836757481098175	1.1413516998291016	0.5304975509643555	0.9602046608924866	0.11942021548748016	0.04390527307987213
sind	sind	132	15	6	800,803	p5	11	physics	1	4			0	0	0	0	0	0	0	0	0	0	0	0	VAFIN	sind	4.0	vafin	sein	4.0	sind	1.0	2296.19983824	2298.63601178	17044.4184006	2302.62545033	5.99320199659	4304.10226671	4116.7606825	2333.22477101	26.1132372709	1332047.00373	2728807.18157	249282.495798	286785.417683	144872.038227	66814.7843732	48925.779496	15113.3748159	2467.07533941	0.0559257789967	0.326343386708	0.0	0.0	259.885761283	20.9762069881	0.0	0.0	267.325083169	26.5413231278	3.7859063148498535	3.692773342132568	3.352281093597412	3.6015846729278564	3.4475321769714355	4.137334823608398	3.597334384918213	4.2297773361206055	0.015523435547947884	0.009140314534306526
senkrechte	senkrechte	133	16	6	804,813	p5	11	physics	1	10			0	0	0	0	0	0	0	0	0	0	0	0	ADJA	senkrechte	10.0	adja	senkrecht	9.0	senk-rech-te	3.0	1.93749372205	1.93749372205	15.1811216956	4.11206473498	22.2604645588	16.5149643226	3.64683152414	26209.5730388	48210.6011182	4081614.87927	9164572.04257	685680.589674	1355700.81936	262011.077445	330822.181697	48925.779496	10190.9226751	82.1840691467	0.00746456021519	0.185850999916	0.0	0.0	0.588605687711	0.856171713799	12.4097699159	0.856171713799	13.7423077923	2.9966009983	12.445965766906738	10.133460998535156	12.045061111450195	10.175844192504885	10.38902473449707	11.937232971191406	11.23137092590332	12.40676498413086	0.024809371680021286	0.042798060923814774
Übergänge	Übergänge	134	17	6	814,822	p5	11	physics	1	9			0	0	0	0	0	0	0	0	1	0	0	0	NN	Übergänge	9.0	nn	Übergang	8.0	ü-ber-gän-ge	4.0	3.79323665414	3.79323665414	36.0357482143	100.112017385	92.4665450903	28.4914651673	7.12296029609	60113.9146573	120159.419173	2729538.03274	6070564.81648	458046.904794	924604.662711	171188.402323	268993.741385	857.394110021	849.734061001	785.028310748	0.0240955058427	0.26472873281	0.0	0.0	0.24525236988	1.7123434276	0.0	0.0	1.06276026948	2.5685151414	3.2204813957214355	1.2556431293487549	1.6001511812210083	0.6307106018066406	6.073053359985352	4.883138179779053	7.130156517028809	3.8611249923706055	0.4290695935487747	0.006153692142106593
bereits	bereits	135	18	6	823,829	p5	11	physics	1	7			0	0	0	0	0	0	0	0	0	0	0	0	ADV	bereits	7.0	adv	bereits	7.0	be-reits	2.0	308.527481309	308.527481309	322.776643999	426.273144088	44.5209291175	1615.06265601	579.908286067	22697.8697551	47173.3490869	2880103.19598	6528168.47747	468160.401296	932198.905813	151013.778875	250339.472085	20337.830725	14068.4280436	1078.59539749	0.0179661842841	0.198252596287	0.0	0.0	16.374683229	3.4246868552	0.0	0.0	119.952934108	6.84937371039	8.957717895507812	8.967769622802734	8.46790599822998	7.96171236038208	7.486246109008789	6.919262886047363	7.087024688720703	7.127994060516357	5.636356830596924	6.26862096786499
ab	ab	136	19	6	830,831	p5	11	physics	1	2			0	0	0	0	0	0	0	0	0	0	0	0	APPR	ab	2.0	appr	ab	2.0	ab	1.0	47.3664077028	442.288123841	459.145136731	0.0	0.0	1691.83832985	823.190744807	4158.38473258	11617.3939845	322091.531504	875023.330679	55598.1645215	46067.6033185	49929.8018229	27682.1719364	41334.1231877	4277.97796321	-0.00817507899599	0.0446111048802	0.311494298086	5804.4041881	1.2842575707	6100.80802726	38.0996412641	5804.4041881	1.2842575707	6749.51689575	61.6443633935	4.738704681396484	4.261661052703857	6.569967269897461	6.64976692199707	5.537045001983643	5.699253559112549	4.995386123657227	4.7730913162231445	7.016403675079346	5.83628511428833
Photonenenergien	Photonenenergien	137	20	6	832,847	p5	11	physics	1	16			0	0	0	0	0	0	0	1	0	0	0	0	NN	Photonenenergien	16.0	nn	Photonenenergie	15.0	pho-to-nen-e-ner-gi-en	7.0																													10.332868576049805	7.072721481323242	6.336446762084961	5.723637104034424	24.533248901367188	24.01428985595703	20.897167205810547	19.653587341308594	6.540921475738287	0.819827718893066
in	in	138	21	6	848,849	p5	11	physics	1	2			0	0	0	0	0	0	0	0	0	0	0	0	APPR	in	2.0	appr	in	2.0	in	1.0	13129.4221199	13165.4578681	14298.1641135	0.0	0.0	8527.89894355	19687.5208529	18583.5486983	15158.092107	842500.587604	1735372.30627	309490.415689	350022.68855	273957.116004	252232.89583	37971.7622471	15391.66268	-0.00817507899599	0.0682365415668	0.281559937821	0.0	0.0	9683.14399346	42.380499833	0.0	0.0	17389.6438116	75.7711966712	4.175768852233887	4.665728569030762	4.845890998840332	4.9207916259765625	3.7094438076019287	4.1638336181640625	4.380362033843994	4.750476360321045	2.2932729721069336	2.4337291717529297
der	der	139	22	6	850,852	p5	11	physics	1	3			0	0	0	0	0	0	0	0	0	0	0	0	ART	der	3.0	art	d	1.0	der	1.0	24738.5901996	26530.3631386	80100.3069113	26530.3631386	0.428085856899	9372.80956103	30912.3596552	38163.5169	19310.096833	1332151.97174	2710999.66609	487983.455471	535760.152056	398226.025843	178781.068331	110461.430317	53801.2331077	27238.2432288	0.129811235347	0.318759302208	0.0	0.0	25590.4497812	36.8153836934	0.0	0.0	33289.1996244	55.22307554	0.2500143051147461	0.2103880196809768	0.397098183631897	0.2666025757789612	1.210599660873413	1.4421031475067139	1.470909833908081	1.6290489435195923	0.042678866535425186	0.023370644077658653
Größe	Größe	140	23	6	853,857	p5	11	physics	1	5			0	0	0	0	0	0	0	0	0	0	0	0	NN	Größe	5.0	nn	Größe	5.0	grö-ße	2.0	58.2801381624	58.2801381624	68.3354853275	58.4518148213	5.13703028279	277.098409016	107.309957402	1665.99934859	3097.20117467	1159118.64212	2568648.70418	155132.661626	223826.402623	150909.75917	214593.018776	15129.6759234	2639.29972862	95.926376939	0.0127552160079	0.155937392608	0.0	0.0	31.1797512907	2.9966009983	0.0	0.0	42.4613603052	5.56511613969	2.960629463195801	3.175554037094116	3.80453896522522	3.235881805419922	4.350541591644287	4.851036548614502	5.291680812835693	5.303769111633301	5.24870491027832	4.331017971038818
der	der	141	24	6	858,860	p5	11	physics	1	3			0	0	0	0	0	0	0	0	0	0	0	0	ART	der	3.0	art	d	1.0	der	1.0	24738.5901996	26530.3631386	80100.3069113	26530.3631386	0.428085856899	9372.80956103	30912.3596552	38163.5169	19310.096833	1332151.97174	2710999.66609	487983.455471	535760.152056	398226.025843	178781.068331	110461.430317	53801.2331077	27238.2432288	0.129811235347	0.318759302208	0.0	0.0	25590.4497812	36.8153836934	0.0	0.0	33289.1996244	55.22307554	1.2172143459320068	0.7375455498695374	0.4123507142066955	0.1958772838115692	2.1600096225738525	2.1717162132263184	2.613705635070801	2.985551595687866	0.0782703086733818	0.1798454374074936
Bandlücke	Bandlücke	142	25	6	861,869	p5	11	physics	1	9			0	0	0	0	0	0	0	1	0	0	0	0	NN	Bandlücke	9.0	nn	Bandlücke	9.0	band-lü-cke	3.0	0.00817507899599	0.00817507899599	0.00817507899599	13.2681532105	80.908226954	0.126068429944	0.0155184320176	965.28880261	4909.28860692	2118411.89902	4689565.83532	283995.426305	531647.531229	170286.380457	278584.576923	17498.1271098	1827.57978495	262.59171243	7.7035e-05	0.000515463	0.0	0.0	0.0	0.0	0.0	0.0	0.0	0.0	1.2740615606307983	0.4673291742801666	1.080338954925537	1.315240740776062	14.146160125732422	12.99171257019043	11.443622589111328	10.994771957397461	5.2703588008880615	6.040391445159912
möglich	möglich.	143	26	6	870,876	p5	11	physics	1	7		$.	0	0	0	0	1	1	0	0	0	0	0	0	ADJD	möglich	7.0	adjd	möglich	7.0	mög-lich	2.0	219.860574518	219.860574518	287.198700208	219.966850545	2.1404292845	1026.57522503	412.247146548	7270.3838789	8397.33216894	1140376.31703	2711306.17557	271741.285368	450004.280859	161429.647024	119753.593781	21052.512481	647.08202777	453.299955249	0.0207270750727	0.253412034436	0.0	0.0	3.17193065045	1.7123434276	0.0	0.0	22.399716449	5.56511613969	1.0915296077728271	1.542699694633484	0.7099612951278687	0.6420207023620605	1.76384699344635	1.0034852027893066	1.9412716627120972	0.7082830667495728	28.913692831993103	26.53054216504097
Sind	Sind	144	1	7	878,881	p5	11	physics	1	4			0	0	0	1	0	0	0	0	0	0	0	0	VAFIN	Sind	4.0	vafin	sein	4.0	sind	1.0	33.5178238836	33.5341740416	17044.4184006	165.635275538	5.99320199659	185.698797307	63.5634975442	2333.22477101	26.1132372709	1091063.92988	2086773.85937	208187.657173	315995.428043	109130.707308	127933.030249	26995.0755041	3872.82104817	484.455181303	0.0037763660156	0.0181465990985	2640.30526334	1.7123434276	2672.04092	19.6919494174	2640.30526334	1.7123434276	2674.57519449	25.2570655571	18.11777114868164	4.561334609985352	18.30157470703125	4.967185497283936	7.159952163696289	9.292076110839844	7.149354934692383	10.44810962677002	0.9237586259841919	1.8265762329101562
die	die	145	2	7	882,884	p5	11	physics	1	3			0	0	0	0	0	0	0	0	0	0	0	0	ART	die	3.0	art	d	1.0	die	1.0	20527.116504	24520.1275636	80100.3069113	24520.1275636	0.428085856899	9091.29875697	30440.211361	33694.5118659	1928.95487119	1361337.08551	2613060.47141	356516.797331	303924.26305	343523.065172	189343.230678	110461.430317	29991.8223867	29048.3692201	0.0938387928357	0.266249299869	0.0	0.0	15201.9436218	35.5311261227	0.0	0.0	15852.8515865	58.2196765383	3.151622772216797	0.5862839818000793	2.4832029342651367	0.550409197807312	2.440232515335083	1.1806968450546265	2.5551257133483887	1.099708914756775	0.7161377668380737	0.6829733848571777
Extrema	Extrema	146	3	7	885,891	p5	11	physics	1	7			0	0	0	0	0	0	0	0	0	0	0	0	NN	Extrema	7.0	nn	Extremum	8.0	ex-tre-ma	3.0																													13.503850936889648	9.16992473602295	14.58159637451172	9.119757652282717	16.6650390625	14.720830917358398	14.666326522827148	12.82103157043457	14.128321170806885	13.255802154541016
gegeneinander	gegeneinander	147	4	7	892,904	p5	11	physics	1	13			0	0	0	0	0	0	0	0	0	0	0	0	ADV	gegeneinander	13.0	adv	gegeneinander	13.0	ge-ge-nei-nan-der	5.0	12.278968652	12.278968652	13.1291768676	95.1170441184	31.2502675537	94.5513224578	23.1379821383	125126.524676	210342.126217	5947738.5185	12629882.1052	1043121.37531	1820273.29001	382245.667549	382022.962525	23747.2147199	15623.9820749	1880.00656655	0.0351489253531	0.301863538075	0.0	0.0	0.858383294579	0.856171713799	0.0	0.0	0.874733452571	1.7123434276	17.8314208984375	4.593664646148682	12.636802673339844	5.166332721710205	11.016168594360352	10.944282531738281	8.603927612304688	7.762972831726074	3.2402234077453613	2.895577907562256
verschoben	verschoben,	148	5	7	905,914	p5	11	physics	1	10		$,	0	0	0	0	0	0	0	0	0	0	0	0	VVPP	verschoben	10.0	vvpp	verschieben	11.0	ver-scho-ben	3.0	9.41769100338	9.5893676623	21.3614814165	1355.77962593	1024.40945556	104.636796853	18.0634548685	23171.0433274	50720.0404113	3203479.294	7256231.64582	807328.062331	1579811.89907	428718.449192	657241.500355	23102.1601118	7335.96436261	7300.98319958	0.0309193717707	0.272119166575	0.0	0.0	1.0300599535	2.5685151414	0.0	0.0	1.6268407202	4.28085856899	5.687512397766113	0.9362514019012452	4.762843608856201	0.797459602355957	7.811202049255371	3.914923667907715	4.356136798858643	1.2250230312347412	31.248865604400635	31.323903799057007
so	so	149	6	7	916,917	p5	11	physics	1	2			0	0	1	0	0	0	0	0	0	0	0	0	ADV	so	2.0	adv	so	2.0	so	1.0	2876.40154474	2881.65812053	3315.19890985	0.0	0.0	3533.31988603	5044.40599322	7559.98605233	8425.15774964	385490.57713	1127504.08822	67552.2555341	43642.0688533	67539.3225592	31723.3024255	48925.779496	8037.09183762	-0.00817507899599	0.0178285087072	0.131475681059	0.0	0.0	1397.905808	42.8085856899	0.0	0.0	1576.88281246	60.3601058228	1.2394474744796753	0.6776168346405029	1.0059564113616943	0.7660660743713379	1.871098279953003	0.5771729946136475	1.3828905820846558	0.7217184901237488	0.3996162414550781	0.05540948361158371
sind	sind	150	7	7	918,921	p5	11	physics	1	4			0	0	0	0	0	0	0	0	0	0	0	0	VAFIN	sind	4.0	vafin	sein	4.0	sind	1.0	2296.19983824	2298.63601178	17044.4184006	2302.62545033	5.99320199659	4304.10226671	4116.7606825	2333.22477101	26.1132372709	1332047.00373	2728807.18157	249282.495798	286785.417683	144872.038227	66814.7843732	48925.779496	15113.3748159	2467.07533941	0.0559257789967	0.326343386708	0.0	0.0	259.885761283	20.9762069881	0.0	0.0	267.325083169	26.5413231278	2.993104219436645	1.699087142944336	2.411025285720825	1.8207807540893557	3.0897300243377686	2.5953643321990967	3.2887301445007324	3.1300199031829834	0.010297856293618679	0.007245691493153572
direkte	direkte	151	8	7	922,928	p5	11	physics	1	7			0	0	0	0	0	0	0	0	0	0	0	0	ADJA	direkte	7.0	adja	direkt	6.0	di-rek-te	3.0	18.263126477	18.263126477	106.120700447	18.7372810588	6.84937371039	173.848364892	34.357808487	29371.0477632	64515.1071499	2805505.51839	6036423.25705	419599.688127	589619.774142	298981.490616	227861.111825	110461.430317	29991.8223867	321.215203911	0.00274953956746	0.108846116027	0.0	0.0	0.997359637511	1.2842575707	59.097646062	0.428085856899	85.584902009	3.8527727121	11.258081436157228	9.0816011428833	11.90052604675293	7.885182380676269	10.789525032043457	8.107810020446777	11.863073348999023	7.267542839050293	0.1164771318435669	0.22757232189178467
Übergänge	Übergänge	152	9	7	929,937	p5	11	physics	1	9			0	0	0	0	0	0	0	0	0	0	0	0	NN	Übergänge	9.0	nn	Übergang	8.0	ü-ber-gän-ge	4.0	3.79323665414	3.79323665414	36.0357482143	100.112017385	92.4665450903	28.4914651673	7.12296029609	60113.9146573	120159.419173	2729538.03274	6070564.81648	458046.904794	924604.662711	171188.402323	268993.741385	857.394110021	849.734061001	785.028310748	0.0240955058427	0.26472873281	0.0	0.0	0.24525236988	1.7123434276	0.0	0.0	1.06276026948	2.5685151414	5.65389347076416	0.736785888671875	7.148036956787109	0.4141457378864288	6.805418014526367	1.0847069025039673	5.822501182556152	1.1059983968734741	0.011172347702085972	0.002894085948355496
nur	nur	153	10	7	938,940	p5	11	physics	1	3			0	0	0	0	0	0	0	0	0	0	0	0	ADV	nur	3.0	adv	nur	3.0	nur	1.0	2370.65845773	2374.50074486	2550.53472088	2374.50074486	0.428085856899	3849.3734399	4301.83350274	2556.27362634	114.298923792	990769.99246	2259712.41192	155105.185185	132036.233187	143272.158917	87642.8736547	21439.2836433	3127.83427434	2376.08671019	0.0228255016873	0.177816950942	0.0	0.0	2602.20122014	28.2536665554	0.0	0.0	2611.74153732	33.3906968382	3.663898944854736	1.4785062074661257	4.370072364807129	1.305124044418335	4.082777500152588	2.566063165664673	4.348268508911133	3.970733642578125	1.333744764328003	1.5577552318572998
bei	bei	154	11	7	941,943	p5	11	physics	1	3			0	0	0	0	0	0	0	0	0	0	0	0	APPR	bei	3.0	appr	bei	3.0	bei	1.0	2135.91106436	2161.86694017	2489.87563473	2161.86694017	0.428085856899	4322.25612062	3715.43851209	5555.26048062	4566.8199214	1219263.07434	2569992.0376	157298.346328	245814.176491	54673.4895113	42554.7307768	20337.830725	14068.4280436	3488.24080696	0.0361569463119	0.220877330072	0.0	0.0	1512.16888713	28.2536665554	0.0	0.0	1895.89892012	38.0996412641	2.788443088531494	1.1628094911575315	2.5322794914245605	0.8070096969604492	4.153845310211182	3.3365185260772705	4.064912796020508	2.3997745513916016	1.4040439128875732	0.8571797609329224
höheren	höheren	155	12	7	944,950	p5	11	physics	1	7			0	0	0	0	0	0	0	0	0	0	0	0	ADJA	höheren	7.0	adja	hoch	4.0	hö-he-ren	3.0	54.8466049841	54.8466049841	597.181345578	77.7613514099	3.8527727121	291.72234689	101.288805779	13329.6379796	30018.6645434	2789720.32376	6000400.26028	647764.516065	1226552.45336	372160.734773	514453.034701	17646.9952984	679.880444702	171.104403386	0.00446965988784	0.114891998315	0.0	0.0	25.0157417277	2.9966009983	0.0	0.0	62.3758527394	4.28085856899	8.17308235168457	3.769469738006592	8.446625709533691	3.021371603012085	5.371286869049072	3.6907191276550293	6.388363361358643	4.295933723449707	1.7432693243026733	1.757643699645996
Photonenenergien	Photonenenergien	156	13	7	951,966	p5	11	physics	1	16			0	0	0	0	0	0	0	1	0	0	0	0	NN	Photonenenergien	16.0	nn	Photonenenergie	15.0	pho-to-nen-e-ner-gi-en	7.0																													9.588998794555664	1.0139752626419067	8.695613861083984	0.3120185732841491	23.601484298706055	7.318545341491699	17.920820236206055	5.278349876403809	3.3328597168438137	0.030764251248911023
möglich	möglich	157	14	7	967,973	p5	11	physics	1	7			0	0	0	0	0	0	0	0	0	0	0	0	ADJD	möglich	7.0	adjd	möglich	7.0	mög-lich	2.0	219.860574518	219.860574518	287.198700208	219.966850545	2.1404292845	1026.57522503	412.247146548	7270.3838789	8397.33216894	1140376.31703	2711306.17557	271741.285368	450004.280859	161429.647024	119753.593781	21052.512481	647.08202777	453.299955249	0.0207270750727	0.253412034436	0.0	0.0	3.17193065045	1.7123434276	0.0	0.0	22.399716449	5.56511613969	0.6739774346351624	0.282232403755188	0.421080082654953	0.1500983983278274	0.5062850713729858	0.3615030348300934	0.5161499977111816	0.32199400663375854	0.0583542101085186	0.01790807582437992
und	und	158	15	7	974,976	p5	11	physics	1	3			0	0	0	0	0	0	0	0	0	0	0	0	KON	und	3.0	kon	und	3.0	und	1.0	22313.7473183	22313.7473183	23398.5884761	22313.7473183	0.428085856899	9064.0679761	29467.6401896	23513.5137367	723.037012303	869972.90787	1656300.13956	195202.966651	251153.263298	160187.509171	58920.0250002	32509.3788389	28906.6542257	22352.5789435	0.120238001286	0.419307858966	0.0	0.0	2201.34439665	22.6885504157	0.0	0.0	2454.42031712	42.8085856899	3.704805850982666	3.42201828956604	3.905984878540039	3.581340789794922	3.183973789215088	4.0388898849487305	4.225918769836426	5.491937637329102	2.576925039291382	2.2907814979553223
indirekte	indirekte	159	16	7	977,985	p5	11	physics	1	9			0	0	0	0	0	0	0	0	0	0	0	0	ADJA	indirekte	9.0	adja	indirekt	8.0	in-di-rek-te	4.0	4.14476505097	4.14476505097	20.2414955941	22.6040934239	25.685151414	44.5021557702	7.79025287285	47954.5964615	79673.1992568	3648006.106	7771795.56332	485842.557609	793910.906771	219989.152161	240225.515629	37971.7622471	15391.66268	345.724090741	0.00528956308087	0.232207649217	0.0	0.0	0.294302843856	0.856171713799	9.90819574314	0.428085856899	15.7452021463	2.9966009983	5.978184700012207	2.1611785888671875	4.898867130279541	2.9062132835388184	10.445425033569336	10.610211372375488	11.16940689086914	10.943071365356445	0.26730513107031584	0.15403362549841404
Übergänge	Übergänge	160	17	7	986,994	p5	11	physics	1	9			0	0	0	0	0	0	0	0	0	0	0	0	NN	Übergänge	9.0	nn	Übergang	8.0	ü-ber-gän-ge	4.0	3.79323665414	3.79323665414	36.0357482143	100.112017385	92.4665450903	28.4914651673	7.12296029609	60113.9146573	120159.419173	2729538.03274	6070564.81648	458046.904794	924604.662711	171188.402323	268993.741385	857.394110021	849.734061001	785.028310748	0.0240955058427	0.26472873281	0.0	0.0	0.24525236988	1.7123434276	0.0	0.0	1.06276026948	2.5685151414	0.4613462388515472	0.6154307126998901	0.2058704495429992	0.2013022154569625	1.134294033050537	0.30935996770858765	0.44805195927619934	0.49911755323410034	0.009937288705259562	0.0033913443330675364
mit	mit	161	18	7	995,997	p5	11	physics	1	3			0	0	0	0	0	0	0	0	0	0	0	0	APPR	mit	3.0	appr	mit	3.0	mit	1.0	6311.02200856	6389.55999248	6727.32973136	6389.55999248	0.428085856899	6848.28925141	10606.5379154	9545.0750843	6105.78857696	754691.189375	1756517.60717	154872.35076	192565.004837	138846.449102	106042.43187	21052.512481	9522.82251927	6974.74032209	0.0635514315396	0.282257671036	0.0	0.0	1501.70478601	30.3940958399	0.0	0.0	1518.70077524	44.5209291175	4.091378211975098	3.314856767654419	3.771713733673096	2.729785919189453	5.655403137207031	4.951671600341797	5.183428764343262	4.51861572265625	0.3218252658843994	0.1957980841398239
wesentlich	wesentlich	162	19	7	998,1007	p5	11	physics	1	10			0	0	0	0	0	0	0	0	0	0	0	0	ADJD	wesentlich	10.0	adjd	wesentlich	10.0	wes-ent-lich	3.0	66.1772644726	66.1772644726	176.115726811	114.761758946	13.2706615639	389.929653816	124.504380077	10541.3637865	13908.0814048	3512018.948	7850539.81627	590227.263681	1123632.47973	211683.288251	187348.778671	34258.3961147	9994.2302745	318.918006713	0.0232254251075	0.221459779299	0.0	0.0	3.40900794133	0.428085856899	0.0	0.0	29.3158332796	2.1404292845	6.65623950958252	9.681879997253418	7.5706071853637695	9.503461837768556	6.699587345123291	6.564648628234863	6.064241409301758	5.722416877746582	2.279622793197632	2.5347070693969727
kleinerer	kleinerer	163	20	7	1008,1016	p5	11	physics	1	9			0	0	0	0	0	0	0	0	0	0	0	0	ADJA	kleinerer	9.0	adja	klein	5.0	klei-ne-rer	3.0	4.41454265784	4.41454265784	660.10492861	51.9526270195	19.6919494174	50.9316456973	8.3644348575	18468.8114646	26211.2689321	4060355.21846	8989708.38791	736664.028378	1307987.654	291826.236374	246907.50777	11052.747678	1207.8515715	694.562886579	0.0199286556722	0.181275598206	21.0017779407	0.428085856899	23.3235003756	1.7123434276	40.3521899242	0.856171713799	42.6739123591	2.1404292845	4.819042205810547	4.881275177001953	3.4605846405029297	3.485772132873535	7.124798774719238	6.595164775848389	5.485558032989502	5.421474456787109	5.564173501508776	5.267763131530955
Absorptionswahrscheinlichkeit	Absorptionswahrscheinlichkeit	164	21	7	1017,1045	p5	11	physics	1	29			0	0	0	0	0	0	0	0	1	0	0	0	NN	Absorptionswahrscheinlichkeit	29.0	nn	Absorptionswahrscheinlichkeit	29.0	ab-sorp-ti-ons-wahr-schein-lich-keit	8.0	0.024525236988	0.024525236988	0.024525236988	0.04087539498	0.856171713799	0.126068429944	0.0465552960529	24815.0762387	85404.412709	7810554.20193	18380479.713	986187.198502	2076895.35013	334736.26954	599022.679989	19822.5963712	2837.67619554	632.791989685	1e-06	0.00247889466667	0.0	0.0	0.0	0.0	0.0	0.0	0.0	0.0	7.705794811248779	6.3456196784973145	8.409835815429688	3.736604690551758	11.947344779968262	10.446775436401367	10.991716384887695	8.237133979797363	0.021949981189891332	0.011186461807710657
sind	sind	165	22	7	1046,1049	p5	11	physics	1	4			0	0	0	0	0	0	0	0	0	0	0	0	VAFIN	sind	4.0	vafin	sein	4.0	sind	1.0	2296.19983824	2298.63601178	17044.4184006	2302.62545033	5.99320199659	4304.10226671	4116.7606825	2333.22477101	26.1132372709	1332047.00373	2728807.18157	249282.495798	286785.417683	144872.038227	66814.7843732	48925.779496	15113.3748159	2467.07533941	0.0559257789967	0.326343386708	0.0	0.0	259.885761283	20.9762069881	0.0	0.0	267.325083169	26.5413231278	4.772944927215576	4.5006184577941895	2.4074721336364746	2.9746909141540527	2.972522258758545	3.984711170196533	5.627957344055176	6.876540660858154	0.15058815479278564	0.1290937215089798
die	die	166	23	7	1050,1052	p5	11	physics	1	3			0	0	0	0	0	0	0	0	0	0	0	0	ART	die	3.0	art	d	1.0	die	1.0	20527.116504	24520.1275636	80100.3069113	24520.1275636	0.428085856899	9091.29875697	30440.211361	33694.5118659	1928.95487119	1361337.08551	2613060.47141	356516.797331	303924.26305	343523.065172	189343.230678	110461.430317	29991.8223867	29048.3692201	0.0938387928357	0.266249299869	0.0	0.0	15201.9436218	35.5311261227	0.0	0.0	15852.8515865	58.2196765383	2.716377019882202	2.7315564155578613	2.654978513717652	5.629599094390869	4.499075412750244	5.314700126647949	3.6198649406433105	4.486408710479736	0.01981651596724987	0.014796397648751736
einzige	einzige	167	24	7	1053,1059	p5	11	physics	1	7			0	0	0	0	0	0	0	0	0	0	0	0	ADJA	einzige	7.0	adja	einzig	6.0	ein-zi-ge	3.0	93.3430519762	93.3430519762	225.918308054	456.259333845	71.9184239591	499.987393157	174.799618247	56150.4401581	114259.539893	2939973.12541	6193052.59463	432633.18387	661868.252297	253611.62523	253210.643927	45007.5949345	21503.4825387	20569.6023896	0.00169333880186	0.062956106276	0.0	0.0	9.3931657664	4.70894442589	209.739826721	0.428085856899	345.993868347	9.84597470869	3.2555854320526123	3.2278218269348145	2.510305881500244	2.057681083679199	4.783250331878662	4.891580104827881	4.428516864776611	4.475513458251953	0.6954419612884521	0.628480076789856
Möglichkeit	Möglichkeit	168	25	7	1060,1070	p5	11	physics	1	11			0	0	0	0	0	0	0	0	0	0	0	0	NN	Möglichkeit	11.0	nn	Möglichkeit	11.0	mög-lich-keit	3.0	128.103487867	128.103487867	196.80685175	128.773844345	2.5685151414	708.630644714	238.828668751	9444.48891233	13274.5143366	2522884.10214	5840484.50757	444311.096189	804980.350859	197767.464407	253942.242656	14815.8918663	320.994476778	219.991375782	0.00606041093695	0.103611649279	0.0	0.0	0.294302843856	2.9966009983	0.0	0.0	0.351528396828	4.70894442589	0.5189275145530701	0.2926963269710541	0.3277539014816284	0.1658820658922195	0.4607464075088501	0.4161476492881775	0.4058898687362671	0.6953248977661133	1.1175148487091064	0.9628913998603821
für	für	169	26	7	1071,1073	p5	11	physics	1	3			0	0	0	0	0	0	0	0	0	0	0	0	APPR	für	3.0	appr	für	3.0	für	1.0	4142.64770551	4142.64770551	4410.71672087	4142.64770551	0.428085856899	6477.7741358	6745.41236353	4814.18956963	683.225027612	437137.938525	1106552.71021	139429.879964	98428.9249052	138396.590855	85892.8586717	12864.091756	5154.69795998	4240.65872759	0.0803926507172	0.306544376813	0.0	0.0	460.657526345	15.8391767053	0.0	0.0	478.724450926	24.4008938433	2.694132089614868	2.4074716567993164	1.7710262537002563	1.700650691986084	2.7196874618530273	2.4722957611083984	3.0077104568481445	2.4486682415008545	4.772889137268066	4.4655609130859375
Photonenabsorption	Photonenabsorption.	170	27	7	1074,1091	p5	11	physics	1	18		$.	0	0	0	0	1	1	0	1	0	0	0	0	NN	Photonenabsorption	18.0	nn	Photonenabsorption	18.0	pho-to-nen-ab-sorp-ti-on	7.0																													11.3908052444458	7.372808456420898	8.494073867797852	7.811874389648437	14.6225004196167	17.464332580566406	13.297161102294922	13.765522003173828	26.763292130546006	25.982669082702046
