word	word_with_punct	word_index_in_text	word_index_in_sent	sent_index_in_text	word_limit_char_indices	text_id	text_id_numeric	text_domain	text_domain_numeric	word_length	STTS_punctuation_before	STTS_punctuation_after	is_in_quote	is_in_parentheses	is_clause_beginning	is_sent_beginning	is_clause_end	is_sent_end	is_abbreviation	is_expert_technical_term	is_general_technical_term	contains_symbol	contains_hyphen	contains_abbreviation	STTS_PoS_tag	type	type_length_chars	PoS_tag	lemma	lemma_length_chars	syllables	type_length_syllables	annotated_type_frequency_normalized	type_frequency_normalized	lemma_frequency_normalized	familiarity_normalized	regularity_normalized	document_frequency_normalized	sentence_frequency_normalized	cumulative_syllable_corpus_frequency_normalized	cumulative_syllable_lexicon_frequency_normalized	cumulative_character_corpus_frequency_normalized	cumulative_character_lexicon_frequency_normalized	cumulative_character_bigram_corpus_frequency_normalized	cumulative_character_bigram_lexicon_frequency_normalized	cumulative_character_trigram_corpus_frequency_normalized	cumulative_character_trigram_lexicon_frequency_normalized	initial_letter_frequency_normalized	initial_bigram_frequency_normalized	initial_trigram_frequency_normalized	avg_cond_prob_in_bigrams	avg_cond_prob_in_trigrams	neighbors_coltheart_higher_freq_cum_freq_normalized	neighbors_coltheart_higher_freq_count_normalized	neighbors_coltheart_all_cum_freq_normalized	neighbors_coltheart_all_count_normalized	neighbors_levenshtein_higher_freq_cum_freq_normalized	neighbors_levenshtein_higher_freq_count_normalized	neighbors_levenshtein_all_cum_freq_normalized	neighbors_levenshtein_all_count_normalized	sent_surprisal_llama-7b	text_surprisal_llama-7b	sent_surprisal_llama-13b	text_surprisal_llama-13b	sent_surprisal_gpt2-base	text_surprisal_gpt2-base	sent_surprisal_gpt2-large	text_surprisal_gpt2-large	sent_surprisal_bert-base	text_surprisal_bert-base
Wurzeln	Wurzeln	1	1	1	1,7	b2	2	biology	0	7			0	0	0	1	0	0	0	0	0	0	0	0	NN	Wurzeln	7.0	nn	Wurzel	6.0	wur-zeln	2.0	17.5110192094	17.5518946044	29.7082370714	18.7127558218	11.1302322794	90.0128589799	32.2628201647	2056.9643265	684.509285182	1994345.24063	4536132.58675	269055.444914	459994.520501	213780.988996	284631.289651	13240.8075713	320.234194431	74.8264980503	0.0218471711054	0.170897035679	0.0	0.0	2.08464514398	3.4246868552	0.0	0.0	14.5434655339	5.13703028279	25.856157302856445	25.69732093811035	22.690189361572266	22.92829704284668	12.947465896606445	12.947461128234863	13.064294815063477	13.064279556274414	8.432554244995117	1.5780117511749268
entziehen	entziehen	2	2	1	8,16	b2	2	biology	0	9			0	0	0	0	0	0	0	0	0	0	0	0	VVFIN	entziehen	9.0	vvfin	entziehen	9.0	ent-zie-hen	3.0	0.981009479519	16.407383545	40.0578870804	435.968787777	208.905898167	145.104762865	31.0368640353	8434.62957904	13294.206286	4170178.15876	8875367.51171	773434.446416	1383722.89146	406087.950263	516140.977234	45007.5949345	2892.41652449	2177.579442	0.0132586142144	0.215865629227	0.0	0.0	0.400578870804	0.856171713799	0.0	0.0	1.0137097955	2.5685151414	12.039504051208496	12.056650161743164	7.954604625701904	8.023051261901855	11.507863998413086	11.507858276367188	11.115954399108887	11.115957260131836	2.732602596282959	1.8635425567626953
dem	dem	3	3	1	17,19	b2	2	biology	0	3			0	0	0	0	0	0	0	0	0	0	0	0	ART	dem	3.0	art	d	1.0	dem	1.0	5100.87323987	5616.24656993	80100.3069113	5616.24656993	0.428085856899	6562.36605229	9206.65119996	6667.98683292	1002.148991	1098350.78654	2107258.1957	260311.257794	170837.935256	214520.302265	48324.4719561	110461.430317	53801.2331077	5810.24119451	0.0776634434188	0.228051977566	43473.0753814	1.2842575707	43630.2003997	29.966009983	43473.0753814	1.2842575707	43925.3698019	41.0962422623	4.708017826080322	4.726637363433838	5.132570743560791	5.187358379364014	2.0036754608154297	2.003671407699585	2.6400115489959717	2.640019178390503	0.022548479959368706	0.008886078372597694
Boden	Boden	4	4	1	20,24	b2	2	biology	0	5			0	0	0	0	0	0	0	0	0	0	0	0	NN	Boden	5.0	nn	Boden	5.0	bo-den	2.0	149.775622286	149.775622286	167.875247183	151.222611268	9.41788885179	519.401931368	278.059264892	24298.4766468	27763.0801634	1598482.017	3280101.7132	495828.081424	791277.32258	371668.938371	506354.078374	17498.1271098	956.664094269	221.119536684	0.0432223724224	0.236409529767	0.0	0.0	56.0728668335	18.4076918467	0.0	0.0	70.2321036546	26.5413231278	2.906290292739868	2.886958837509156	2.1687605381011963	2.1889235973358154	3.8009650707244873	3.800973892211914	1.915907621383667	1.9158916473388672	1.0491193532943726	0.06363112479448318
Wasser	Wasser,	5	5	1	25,30	b2	2	biology	0	6		$,	0	0	0	0	0	0	0	0	0	0	0	0	NN	Wasser	6.0	nn	Wasser	6.0	was-ser	2.0	182.083534478	182.083534478	195.899417981	184.209055017	12.4144898501	351.478782683	327.764802644	5791.34041187	9882.79009238	1910402.9409	4651318.50444	363670.964287	628028.493395	224746.851934	219413.265525	13240.8075713	2611.21833227	811.948845882	0.0651694057196	0.253554658887	0.0	0.0	7.39844649137	12.4144898501	0.0	0.0	22.6122685029	17.123434276	5.697426795959473	5.632999897003174	4.527732372283936	4.587130546569824	3.8917579650878906	3.8917579650878906	5.476321220397949	5.476322174072266	28.083442986011505	27.366058945655823
aber	aber	6	6	1	32,35	b2	2	biology	0	4			0	0	1	0	0	0	0	0	0	0	0	0	KON	aber	4.0	kon	aber	4.0	a-ber	2.0	471.080752065	2250.5583722	3054.51199083	2250.67282331	3.4246868552	3474.69806611	4177.90330465	20714.5138399	54431.1167048	1434600.66378	3336615.03951	373884.907984	550578.343993	257156.208682	193124.513052	41334.1231877	4277.97796321	2367.56010279	0.0153935707803	0.129025098264	0.0	0.0	3047.7512005	16.2672625622	0.0	0.0	3056.26145773	30.8221816968	5.131002902984619	5.1581339836120605	4.309086322784424	4.318989276885986	4.952634811401367	4.952638149261475	4.549531936645508	4.54954195022583	1.2382469177246094	1.48615562915802
sie	sie	7	7	1	36,38	b2	2	biology	0	3			0	0	0	0	0	0	0	0	0	0	0	0	PPER	sie	3.0	pper	sie	3.0	sie	1.0	4963.73628971	4963.73628971	8487.45693951	4963.73628971	0.428085856899	4025.99531025	7654.66833231	8142.13342764	4056.96966584	1411597.82271	3107679.43219	282130.976914	322653.01929	243841.081467	199354.446528	48925.779496	15113.3748159	5524.95546278	0.0431282946748	0.183343569275	24520.1275636	0.428085856899	34559.672301	27.8255806985	24520.1275636	0.428085856899	34594.7025145	45.3771008313	3.1416361331939697	3.140779972076416	1.5937483310699463	1.5907918214797974	1.7902575731277466	1.7902579307556152	1.891263484954834	1.8912761211395264	0.0283123180270195	0.040722500532865524
nehmen	nehmen	8	8	1	39,44	b2	2	biology	0	6			0	0	0	0	0	0	0	0	0	0	0	0	VVFIN	nehmen	6.0	vvfin	nehmen	6.0	neh-men	2.0	41.9545054074	180.562969784	699.917563321	180.808222154	5.13703028279	846.423438642	340.241621987	8115.80967327	18624.3032903	2806288.42119	5886744.32144	479380.419265	795187.030711	359375.54888	460251.372015	21439.2836433	2061.65682184	214.603998724	0.0246021794484	0.271329746539	0.0	0.0	57.0048258391	5.56511613969	0.0	0.0	84.8818452154	9.84597470869	3.509398460388184	3.537548303604126	3.2772772312164307	3.2465524673461914	5.471956729888916	5.471953868865967	4.211976051330566	4.211994171142578	0.29205000400543213	0.6440369486808777
auch	auch	9	9	1	45,48	b2	2	biology	0	4			0	0	0	0	0	0	0	0	0	0	0	0	ADV	auch	4.0	adv	auch	4.0	auch	1.0	3657.70201947	3657.70201947	4062.31120421	3657.7265447	1.7123434276	5011.09402184	6605.29644085	4063.36578941	38.527727121	772506.125321	1894232.82734	249438.811483	395247.390817	147745.267841	76885.5041567	41334.1231877	16266.7803613	3659.42696113	0.0286380221234	0.178284036154	0.0	0.0	662.908980706	17.9796059898	0.0	0.0	722.251879138	30.8221816968	0.7850392460823059	0.7894085645675659	0.2771985530853271	0.2728331387042999	1.7117341756820679	1.711735725402832	1.0466606616973877	1.04666006565094	0.4919895827770233	1.0213513374328613
essenzielle	essenzielle	10	10	1	49,59	b2	2	biology	0	11			0	0	0	0	0	0	0	0	0	0	0	0	ADJA	essenzielle	11.0	adja	essenziell	10.0	es-sen-ziel-le	4.0	0.00817507899599	0.00817507899599	0.016350157992	1.2262618494	6.42128785349	0.126068429944	0.0155184320176	24746.4546256	51597.1883321	4856061.93185	10806339.5235	626357.474933	1191759.34725	231027.617976	310727.831574	45007.5949345	4564.40820599	47.0721048589	4.698e-06	1.0	0.277952685864	0.428085856899	0.277952685864	0.428085856899	0.277952685864	0.428085856899	0.28612776486	0.856171713799	11.298812866210938	11.422114372253418	9.77138900756836	9.719937324523926	9.527284622192383	9.527276039123535	11.471517562866211	11.471512794494629	2.433733131736517	0.06867338251322508
Mineralstoffe	Mineralstoffe	11	11	1	60,72	b2	2	biology	0	13			0	0	0	0	0	0	0	0	1	0	0	0	NN	Mineralstoffe	13.0	nn	Mineralstoff	12.0	mi-ne-ral-stof-fe	5.0	0.792982662611	0.792982662611	1.26713724438	22.9392716628	128.853842927	3.65598446837	1.42769574562	21725.6893609	48422.0755315	3953327.3295	9304211.08057	562194.623501	1140056.8498	198132.53891	289356.50134	14815.8918663	3196.22698522	629.530133165	0.00569523062887	0.190344070289	0.0	0.0	0.032700315984	0.428085856899	0.0	0.0	0.506854897752	1.2842575707	3.717954635620117	3.772842168807984	3.830498218536377	3.8583648204803462	3.251762866973877	3.251763343811035	3.8175387382507324	3.8175175189971924	2.335886150598526	0.05689239036291838
auf	auf.	12	12	1	73,75	b2	2	biology	0	3		$.	0	0	0	0	1	1	0	0	0	0	0	0	PTKVZ	auf	3.0	ptkvz	auf	3.0	auf	1.0	499.309299838	5591.37797963	5914.8658555	5591.37797963	0.428085856899	6569.04767908	9351.09676518	8980.91288279	7572.83880855	489216.952266	1286948.94648	95233.9886234	112163.203452	83805.1382611	46267.0913278	41334.1231877	16266.7803613	7317.89743803	0.0692951484301	0.289895292654	0.0	0.0	3235.89246851	19.2638635605	0.0	0.0	3376.16047392	32.5345251244	2.03707218170166	2.02589750289917	1.792179822921753	1.7908291816711426	1.8067121505737305	1.806703805923462	1.3344860076904297	1.3344929218292236	25.838103890419006	25.500051736831665
Böden	Böden	13	1	2	77,81	b2	2	biology	0	5			0	0	0	1	0	0	0	0	0	0	0	0	NN	Böden	5.0	nn	Boden	5.0	bö-den	2.0	7.32487078041	7.32487078041	167.875247183	7.33304585941	0.856171713799	22.6923173899	12.9889275988	23466.6460088	22511.7509568	1495641.11737	2927890.22166	490645.285718	776562.727421	367386.889219	497723.439413	17498.1271098	129.599527323	7.70092441423	0.0894337109554	0.363032957105	160.861029404	0.856171713799	170.564848172	6.84937371039	160.861029404	0.856171713799	173.622327717	9.84597470869	22.04428100585937	14.993146896362305	22.58432388305664	9.61386489868164	13.27676010131836	7.482794284820557	12.32235050201416	6.9681901931762695	10.090696334838867	5.2559123039245605
sind	sind	14	2	2	82,85	b2	2	biology	0	4			0	0	0	0	0	0	0	0	0	0	0	0	VAFIN	sind	4.0	vafin	sein	4.0	sind	1.0	2296.19983824	2298.63601178	17044.4184006	2302.62545033	5.99320199659	4304.10226671	4116.7606825	2333.22477101	26.1132372709	1332047.00373	2728807.18157	249282.495798	286785.417683	144872.038227	66814.7843732	48925.779496	15113.3748159	2467.07533941	0.0559257789967	0.326343386708	0.0	0.0	259.885761283	20.9762069881	0.0	0.0	267.325083169	26.5413231278	2.211361885070801	2.554615974426269	3.222076416015625	2.3986752033233643	2.4097301959991455	1.2425484657287598	1.8307545185089111	1.5859915018081665	0.02013481967151165	0.03322669491171837
heterogen	heterogen	15	3	2	86,94	b2	2	biology	0	9			0	0	0	0	0	0	0	0	1	0	0	0	NN	heterogen	9.0	adjd	heterogen	9.0	he-te-ro-gen	4.0	0.506854897752	0.506854897752	3.97308839205	0.931959005543	4.28085856899	5.16880562769	0.962142785093	49495.7460036	105619.483044	3866599.94385	8618565.65553	777247.630263	1568066.50742	389858.358336	563465.440629	17646.9952984	3154.95918645	16.6281106778	0.0049345453871	0.337245168952	0.0	0.0	0.016350157992	0.856171713799	1.08728550647	0.428085856899	1.10363566446	1.2842575707	9.814831733703612	9.1166353225708	7.478503227233887	8.674895286560059	12.232529640197754	10.080291748046875	12.402469635009766	11.524835586547852	0.02890567947179079	0.015109230065718293
und	und	16	4	2	95,97	b2	2	biology	0	3			0	0	0	0	0	0	0	0	0	0	0	0	KON	und	3.0	kon	und	3.0	und	1.0	22313.7473183	22313.7473183	23398.5884761	22313.7473183	0.428085856899	9064.0679761	29467.6401896	23513.5137367	723.037012303	869972.90787	1656300.13956	195202.966651	251153.263298	160187.509171	58920.0250002	32509.3788389	28906.6542257	22352.5789435	0.120238001286	0.419307858966	0.0	0.0	2201.34439665	22.6885504157	0.0	0.0	2454.42031712	42.8085856899	1.227461814880371	1.2627172470092771	1.397211670875549	1.0767191648483276	0.9240099191665649	0.9767330884933472	1.181997299194336	1.3048678636550903	0.03120817244052887	0.024723641574382782
weisen	weisen	17	5	2	98,103	b2	2	biology	0	6			0	0	0	0	0	0	0	0	0	0	0	0	VVFIN	weisen	6.0	vvfin	weisen	6.0	wei-sen	2.0	16.7670870208	20.1433946461	105.556619996	540.830526059	31.2502675537	167.544943395	38.1598243313	11050.7039082	25895.7696556	2715527.36163	5785665.97317	582321.520837	978458.291595	389912.493709	489835.101328	34258.3961147	9994.2302745	2505.75163814	0.0408722320678	0.212623638377	81.0722584033	0.856171713799	149.57942039	12.4144898501	81.0722584033	0.856171713799	161.564086198	15.4110908484	3.739453077316284	5.029310703277588	4.0829291343688965	3.236602306365967	5.085322856903076	4.847064018249512	5.212791442871094	4.6741132736206055	0.04562299698591232	0.050420138984918594
Unterschiede	Unterschiede	18	6	2	104,115	b2	2	biology	0	12			0	0	0	0	0	0	0	0	0	0	0	0	NN	Unterschiede	12.0	nn	Unterschied	11.0	un-ter-schie-de	4.0	24.9666912538	24.9830414118	89.835943087	196.389922721	136.987474208	133.380398881	45.9035219081	34897.2131376	81269.9595031	4623716.54019	9978835.00715	788773.15911	1507890.9066	244451.498266	476263.067321	5614.22732542	3280.61015062	1058.77900601	0.0168619735259	0.218578665819	0.0	0.0	0.817507899599	1.7123434276	61.0760151791	0.428085856899	65.4496824419	3.4246868552	5.654908180236816	4.597495079040527	4.719562530517578	4.344426155090332	4.715620040893555	4.366033554077148	4.767945289611816	4.4094438552856445	1.5829780101776123	2.9972832202911377
auf	auf	19	7	2	116,118	b2	2	biology	0	3			0	0	0	0	0	0	0	0	0	0	0	0	APPR	auf	3.0	appr	auf	3.0	auf	1.0	5092.06867979	5591.37797963	5914.8658555	5591.37797963	0.428085856899	6569.04767908	9351.09676518	8980.91288279	7572.83880855	489216.952266	1286948.94648	95233.9886234	112163.203452	83805.1382611	46267.0913278	41334.1231877	16266.7803613	7317.89743803	0.0692951484301	0.289895292654	0.0	0.0	3235.89246851	19.2638635605	0.0	0.0	3376.16047392	32.5345251244	2.941274404525757	2.978808641433716	1.869140863418579	1.1454787254333496	1.2866021394729614	1.9326974153518677	2.053236246109009	2.1151437759399414	0.15645653009414673	0.7475687265396118
kleinem	kleinem	20	8	2	119,125	b2	2	biology	0	7			0	0	0	0	0	0	0	0	0	0	0	0	ADJA	kleinem	7.0	adja	klein	5.0	klei-nem	2.0	4.30826663089	4.30826663089	660.10492861	338.709872962	13.2706615639	44.5021557702	8.11613994522	3496.83281498	1708.49065489	2714044.90098	5924375.20869	301699.802483	481549.071482	124060.641526	97121.9787841	11052.747678	1207.8515715	694.562886579	0.0102679787609	0.18196897866	324.101006796	1.2842575707	324.264508376	2.1404292845	560.352614701	2.1404292845	560.540641518	3.4246868552	12.131234169006348	12.118241310119627	11.148881912231444	13.075130462646484	18.124326705932617	17.38348960876465	14.884868621826172	14.716078758239746	1.7286830633238424	1.4501019868184812
Raum	Raum	21	9	2	126,129	b2	2	biology	0	4			0	0	0	0	0	0	0	0	0	0	0	0	NN	Raum	4.0	nn	Raum	4.0	raum	1.0	119.486954605	119.486954605	177.235712633	127.621158206	3.8527727121	436.196767605	219.865144826	264.504680915	1193.50336904	539470.822395	1388502.04197	81441.5348966	150175.087115	48583.4644132	71075.5229069	9222.31479046	1128.24265224	283.618015608	0.0356834014039	0.213435655552	197.346406963	0.428085856899	257.245210767	13.2706615639	197.346406963	0.428085856899	274.004122709	18.4076918467	0.618924617767334	0.0919140204787254	0.1068199053406715	0.0507523082196712	0.018420111387968063	0.0254338551312685	0.06619257479906082	0.040649134665727615	0.8230214715003967	0.7477840185165405
auf	auf.	22	10	2	130,132	b2	2	biology	0	3		$.	0	0	0	0	0	1	0	0	0	0	0	0	PTKVZ	auf	3.0	ptkvz	auf	3.0	auf	1.0	499.309299838	5591.37797963	5914.8658555	5591.37797963	0.428085856899	6569.04767908	9351.09676518	8980.91288279	7572.83880855	489216.952266	1286948.94648	95233.9886234	112163.203452	83805.1382611	46267.0913278	41334.1231877	16266.7803613	7317.89743803	0.0692951484301	0.289895292654	0.0	0.0	3235.89246851	19.2638635605	0.0	0.0	3376.16047392	32.5345251244	0.4195452332496643	0.3449576497077942	0.2407346069812774	0.2634516060352325	0.36961254477500916	0.5311985015869141	0.323360800743103	0.2889400124549866	27.029816720692907	26.71519533044193
Wurzeln	Wurzeln,	23	1	3	134,140	b2	2	biology	0	7		$,	0	0	0	1	0	0	0	0	0	0	0	0	NN	Wurzeln	7.0	nn	Wurzel	6.0	wur-zeln	2.0	17.5110192094	17.5518946044	29.7082370714	18.7127558218	11.1302322794	90.0128589799	32.2628201647	2056.9643265	684.509285182	1994345.24063	4536132.58675	269055.444914	459994.520501	213780.988996	284631.289651	13240.8075713	320.234194431	74.8264980503	0.0218471711054	0.170897035679	0.0	0.0	2.08464514398	3.4246868552	0.0	0.0	14.5434655339	5.13703028279	29.420928955078125	11.594390869140623	25.024629592895508	8.15777587890625	15.129051208496094	13.287921905517578	15.22775936126709	11.636585235595703	34.86578702926636	29.058566093444824
die	die	24	2	3	142,144	b2	2	biology	0	3			0	0	1	0	0	0	0	0	0	0	0	0	PRELS	die	3.0	prels	die	3.0	die	1.0	3918.55244007	24520.1275636	10789.1994813	24520.1275636	0.428085856899	9091.29875697	30440.211361	33694.5118659	1928.95487119	1361337.08551	2613060.47141	356516.797331	303924.26305	343523.065172	189343.230678	110461.430317	29991.8223867	29048.3692201	0.0938387928357	0.266249299869	0.0	0.0	15201.9436218	35.5311261227	0.0	0.0	15852.8515865	58.2196765383	1.552074909210205	0.8151551485061646	1.6432700157165527	0.4011207520961761	1.2032270431518555	0.2758846580982208	1.1833887100219727	0.3694625496864319	0.19655708968639374	0.39459314942359924
durch	durch	25	3	3	145,149	b2	2	biology	0	5			0	0	0	0	0	0	0	0	0	0	0	0	APPR	durch	5.0	appr	durch	5.0	durch	1.0	2265.55146708	2302.17582098	2421.46657369	2302.66632572	6.84937371039	4479.71558962	3888.06554986	3354.08776063	2913.1242562	1088066.18564	2327777.207	307334.132327	365429.926626	203764.587907	61067.3036584	110461.430317	3873.65490622	2945.03133291	0.0339580104325	0.23931799428	0.0	0.0	119.413378894	9.41788885179	0.0	0.0	139.7284502	15.8391767053	4.858456611633301	4.196684837341309	4.192224502563477	3.6530373096466064	3.974534749984741	4.023106575012207	4.496622085571289	4.390927314758301	2.139495372772217	2.0190131664276123
den	den	26	4	3	150,152	b2	2	biology	0	3			0	0	0	0	0	0	0	0	0	0	0	0	ART	den	3.0	art	d	1.0	den	1.0	9532.82881596	9841.63424996	80100.3069113	9841.63424996	0.428085856899	7940.04185472	15266.5057923	23354.2468477	22159.4362965	1464587.59747	2838670.7078	583323.017065	738089.367203	513926.807063	462012.089145	110461.430317	53801.2331077	11287.0372669	0.0645632931127	0.22424070987	26530.3631386	0.428085856899	39507.1238333	37.6715554072	26530.3631386	0.428085856899	40560.2456847	58.6477623952	2.6026060581207275	1.520349144935608	2.264370441436768	1.5784494876861572	2.373440980911255	2.9735708236694336	2.309704303741455	2.6298484802246094	0.0242081917822361	0.005240394733846188
Boden	Boden	27	5	3	153,157	b2	2	biology	0	5			0	0	0	0	0	0	0	0	0	0	0	0	NN	Boden	5.0	nn	Boden	5.0	bo-den	2.0	149.775622286	149.775622286	167.875247183	151.222611268	9.41788885179	519.401931368	278.059264892	24298.4766468	27763.0801634	1598482.017	3280101.7132	495828.081424	791277.32258	371668.938371	506354.078374	17498.1271098	956.664094269	221.119536684	0.0432223724224	0.236409529767	0.0	0.0	56.0728668335	18.4076918467	0.0	0.0	70.2321036546	26.5413231278	2.556647062301636	0.1543307602405548	1.185412883758545	0.1575178354978561	3.402400255203247	0.9586104154586792	3.450814962387085	1.3271286487579346	1.829543948173523	0.08668199926614761
wachsen	wachsen,	28	6	3	158,164	b2	2	biology	0	7		$,	0	0	0	0	1	0	0	0	0	0	0	0	VVFIN	wachsen	7.0	vvfin	wachsen	7.0	wach-sen	2.0	6.27846066892	19.7591659333	85.5603767721	26.6344073689	11.1302322794	138.801341368	37.1356078182	8516.56839581	22066.5416656	2168884.72229	4889845.37539	600226.578854	1048861.71971	388977.975904	493767.926095	34258.3961147	6277.02185502	105.908148393	0.0355935766446	0.248508514017	22.0808883682	0.428085856899	33.0027939068	5.56511613969	22.0808883682	0.428085856899	41.6765527216	9.84597470869	2.8897018432617188	1.1481164693832395	1.8694052696228027	0.9581929445266724	3.066891670227051	2.720205783843994	3.2249889373779297	1.4849034547805786	28.52058494091034	29.591328144073486
können	können	29	7	3	166,171	b2	2	biology	0	6			0	0	1	0	0	0	0	0	0	0	0	0	VMFIN	können	6.0	vmfin	können	6.0	kön-nen	2.0	410.429840994	800.364758945	3346.01895766	1040.34420287	6.84937371039	2247.92617433	1485.25360998	13304.9737663	21461.2282639	2256673.84632	4790724.23565	449157.928849	734790.965676	355872.813658	463296.346715	11052.747678	1430.29547098	1371.06702365	0.0301274059589	0.356573992093	0.0	0.0	97.994671925	8.56171713799	0.0	0.0	382.953400488	14.5549191346	3.0134642124176025	1.996498703956604	2.720056533813477	3.107263803482056	3.115114688873291	2.4287025928497314	3.5284528732299805	2.0974326133728027	0.7255318760871887	2.558072805404663
auf	auf	30	8	3	172,174	b2	2	biology	0	3			0	0	0	0	0	0	0	0	0	0	0	0	APPR	auf	3.0	appr	auf	3.0	auf	1.0	5092.06867979	5591.37797963	5914.8658555	5591.37797963	0.428085856899	6569.04767908	9351.09676518	8980.91288279	7572.83880855	489216.952266	1286948.94648	95233.9886234	112163.203452	83805.1382611	46267.0913278	41334.1231877	16266.7803613	7317.89743803	0.0692951484301	0.289895292654	0.0	0.0	3235.89246851	19.2638635605	0.0	0.0	3376.16047392	32.5345251244	4.737123966217041	4.600889682769775	4.040890216827393	3.2059435844421387	4.325471878051758	4.553257942199707	4.03447151184082	4.4496660232543945	0.5948266983032227	0.3465813398361206
Regionen	Regionen	31	9	3	175,182	b2	2	biology	0	8			0	0	0	0	0	0	0	0	0	0	0	0	NN	Regionen	8.0	nn	Region	6.0	reg-i-o-nen	4.0	8.32223041792	8.32223041792	25.2691691766	89.9503941929	38.9558129779	78.1624265651	15.3011739694	24355.9556272	63110.1293675	3119258.68187	6724986.94338	482410.831123	899852.738465	360888.379948	533406.536015	9222.31479046	4688.04810073	1042.7068007	0.0189747858869	0.169055116117	0.0	0.0	2.97572875454	1.2842575707	0.0	0.0	3.00025399153	1.7123434276	12.013726234436035	9.63692569732666	14.61560344696045	6.900735855102539	12.016022682189941	10.289921760559082	11.89561653137207	10.045949935913086	5.585826396942139	4.739394187927246
treffen	treffen,	32	10	3	183,189	b2	2	biology	0	7		$,	0	0	0	0	1	0	0	0	0	0	0	0	VVINF	treffen	7.0	vvinf	treffen	7.0	tref-fen	2.0	43.7448477076	54.4296759553	211.489293626	107.47776356	22.2604645588	416.404024104	102.328540724	3793.26935446	9355.38831668	2770360.76387	6187140.72894	450566.110732	867043.810307	339975.456941	458696.992269	4464.63954192	1567.08089274	290.158078805	0.0201700694441	0.242113276743	0.0	0.0	20.396822095	2.5685151414	0.0	0.0	27.8606692183	5.99320199659	3.455604076385498	1.869161605834961	6.727252006530762	1.8943240642547607	5.011455059051514	4.811675071716309	4.921207427978516	3.114198923110962	31.991127490997314	33.74523401260376
die	die	33	11	3	191,193	b2	2	biology	0	3			0	0	1	0	0	0	0	0	0	0	0	0	PRELS	die	3.0	prels	die	3.0	die	1.0	3918.55244007	24520.1275636	10789.1994813	24520.1275636	0.428085856899	9091.29875697	30440.211361	33694.5118659	1928.95487119	1361337.08551	2613060.47141	356516.797331	303924.26305	343523.065172	189343.230678	110461.430317	29991.8223867	29048.3692201	0.0938387928357	0.266249299869	0.0	0.0	15201.9436218	35.5311261227	0.0	0.0	15852.8515865	58.2196765383	0.628466010093689	0.8400989770889282	0.4250899851322174	0.4075490236282348	0.5662848949432373	0.7436627745628357	0.4443323612213135	0.46477070450782776	0.25206729769706726	0.26793867349624634
sich	sich	34	12	3	194,197	b2	2	biology	0	4			0	0	0	0	0	0	0	0	0	0	0	0	PRF	sich	4.0	prf	sich	4.0	sich	1.0	6557.46793998	6557.46793998	6566.55045274	6557.81946837	0.856171713799	6282.99841154	11211.8033194	6926.29480396	1064.22144025	990057.517976	2298056.06212	287477.77288	411907.636196	194753.386357	108862.23341	48925.779496	15113.3748159	6879.41072592	0.109257424523	0.373105981887	0.0	0.0	1254.85010065	21.404292845	0.0	0.0	4636.93750684	29.5379241261	3.039456605911255	3.260457992553711	3.069552421569824	4.193536758422852	2.8968656063079834	2.892207145690918	3.1131253242492676	3.4088361263275146	0.26128673553466797	0.2292257696390152
im	im	35	13	3	198,199	b2	2	biology	0	2			0	0	0	0	0	0	0	0	0	0	0	0	APPRART	im	2.0	apprart	im	2.0	im	1.0	4320.93800333	4320.93800333	4852.53069013	0.0	0.0	6505.00491667	7332.35049931	6212.43055587	1739.74092244	476263.776674	1003959.79418	79143.642817	44968.7069239	79582.1540543	29361.1246672	37971.7622471	5463.51156905	-0.00817507899599	0.0471865575674	0.258008463415	13165.4578681	0.428085856899	17856.5143979	39.8119846916	13165.4578681	0.428085856899	19278.847342	58.6477623952	2.6126868724823	2.9973573684692383	2.686375379562378	2.8792099952697754	2.753612995147705	2.8982505798339844	3.1478614807128906	3.0974349975585938	2.5863423347473145	2.465601682662964
Wasser-	Wasser-	36	14	3	200,206	b2	2	biology	0	7			0	0	0	0	0	0	0	0	0	0	0	0	TRUNC	Wasser-	7.0	trunc	Wasser-	7.0	was-ser-	2.0	1.79851737912	2.26449688189	2.26449688189	22.383366291	20.9762069881	24.9615491289	4.25205037283	5791.34041187	9882.79009238	1921197.74031	4776797.74656	259780.744218	574339.677566	40039.8365059	102268.855042	13240.8075713	2611.21833227	811.948845882	0.00116947416968	0.165298433816	11.0036563286	0.428085856899	13.1210017886	3.8527727121	193.087190806	0.856171713799	195.359862767	8.13363128109	8.344797134399414	5.156465530395508	6.589413166046143	3.543386936187744	10.153494834899902	8.874238967895508	10.830674171447754	8.904624938964844	25.40816354751587	24.826942801475525
und	und	37	15	3	207,209	b2	2	biology	0	3			0	0	0	0	0	0	0	0	0	0	0	0	KON	und	3.0	kon	und	3.0	und	1.0	22313.7473183	22313.7473183	23398.5884761	22313.7473183	0.428085856899	9064.0679761	29467.6401896	23513.5137367	723.037012303	869972.90787	1656300.13956	195202.966651	251153.263298	160187.509171	58920.0250002	32509.3788389	28906.6542257	22352.5789435	0.120238001286	0.419307858966	0.0	0.0	2201.34439665	22.6885504157	0.0	0.0	2454.42031712	42.8085856899	1.1103849411010742	0.1727956533432006	1.0256717205047607	0.3060106039047241	0.6951513290405273	0.7099887728691101	0.776110827922821	0.6729735136032104	2.4891250133514404	2.0775022506713867
Mineralstoffgehalt	Mineralstoffgehalt	38	16	3	210,227	b2	2	biology	0	18			0	0	0	0	0	0	0	0	1	0	0	0	NN	Mineralstoffgehalt	18.0	nn	Mineralstoffgehalt	18.0	mi-ne-ral-stoff-geh-alt	6.0	0.04087539498	0.04087539498	0.04087539498	5.95145750908	104.024863227	0.504273719775	0.0775921600881	19531.457283	41502.0676547	4986875.14775	12061525.3555	645830.856455	1343634.79139	164399.898475	223200.969186	14815.8918663	3196.22698522	629.530133165	1.18598e-05	0.017756196	0.0	0.0	0.0	0.0	0.0	0.0	0.0	0.0	10.71889591217041	3.412915229797364	7.538408756256103	3.1390209197998047	13.339622497558594	11.324583053588867	11.959016799926758	9.720039367675781	4.112385895103216	1.1582785388454795
unterscheiden	unterscheiden.	39	17	3	228,240	b2	2	biology	0	13		$.	0	0	0	0	1	1	0	0	0	0	0	0	VVFIN	unterscheiden	13.0	vvfin	unterscheiden	13.0	un-ter-schei-den	4.0	10.235198903	45.2899376378	99.1882334584	225.967358528	118.579782361	194.145382113	85.7083000334	42973.6271052	68992.0290413	5267980.93706	11366539.9533	1153708.04783	2192469.54169	532404.447612	811210.284335	32509.3788389	28906.6542257	2137.73410698	0.0373510293447	0.293783343859	0.0	0.0	30.7055967089	0.856171713799	0.0	0.0	32.5041140881	2.5685151414	0.8611685037612915	1.0261971950531006	1.2952500581741333	1.6129369735717771	2.3214640617370605	1.3753645420074463	1.0752003192901611	1.2130717039108276	34.742586612701416	33.01942753791809
In	In	40	1	4	242,243	b2	2	biology	0	2			0	0	0	1	0	0	0	0	0	0	0	0	APPR	In	2.0	appr	in	2.0	in	1.0	1126.95098976	1129.46891409	14298.1641135	0.0	0.0	3679.81140163	2136.22079625	18583.5486983	15158.092107	482564.023928	1003993.18487	206102.496999	254899.442632	207172.18156	253451.656264	8060.80774179	3275.63970259	-0.00817507899599	0.0192971185569	0.0371644358343	17049.8303029	0.856171713799	18134.491609	46.661358402	17049.8303029	0.856171713799	18352.7743933	56.9354189676	15.09238052368164	3.453777313232422	14.474632263183594	3.7487292289733887	3.8910319805145264	4.115212440490723	4.033167839050293	3.6236069202423096	0.02711709775030613	0.037484217435121536
den	den	41	2	4	244,246	b2	2	biology	0	3			0	0	0	0	0	0	0	0	0	0	0	0	ART	den	3.0	art	d	1.0	den	1.0	9532.82881596	9841.63424996	80100.3069113	9841.63424996	0.428085856899	7940.04185472	15266.5057923	23354.2468477	22159.4362965	1464587.59747	2838670.7078	583323.017065	738089.367203	513926.807063	462012.089145	110461.430317	53801.2331077	11287.0372669	0.0645632931127	0.22424070987	26530.3631386	0.428085856899	39507.1238333	37.6715554072	26530.3631386	0.428085856899	40560.2456847	58.6477623952	2.382662057876587	3.0965828895568848	2.362407684326172	2.6487410068511963	2.29927921295166	2.6323351860046387	2.260809898376465	2.502934455871582	0.5638130307197571	1.048256516456604
besser	besser	42	3	4	247,252	b2	2	biology	0	6			0	0	0	0	0	0	0	0	0	0	0	0	ADJD	besser	6.0	adjd	gut	3.0	bes-ser	2.0	148.770087569	148.770087569	1114.15699113	292.447100924	23.9728079864	603.615642571	277.019529947	3597.19008474	9188.86291835	2501954.32212	5764756.54757	443299.61819	760807.883629	245916.407021	206195.686607	20337.830725	14068.4280436	3126.49356139	0.013629622936	0.163665601491	0.0	0.0	40.5647419781	7.70554542419	0.0	0.0	73.6084112799	12.842575707	12.348576545715332	7.652716159820557	13.882373809814451	9.15124797821045	12.346308708190918	11.389937400817871	12.971217155456543	10.895772933959961	3.4621572494506836	2.5382490158081055
versorgten	versorgten	43	4	4	253,262	b2	2	biology	0	10			0	0	0	0	0	0	0	0	0	0	0	0	ADJA	versorgten	10.0	adja	versorgt	8.0	ver-sorg-ten	3.0	0.228902211888	0.743932188635	0.36787855482	1355.77962593	1024.40945556	10.5897481153	1.4121773136	34267.8546811	88857.3532308	3527551.16482	8219886.72848	715554.282169	1393724.26134	404576.369982	578919.768149	23102.1601118	7335.96436261	7300.98319958	0.0643104424945	0.237538833604	0.0	0.0	0.12262618494	2.5685151414	7.59464838728	0.856171713799	7.71727457222	3.4246868552	6.178236484527588	0.9702907800674438	5.942101001739502	0.4613472521305084	7.202848434448242	6.228938102722168	5.319436073303223	4.248706817626953	2.6856398450909182	4.627299536135979
Regionen	Regionen	44	5	4	263,270	b2	2	biology	0	8			0	0	0	0	0	0	0	0	0	0	0	0	NN	Regionen	8.0	nn	Region	6.0	reg-i-o-nen	4.0	8.32223041792	8.32223041792	25.2691691766	89.9503941929	38.9558129779	78.1624265651	15.3011739694	24355.9556272	63110.1293675	3119258.68187	6724986.94338	482410.831123	899852.738465	360888.379948	533406.536015	9222.31479046	4688.04810073	1042.7068007	0.0189747858869	0.169055116117	0.0	0.0	2.97572875454	1.2842575707	0.0	0.0	3.00025399153	1.7123434276	3.1557159423828125	1.4321703910827637	1.6596702337265017	0.6465208530426025	2.495539903640747	1.5635836124420166	1.4170972108840942	0.7250608801841736	1.8349337577819824	1.1643810272216797
sind	sind	45	6	4	271,274	b2	2	biology	0	4			0	0	0	0	0	0	0	0	0	0	0	0	VAFIN	sind	4.0	vafin	sein	4.0	sind	1.0	2296.19983824	2298.63601178	17044.4184006	2302.62545033	5.99320199659	4304.10226671	4116.7606825	2333.22477101	26.1132372709	1332047.00373	2728807.18157	249282.495798	286785.417683	144872.038227	66814.7843732	48925.779496	15113.3748159	2467.07533941	0.0559257789967	0.326343386708	0.0	0.0	259.885761283	20.9762069881	0.0	0.0	267.325083169	26.5413231278	3.528702974319458	4.093592166900635	3.464064598083496	4.558473587036133	3.298691749572754	2.5783169269561768	3.9735946655273438	2.438084363937378	0.12565286457538605	0.04769426956772804
Wurzeln	Wurzeln	46	7	4	275,281	b2	2	biology	0	7			0	0	0	0	0	0	0	0	0	0	0	0	NN	Wurzeln	7.0	nn	Wurzel	6.0	wur-zeln	2.0	17.5110192094	17.5518946044	29.7082370714	18.7127558218	11.1302322794	90.0128589799	32.2628201647	2056.9643265	684.509285182	1994345.24063	4536132.58675	269055.444914	459994.520501	213780.988996	284631.289651	13240.8075713	320.234194431	74.8264980503	0.0218471711054	0.170897035679	0.0	0.0	2.08464514398	3.4246868552	0.0	0.0	14.5434655339	5.13703028279	11.928773880004885	2.8927581310272217	10.71934700012207	2.711952209472656	11.122655868530273	2.3242359161376953	12.805346488952637	3.1311988830566406	10.839818000793457	1.5932726860046387
oft	oft	47	8	4	282,284	b2	2	biology	0	3			0	0	0	0	0	0	0	0	0	0	0	0	ADV	oft	3.0	adv	oft	3.0	oft	1.0	247.034537101	247.034537101	264.422930125	247.034537101	0.428085856899	733.844330703	459.966325003	276.203218959	17.9796059898	461254.14361	1327899.21147	102010.148102	115194.907491	95586.6697064	86931.3949606	5492.20609632	765.784174792	256.149750181	0.0114874270001	0.169425200194	0.0	0.0	20.6338993859	8.98980299489	0.0	0.0	179.385758409	15.4110908484	4.5264811515808105	4.332975387573242	4.401741027832031	5.055750846862793	4.359739303588867	3.1675338745117188	3.4416451454162598	3.5209813117980957	1.8762731552124023	2.4260361194610596
stark	stark	48	9	4	285,289	b2	2	biology	0	5			0	0	0	0	0	0	0	0	0	0	0	0	ADJD	stark	5.0	adjd	stark	5.0	stark	1.0	129.22347369	129.22347369	391.602634066	614.904916842	23.9728079864	639.923350395	242.009947315	137.750081082	127.997671213	1186525.50453	3227302.0317	139222.584486	313870.409849	66257.6581994	64036.9352477	48925.779496	4391.00660541	1360.80729951	0.0162655604963	0.215055352842	0.0	0.0	90.2610471948	5.13703028279	0.0	0.0	144.846049651	8.56171713799	5.699633598327637	4.32895565032959	6.073025703430176	4.1824727058410645	5.601992607116699	4.673727035522461	4.8582763671875	4.975948333740234	1.4636861085891724	1.2896825075149536
verzweigt	verzweigt.	49	10	4	290,298	b2	2	biology	0	9		$.	0	0	0	0	0	1	0	0	0	0	0	0	ADJD	verzweigt	9.0	adjd	verzweigt	9.0	ver-zweigt	2.0	0.188026816908	0.940134084539	2.01924451201	1957.40821448	792.815006978	10.2115428254	1.78461968203	15298.6711564	39540.1501725	2807761.75027	6224167.58705	423862.950948	715268.538258	143131.457633	151414.823757	23102.1601118	7335.96436261	7300.98319958	0.0232659843478	0.307229173704	0.0	0.0	0.032700315984	1.2842575707	0.0	0.0	0.572255529719	2.5685151414	4.300044536590576	3.953521251678467	6.785904884338379	2.9968924522399902	4.404773712158203	4.174557685852051	3.7667903900146484	5.151075839996338	27.20771811308805	27.760262089577736
Für	Für	50	1	5	300,302	b2	2	biology	0	3			0	0	0	1	0	0	0	0	0	0	0	0	APPR	Für	3.0	appr	für	3.0	für	1.0	264.987010576	264.987010576	4410.71672087	264.987010576	0.428085856899	1246.56463528	501.32294633	4814.18956963	683.225027612	382244.907267	955130.608995	131673.58574	117907.25948	128756.480477	110190.583823	11807.4546207	808.05750828	378.587908304	0.00735607993057	0.0284594314023	4142.64770551	0.428085856899	4270.68579274	14.5549191346	4142.64770551	0.428085856899	4274.65070606	18.8357777036	15.640037536621094	6.937613487243652	17.599658966064453	6.456941604614258	4.616988182067871	5.609182834625244	4.695810317993164	5.492183208465576	0.0270849596709013	0.02759777009487152
die	die	51	2	5	303,305	b2	2	biology	0	3			0	0	0	0	0	0	0	0	0	0	0	0	ART	die	3.0	art	d	1.0	die	1.0	20527.116504	24520.1275636	80100.3069113	24520.1275636	0.428085856899	9091.29875697	30440.211361	33694.5118659	1928.95487119	1361337.08551	2613060.47141	356516.797331	303924.26305	343523.065172	189343.230678	110461.430317	29991.8223867	29048.3692201	0.0938387928357	0.266249299869	0.0	0.0	15201.9436218	35.5311261227	0.0	0.0	15852.8515865	58.2196765383	1.3452212810516355	1.1797816753387451	1.5793317556381226	1.0029947757720947	1.6192593574523926	1.4520331621170044	1.6527576446533203	1.3427162170410156	0.004217302426695824	0.0017725008074194193
Aufnahme	Aufnahme	52	3	5	306,313	b2	2	biology	0	8			0	0	0	0	0	0	0	0	0	0	0	0	NN	Aufnahme	8.0	nn	Aufnahme	8.0	auf-nah-me	3.0	43.4914202587	43.4914202587	49.8352815596	261.283699791	67.2094795332	345.805703336	81.006215132	13704.8904557	26681.7352888	2072137.83719	4650347.60572	214931.892967	367185.506725	164623.44601	235064.512539	19822.5963712	5396.67212318	1676.8558535	0.0107749507092	0.134480251329	0.0	0.0	40.6710180051	1.7123434276	0.0	0.0	47.2764818338	4.28085856899	6.269873142242432	4.379367828369141	6.473356246948242	4.021265506744385	5.638217926025391	3.7797834873199463	6.038703441619873	4.417139053344727	3.3182294368743896	2.074589252471924
mineralischer	mineralischer	53	4	5	314,326	b2	2	biology	0	13			0	0	0	0	0	0	0	0	1	0	0	0	ADJA	mineralischer	13.0	adja	mineralisch	11.0	mi-ne-ra-li-scher	5.0	0.196201895904	0.196201895904	1.51238961426	4.12841489298	18.8357777036	2.89957388871	0.372442368423	33667.2398024	92727.677463	4576273.08237	10387542.2735	921589.79257	1817379.8577	347139.818221	467198.777387	21052.512481	9522.82251927	150.045399892	0.0104901535	0.282802275125	0.760282346627	0.428085856899	0.809332820603	1.2842575707	1.20991169141	0.856171713799	1.25896216538	1.7123434276	11.53717803955078	7.080371856689453	13.09406852722168	6.260339736938477	14.853765487670898	10.223201751708984	17.160669326782227	6.747445583343506	0.0027482055572818354	0.005903616078057894
Nährstoffe	Nährstoffe	54	5	5	327,336	b2	2	biology	0	10			0	0	0	0	0	0	0	0	1	0	0	0	NN	Nährstoffe	10.0	nn	Nährstoff	9.0	nähr-stof-fe	3.0	3.78506157514	3.78506157514	5.33015150539	5.89423195611	20.9762069881	10.2115428254	7.07640500004	2805.17208145	10837.8496391	2155483.56872	5300392.98282	244271.3277	502642.573995	151650.18425	225417.169668	6477.26223995	156.430136588	104.747287176	0.0134968721296	0.236768020762	0.0	0.0	0.0654006319679	0.428085856899	0.0	0.0	1.61049056221	1.7123434276	4.497735500335693	0.8915091753005981	7.501019477844238	0.4815506339073181	5.74482536315918	1.8595170974731445	5.138999938964844	0.5086644291877747	2.5462185190990567	2.0706944779958576
ist	ist	55	6	5	337,339	b2	2	biology	0	3			0	0	0	0	0	0	0	0	0	0	0	0	VAFIN	ist	3.0	vafin	sein	4.0	ist	1.0	6193.1128442	6201.98280491	17044.4184006	6201.98280491	0.428085856899	5647.61352462	10628.2947571	6392.98535058	321.920564388	917956.027182	2251465.76597	202181.475685	311508.232091	153618.244592	108375.49979	37971.7622471	6331.86028492	6216.50992029	0.0707295422332	0.285080866351	0.0	0.0	174.505236248	21.8323787019	0.0	0.0	350.048707529	42.380499833	2.116466760635376	1.8556305170059204	2.286929130554199	1.2925461530685425	2.358165740966797	1.6303935050964355	2.4826555252075195	1.83735191822052	0.016004549339413643	0.0038304782938212156
die	die	56	7	5	340,342	b2	2	biology	0	3			0	0	0	0	0	0	0	0	0	0	0	0	ART	die	3.0	art	d	1.0	die	1.0	20527.116504	24520.1275636	80100.3069113	24520.1275636	0.428085856899	9091.29875697	30440.211361	33694.5118659	1928.95487119	1361337.08551	2613060.47141	356516.797331	303924.26305	343523.065172	189343.230678	110461.430317	29991.8223867	29048.3692201	0.0938387928357	0.266249299869	0.0	0.0	15201.9436218	35.5311261227	0.0	0.0	15852.8515865	58.2196765383	1.353626012802124	1.5641112327575684	1.9829938411712649	1.6038345098495483	2.0130648612976074	2.1969611644744873	1.7684909105300903	1.9536386728286743	0.30742281675338745	0.0657067745923996
Wurzelarchitektur	Wurzelarchitektur	57	8	5	343,359	b2	2	biology	0	17			0	0	0	0	0	0	0	0	0	0	0	0	NN	Wurzelarchitektur	17.0	nn	Wurzelarchitektur	17.0	wur-zel-ar-chi-tek-tur	6.0																													14.32009220123291	9.828235626220703	10.576810836791992	7.644704818725586	20.724809646606445	16.08211898803711	19.806259155273438	13.83138656616211	17.900153160095215	11.263395309448242
von	von	58	9	5	360,362	b2	2	biology	0	3			0	0	0	0	0	0	0	0	0	0	0	0	APPR	von	3.0	appr	von	3.0	von	1.0	7955.34104766	7955.34104766	8265.3727435	7955.34104766	0.428085856899	7856.20634881	12401.4928732	8585.23905938	340.756342092	620899.645044	1436353.90714	258695.641457	333765.271963	253104.606831	264495.4152	23102.1601118	13320.2529889	7993.18348833	0.0874371201871	0.312235645495	0.0	0.0	3224.03042889	30.8221816968	0.0	0.0	3276.15473257	38.9558129779	1.940131902694702	2.2404184341430664	1.2994776964187622	1.506761074066162	2.053067445755005	1.884698748588562	2.0282139778137207	2.3440074920654297	0.0011038646334782243	0.0002090712368953973
ganz	ganz	59	10	5	363,366	b2	2	biology	0	4			0	0	0	0	0	0	0	0	0	0	0	0	ADV	ganz	4.0	adjd	ganz	4.0	ganz	1.0	740.016325796	740.016325796	1318.47674047	740.686682274	3.4246868552	1622.87889867	1361.78896484	814.630271793	224.316989015	901107.336523	2134431.37356	84510.4840769	168984.751582	38284.4263184	37764.4500381	23747.2147199	2164.81814369	1283.07047334	0.0104791248019	0.134051242855	0.0	0.0	67.5098023489	11.5583181363	0.0	0.0	325.21281754	17.123434276	6.160618782043457	6.94704532623291	5.260912418365479	6.971799850463867	8.078085899353027	8.128597259521484	6.648375988006592	7.264000415802002	0.2852324843406677	0.5499566793441772
besonderer	besonderer	60	11	5	367,376	b2	2	biology	0	10			0	0	0	0	0	0	0	0	0	0	0	0	ADJA	besonderer	10.0	adja	besondere	9.0	be-son-de-rer	4.0	30.3377181541	30.3377181541	235.311473821	549.20998203	159.676024623	245.329164671	57.231977281	42293.8284113	89016.6011695	4152665.26746	9095697.73714	799229.5593	1379715.15167	311038.407772	277572.581957	20337.830725	14068.4280436	3126.49356139	0.00799439376463	0.172783910018	76.1263356107	0.428085856899	101.240178286	2.1404292845	163.534280236	0.856171713799	188.950600834	4.28085856899	1.470025897026062	1.7941064834594729	2.9674134254455566	2.1129250526428223	0.8613444566726685	1.355923056602478	0.8367441892623901	1.549877405166626	0.25303739309310913	0.27134808897972107
Bedeutung	Bedeutung,	61	12	5	377,385	b2	2	biology	0	9		$,	0	0	0	0	0	0	0	0	0	0	0	0	NN	Bedeutung	9.0	nn	Bedeutung	9.0	be-deu-tung	3.0	213.541238454	213.541238454	218.855039802	293.894089906	31.2502675537	897.985426489	398.482297349	25199.3376518	52213.631966	3021602.94055	6474520.3298	290697.274315	578475.415029	111343.831993	265692.771342	17498.1271098	8127.15668292	552.390087759	0.0486564302433	0.265650720792	0.0	0.0	0.433279186788	3.4246868552	0.0	0.0	0.580430608715	5.99320199659	2.28367567062378	2.7713992595672607	2.336141347885132	2.20430588722229	2.2662696838378906	2.4996836185455322	2.3021724224090576	2.688279628753662	26.37870668247342	26.84292710199952
weil	weil	62	13	5	387,390	b2	2	biology	0	4			0	0	1	0	0	0	0	0	0	0	0	0	KOUS	weil	4.0	kous	weil	4.0	weil	1.0	555.447567304	555.447567304	603.917610671	1081.33404896	5.13703028279	1478.78268324	972.617726705	636.397199522	49.6579594003	1368214.29714	2965544.22555	163163.761131	243848.406236	69124.7646793	56753.0543926	34258.3961147	9994.2302745	2505.75163814	0.00691913597004	0.0780909399102	0.0	0.0	904.613366302	16.6953484191	0.0	0.0	909.42848783	24.4008938433	3.06021785736084	2.5377631187438965	3.4099154472351074	3.283843517303467	2.995929718017578	2.5051097869873047	2.68778395652771	2.5982227325439453	2.2051138877868652	2.119372606277466
sich	sich	63	14	5	391,394	b2	2	biology	0	4			0	0	0	0	0	0	0	0	0	0	0	0	PRF	sich	4.0	prf	sich	4.0	sich	1.0	6557.46793998	6557.46793998	6566.55045274	6557.81946837	0.856171713799	6282.99841154	11211.8033194	6926.29480396	1064.22144025	990057.517976	2298056.06212	287477.77288	411907.636196	194753.386357	108862.23341	48925.779496	15113.3748159	6879.41072592	0.109257424523	0.373105981887	0.0	0.0	1254.85010065	21.404292845	0.0	0.0	4636.93750684	29.5379241261	3.264608383178711	3.109736919403076	3.2635836601257324	3.0114312171936035	3.828460693359375	3.8006131649017334	3.329158306121826	3.290945529937744	0.001693958998657763	0.0020240312442183495
unterschiedliche	unterschiedliche	64	15	5	395,410	b2	2	biology	0	16			0	0	0	0	0	0	0	0	0	0	0	0	ADJA	unterschiedliche	16.0	adja	unterschiedlich	15.0	un-ter-schied-li-che	5.0	11.1181074346	11.1181074346	42.82923886	16.8651879687	47.5175301158	83.0790953329	20.4843302633	35264.5194369	91189.5649792	5682794.59876	12453245.747	1027178.65508	2049209.32542	383433.563753	617826.779339	32509.3788389	28906.6542257	2137.73410698	0.0150391967881	0.187967821787	0.0	0.0	0.343353317832	0.856171713799	12.189042783	0.428085856899	29.7000619924	2.9966009983	8.044462203979492	6.08211612701416	6.453861236572266	5.290388107299805	8.448238372802734	6.6848273277282715	7.94028377532959	6.348440647125244	0.1718277484178543	0.540992483496666
Mineralstoffe	Mineralstoffe	65	16	5	411,423	b2	2	biology	0	13			0	0	0	0	0	0	0	0	1	0	0	0	NN	Mineralstoffe	13.0	nn	Mineralstoff	12.0	mi-ne-ral-stof-fe	5.0	0.792982662611	0.792982662611	1.26713724438	22.9392716628	128.853842927	3.65598446837	1.42769574562	21725.6893609	48422.0755315	3953327.3295	9304211.08057	562194.623501	1140056.8498	198132.53891	289356.50134	14815.8918663	3196.22698522	629.530133165	0.00569523062887	0.190344070289	0.0	0.0	0.032700315984	0.428085856899	0.0	0.0	0.506854897752	1.2842575707	2.8012890815734863	2.191427707672119	4.268608093261719	3.5826027393341064	5.436506748199463	5.322713375091553	2.974827289581299	3.1260786056518555	7.039673805236816	0.6168978363275528
ganz	ganz	66	17	5	424,427	b2	2	biology	0	4			0	0	0	0	0	0	0	0	0	0	0	0	ADV	ganz	4.0	adjd	ganz	4.0	ganz	1.0	740.016325796	740.016325796	1318.47674047	740.686682274	3.4246868552	1622.87889867	1361.78896484	814.630271793	224.316989015	901107.336523	2134431.37356	84510.4840769	168984.751582	38284.4263184	37764.4500381	23747.2147199	2164.81814369	1283.07047334	0.0104791248019	0.134051242855	0.0	0.0	67.5098023489	11.5583181363	0.0	0.0	325.21281754	17.123434276	6.417774677276611	7.734779357910156	6.798776626586914	7.262577056884766	8.076582908630371	8.21627140045166	7.343418121337891	7.760656356811523	1.3137223720550537	1.9687309265136719
verschieden	verschieden	67	18	5	428,438	b2	2	biology	0	11			0	0	0	0	0	0	0	0	0	0	0	0	ADJD	verschieden	11.0	adjd	verschieden	11.0	ver-schie-den	3.0	35.6842198175	35.8395463184	324.697787563	779.085028318	896.411784347	153.551347672	66.4499258995	39454.7542773	63102.4238221	4371660.55074	9279475.42359	954628.744851	1727081.13939	459308.393058	698774.390192	23102.1601118	7335.96436261	7300.98319958	0.0187229742416	0.251299160352	0.0	0.0	6.09043385201	2.9966009983	79.0366637333	0.428085856899	85.2905991652	5.56511613969	2.764639616012573	2.40999174118042	1.9339749813079836	1.903896927833557	4.1575398445129395	4.280082702636719	5.608689308166504	4.874366760253906	4.090513706207275	3.868612289428711
verhalten	verhalten	68	19	5	439,447	b2	2	biology	0	9			0	0	0	0	0	0	0	0	0	0	0	0	VVFIN	verhalten	9.0	vvfin	verhalten	9.0	ver-hal-ten	3.0	4.11206473498	20.421347332	46.1646710904	1957.40821448	792.815006978	130.480824992	38.2063796274	35853.8363565	92280.3277425	3290136.53747	7516789.52731	719209.60524	1390737.07823	405668.094556	573142.74951	23102.1601118	7335.96436261	7300.98319958	0.024533314705	0.271138624229	63.9699931436	0.428085856899	77.59784983	8.13363128109	236.063581088	0.856171713799	252.609940976	12.842575707	2.1326403617858887	2.395716428756714	3.349886417388916	3.443589925765991	2.4120965003967285	2.7553045749664307	3.0661463737487793	3.5619044303894043	0.35106366872787476	0.4973992705345154
und	und	69	20	5	448,450	b2	2	biology	0	3			0	0	0	0	0	0	0	0	0	0	0	0	KON	und	3.0	kon	und	3.0	und	1.0	22313.7473183	22313.7473183	23398.5884761	22313.7473183	0.428085856899	9064.0679761	29467.6401896	23513.5137367	723.037012303	869972.90787	1656300.13956	195202.966651	251153.263298	160187.509171	58920.0250002	32509.3788389	28906.6542257	22352.5789435	0.120238001286	0.419307858966	0.0	0.0	2201.34439665	22.6885504157	0.0	0.0	2454.42031712	42.8085856899	2.460477113723755	2.823364496231079	2.0716440677642822	2.3221163749694824	2.3641505241394043	2.7346811294555664	2.0160069465637207	2.271186351776123	0.1321529895067215	0.15648935735225677
durch	durch	70	21	5	451,455	b2	2	biology	0	5			0	0	0	0	0	0	0	0	0	0	0	0	APPR	durch	5.0	appr	durch	5.0	durch	1.0	2265.55146708	2302.17582098	2421.46657369	2302.66632572	6.84937371039	4479.71558962	3888.06554986	3354.08776063	2913.1242562	1088066.18564	2327777.207	307334.132327	365429.926626	203764.587907	61067.3036584	110461.430317	3873.65490622	2945.03133291	0.0339580104325	0.23931799428	0.0	0.0	119.413378894	9.41788885179	0.0	0.0	139.7284502	15.8391767053	5.394919872283936	5.388896465301514	4.718044281005859	4.823271751403809	5.266575336456299	5.431340217590332	5.225951194763184	5.400087356567383	0.9359651803970337	1.3300676345825195
verschiedenartige	verschiedenartige	71	22	5	456,472	b2	2	biology	0	17			0	0	0	0	0	0	0	0	0	0	0	0	ADJA	verschiedenartige	17.0	adja	verschiedenartig	16.0	ver-schie-den-ar-ti-ge	6.0	2.79587701663	2.79587701663	10.3823503249	23.6750287724	148.117706487	27.8611230176	5.29178531801	96504.7474278	218985.607753	6510047.1026	14280954.4602	1047221.00575	2107267.61359	293488.311685	516554.080086	23102.1601118	7335.96436261	7300.98319958	0.00794640089736	0.154854254698	0.0	0.0	0.0572255529719	0.856171713799	0.0	0.0	5.43642753234	2.9966009983	6.870445728302002	6.9192070960998535	6.330362796783447	6.797550678253174	9.540578842163086	9.577363967895508	8.632752418518066	8.837545394897461	3.2637540102005005	3.2258494794368744
Kräfte	Kräfte	72	23	5	473,478	b2	2	biology	0	6			0	0	0	0	0	0	0	0	0	0	0	0	NN	Kräfte	6.0	nn	Kraft	5.0	kräf-te	2.0	79.9931479758	79.9931479758	265.264963262	92.8116718415	11.9864039932	472.882680719	148.030323016	25758.8727586	46901.9426536	1499258.27917	3544824.0139	239025.771912	467487.73534	172866.835967	260381.510116	13511.0511576	2119.20937797	155.874231217	0.037429902322	0.304522706932	0.0	0.0	0.138976342932	2.1404292845	0.0	0.0	29.2177323317	5.13703028279	7.027137279510498	7.454559803009033	12.456047058105469	11.489374160766602	4.111970901489258	4.4789838790893555	5.443204879760742	6.2467546463012695	3.558990955352783	3.3815152645111084
im	im	73	24	5	479,480	b2	2	biology	0	2			0	0	0	0	0	0	0	0	0	0	0	0	APPRART	im	2.0	apprart	im	2.0	im	1.0	4320.93800333	4320.93800333	4852.53069013	0.0	0.0	6505.00491667	7332.35049931	6212.43055587	1739.74092244	476263.776674	1003959.79418	79143.642817	44968.7069239	79582.1540543	29361.1246672	37971.7622471	5463.51156905	-0.00817507899599	0.0471865575674	0.258008463415	13165.4578681	0.428085856899	17856.5143979	39.8119846916	13165.4578681	0.428085856899	19278.847342	58.6477623952	3.406466484069824	3.076908826828003	3.832702875137329	3.68269157409668	3.7113797664642334	3.7604715824127197	4.318962574005127	4.187554359436035	1.1235449314117432	0.31316718459129333
Boden	Boden	74	25	5	481,485	b2	2	biology	0	5			0	0	0	0	0	0	0	0	0	0	0	0	NN	Boden	5.0	nn	Boden	5.0	bo-den	2.0	149.775622286	149.775622286	167.875247183	151.222611268	9.41788885179	519.401931368	278.059264892	24298.4766468	27763.0801634	1598482.017	3280101.7132	495828.081424	791277.32258	371668.938371	506354.078374	17498.1271098	956.664094269	221.119536684	0.0432223724224	0.236409529767	0.0	0.0	56.0728668335	18.4076918467	0.0	0.0	70.2321036546	26.5413231278	0.4260236024856567	0.3189893662929535	0.1356254965066909	0.1420619189739227	2.4870998859405518	0.363182008266449	0.8188738226890564	0.11935800313949585	6.715853214263916	3.8053643703460693
gehalten	gehalten	75	26	5	486,493	b2	2	biology	0	8			0	0	0	0	0	0	0	0	0	0	0	0	VVPP	gehalten	8.0	vvpp	halten	6.0	ge-hal-ten	3.0	71.384789793	71.384789793	581.566944696	159.651117713	50.942216971	418.547187413	134.808618937	63681.3065791	146930.19632	3050561.78448	6955348.5047	615496.637234	1171583.23273	402749.337927	539421.57039	23747.2147199	15623.9820749	1423.42022955	0.0372346236532	0.323297085543	0.0	0.0	35.8558964764	7.70554542419	0.0	0.0	39.7308839205	10.2740605656	4.291969299316406	5.598840236663818	1.91569459438324	3.0635998249053955	7.232966423034668	7.469815254211426	4.336206436157227	3.9275577068328857	3.7294671535491943	4.502989292144775
werden	werden.	76	27	5	494,499	b2	2	biology	0	6		$.	0	0	0	0	1	1	0	0	0	0	0	0	VAFIN	werden	6.0	vafin	werden	6.0	wer-den	2.0	778.937876896	2700.75179743	8998.09689884	2746.965519	21.8323787019	5182.42101813	4801.51149528	27766.5331837	27383.7960941	2636081.51067	5388986.20707	706673.440428	1134529.40522	412109.304698	481425.782755	34258.3961147	9994.2302745	3399.46762414	0.105793166509	0.538682739217	0.0	0.0	1484.61069583	16.6953484191	0.0	0.0	1872.33016737	25.685151414	0.4694374203681946	0.2990942299365997	0.3791044652462005	0.2547085881233215	0.6730528473854065	0.6889881491661072	0.6078324317932129	0.3726498484611511	27.574542228132486	27.162493271753192
Nitrationen	Nitrationen	77	1	6	501,511	b2	2	biology	0	11			0	0	0	1	0	0	0	1	0	0	0	0	NN	Nitrationen	11.0	nn	Nitration	9.0	ni-trat-i-on	4.0																													25.70708274841309	12.425504684448242	31.065168380737305	14.9293851852417	23.64776039123535	20.355852127075195	23.402021408081055	22.23519515991211	7.358459405601025	1.6914425194263458
diffundieren	diffundieren	78	2	6	512,523	b2	2	biology	0	12			0	0	0	0	0	0	0	0	1	0	0	0	VVFIN	diffundieren	12.0	vvfin	diffundieren	12.0	dif-fun-die-ren	4.0	0.0572255529719	0.261602527872	0.53138013474	0.801157741607	9.41788885179	1.89102644916	0.496589824564	42954.0232658	22665.4337794	4320799.17414	8850053.08265	975417.349432	1516062.63752	555317.951426	550468.754013	110461.430317	29991.8223867	27.7135177964	0.0185732190625	0.231395005344	0.0	0.0	0.00817507899599	0.428085856899	0.0	0.0	0.016350157992	0.856171713799	13.167141914367676	9.652417182922363	10.527044296264648	7.379715919494629	15.961299896240234	12.305922508239746	12.082181930541992	13.46771240234375	0.004998867923859507	0.002187067409977317
schnell	schnell	79	3	6	524,530	b2	2	biology	0	7			0	0	0	0	0	0	0	0	0	0	0	0	ADJD	schnell	7.0	adjd	schnell	7.0	schnell	1.0	118.612221153	118.612221153	198.727995314	997.44956338	255.139170712	453.468142508	221.184211547	157.501071937	314.643104821	2200447.77851	5158773.61964	329538.979418	684767.84904	119669.651271	209149.050934	48925.779496	5804.84564237	5790.87443236	0.0121529496922	0.180826216486	0.0	0.0	6.01685814105	1.2842575707	0.0	0.0	18.369402504	2.5685151414	4.868435859680176	3.412252187728882	5.042444705963135	4.2524261474609375	5.147777080535889	4.34213924407959	5.76237154006958	5.243257522583008	2.894437074661255	3.982253074645996
im	im	80	4	6	531,532	b2	2	biology	0	2			0	0	0	0	0	0	0	0	0	0	0	0	APPRART	im	2.0	apprart	im	2.0	im	1.0	4320.93800333	4320.93800333	4852.53069013	0.0	0.0	6505.00491667	7332.35049931	6212.43055587	1739.74092244	476263.776674	1003959.79418	79143.642817	44968.7069239	79582.1540543	29361.1246672	37971.7622471	5463.51156905	-0.00817507899599	0.0471865575674	0.258008463415	13165.4578681	0.428085856899	17856.5143979	39.8119846916	13165.4578681	0.428085856899	19278.847342	58.6477623952	3.5280747413635254	3.741971969604492	4.771370887756348	3.2131826877593994	2.7474327087402344	2.82747745513916	3.170644760131836	3.659062385559082	1.4755868911743164	0.8951213955879211
Bodenwasser	Bodenwasser.	81	5	6	533,543	b2	2	biology	0	11		$.	0	0	0	0	0	1	0	0	0	0	0	0	NN	Bodenwasser	11.0	nn	Bodenwasser	11.0	bo-den-was-ser	4.0	0.106276026948	0.106276026948	0.179851737912	10.6194276158	77.4835400988	1.00854743955	0.201739616229	30089.8170587	37645.8702557	3554305.78672	7987154.85578	661339.242913	1172499.33647	258895.65294	275116.653396	17498.1271098	956.664094269	221.119536684	7.05661538462e-06	0.183031999846	0.0	0.0	0.00817507899599	0.428085856899	0.0	0.0	0.0735757109639	0.856171713799	6.190858840942383	5.216710567474365	8.066904067993164	4.7250657081604	12.903984069824219	7.728466033935547	12.17477035522461	9.417573928833008	34.66883182525635	30.980314135551453
Stark	Stark	82	1	7	545,549	b2	2	biology	0	5			0	0	0	1	0	0	0	0	0	0	0	0	ADJD	Stark	5.0	adjd	stark	5.0	stark	1.0	0.130801263936	2.2399716449	391.602634066	552.373737601	45.3771008313	23.4487279695	4.2210135088	137.750081082	127.997671213	945542.430675	2585268.70949	78966.2599529	261624.243358	43960.0566621	127650.065497	26995.0755041	6635.67892073	2200.55141398	0.00766724369485	0.151335711908	137.619279819	0.856171713799	142.646953401	12.4144898501	146.382964502	1.7123434276	151.794866798	16.2672625622	16.469648361206055	7.212289333343506	21.152040481567383	7.507698535919189	9.952465057373047	7.246735572814941	9.983573913574219	6.485745429992676	3.2081713676452637	3.5245609283447266
transpirierende	transpirierende	83	2	7	550,564	b2	2	biology	0	15			0	0	0	0	0	0	0	0	1	0	0	0	ADJA		15.0	adja	transpirierend	14.0	tran-spi-rie-rend	4.0																													17.82944107055664	10.817571640014648	13.805880546569824	9.17859935760498	21.077423095703125	16.33831024169922	15.416216850280762	13.606782913208008	4.433900559452013	4.152579366600548
Pflanzen	Pflanzen	84	3	7	565,572	b2	2	biology	0	8			0	0	0	0	0	0	0	0	0	0	0	0	NN	Pflanzen	8.0	nn	Pflanze	7.0	pflan-zen	2.0	35.2836409467	35.3326914207	48.8297468431	47.3010070708	13.2706615639	81.6923426036	63.7652371604	2893.07870589	9940.15359721	2258539.75088	5112231.2691	460272.659976	901444.789767	347612.533989	500166.097312	10343.3797233	635.972095414	257.71119027	0.0426391679412	0.246400272934	0.0	0.0	3.56433444225	0.856171713799	0.0	0.0	18.9007826387	3.8527727121	6.059930324554443	0.8949829339981079	7.789360523223877	0.8462398052215576	4.760840892791748	2.991243362426758	6.237325668334961	3.9825282096862793	0.5265511274337769	0.5047376751899719
können	können	85	4	7	573,578	b2	2	biology	0	6			0	0	0	0	0	0	0	0	0	0	0	0	VMFIN	können	6.0	vmfin	können	6.0	kön-nen	2.0	410.429840994	800.364758945	3346.01895766	1040.34420287	6.84937371039	2247.92617433	1485.25360998	13304.9737663	21461.2282639	2256673.84632	4790724.23565	449157.928849	734790.965676	355872.813658	463296.346715	11052.747678	1430.29547098	1371.06702365	0.0301274059589	0.356573992093	0.0	0.0	97.994671925	8.56171713799	0.0	0.0	382.953400488	14.5549191346	3.5593600273132324	2.542576789855957	3.583315372467041	2.8792166709899902	4.533705711364746	2.8152480125427246	3.6178762912750244	2.0649397373199463	0.08534488081932068	0.02049623616039753
Nitrat	Nitrat	86	5	7	579,584	b2	2	biology	0	6			0	0	0	0	0	0	0	0	1	0	0	0	NN	Nitrat	6.0	nn	Nitrat	6.0	ni-trat	2.0	0.0899258689559	0.0899258689559	0.335178238836	0.899258689559	6.42128785349	0.882479009606	0.170702752194	5824.7601348	22053.6990899	1519238.58099	3814298.92379	177900.25663	377921.47193	103043.404511	132367.143554	6477.26223995	734.890551266	9.06616260656	6.22981818182e-06	0.275600639455	0.253427448876	0.856171713799	0.302477922852	2.5685151414	0.425104107792	1.2842575707	0.547730292732	4.70894442589	9.401888847351074	4.667579174041748	10.443638801574709	3.783130407333374	11.647443771362305	7.257962703704834	14.062294006347656	5.751613616943359	0.09806085377931595	0.036137688570306636
schneller	schneller	87	6	7	585,593	b2	2	biology	0	9			0	0	0	0	0	0	0	0	0	0	0	0	ADJD	schneller	9.0	adjd	schnell	7.0	schnel-ler	2.0	31.0980005008	31.1470509747	198.727995314	760.781026446	439.644175036	183.681702428	57.216458849	2533.33435467	7952.12287776	3312956.91079	7620365.32847	623678.158193	1169420.54298	308168.325563	351011.994966	48925.779496	5804.84564237	5790.87443236	0.0126291313207	0.184812634254	0.0	0.0	19.6038394324	2.5685151414	0.0	0.0	33.4687734096	5.56511613969	5.371647357940674	4.5645036697387695	5.388194561004639	6.749838829040527	8.984317779541016	7.568486213684082	8.861531257629395	7.569487571716309	0.6237963438034058	0.7533870935440063
zur	zur	88	7	7	594,596	b2	2	biology	0	3			0	0	0	0	0	0	0	0	0	0	0	0	APPRART	zur	3.0	apprart	zur	3.0	zur	1.0	1694.48949889	1694.48949889	1790.59572757	1694.48949889	0.428085856899	4293.00824488	2973.92127499	1805.646048	102.740605656	568301.260359	1400712.76295	166723.967158	135076.927028	153939.647823	92110.8057432	19838.2434724	15326.7362026	2405.29626744	0.0478070617353	0.273718659164	2374.50074486	0.428085856899	4321.90266265	25.685151414	11272.452926	0.856171713799	13220.8522034	30.8221816968	6.67882776260376	7.103683471679688	6.940493583679199	6.534007549285889	6.800229549407959	6.815333366394043	5.7071733474731445	6.036922931671143	0.007782731670886278	0.011145123280584812
Wurzeloberfläche	Wurzeloberfläche	89	8	7	597,612	b2	2	biology	0	16			0	0	0	0	0	0	0	0	0	0	0	0	NN	Wurzeloberfläche	16.0	nn	Wurzeloberfläche	16.0	wur-zel-o-ber-flä-che	6.0	0.00817507899599	0.00817507899599	0.00817507899599	0.670356477671	16.2672625622	0.126068429944	0.0155184320176	27414.1382285	63128.1089735	4211528.49313	9803074.08454	609342.225214	1277743.8163	206307.176451	342752.078357	13240.8075713	320.234194431	74.8264980503	3.08e-07	0.04347826	0.0	0.0	0.0	0.0	0.0	0.0	0.0	0.0	11.42957878112793	7.926549434661865	11.348819732666016	9.759551048278809	13.310596466064453	8.680444717407227	13.04434585571289	5.860855579376221	4.751477129757404	4.522136222571135
transportieren	transportieren,	90	9	7	613,626	b2	2	biology	0	14		$,	0	0	0	0	0	0	0	0	0	0	0	0	VVINF	transportieren	14.0	vvinf	transportieren	14.0	tran-spor-tie-ren	4.0	2.38712306683	2.42799846181	7.57012315029	24.1246581172	62.9286209642	30.2564231865	4.59345587722	9704.90605375	23153.0235704	5097008.89637	11956327.9651	825830.743148	1762877.25066	375355.433019	580434.763996	4464.63954192	1567.08089274	530.963205711	0.0422976017845	0.261156113976	0.0	0.0	0.0735757109639	0.428085856899	0.0	0.0	0.621306003695	2.1404292845	1.9311532974243164	2.0492289066314697	2.1555609703063965	2.601259469985962	3.7047805786132812	3.232463836669922	2.3057475090026855	2.374418020248413	27.493341727159986	27.32453058842202
als	als	91	10	7	628,630	b2	2	biology	0	3			0	0	1	0	0	0	0	0	0	0	0	0	KOKOM	als	3.0	kokom	als	3.0	als	1.0	3463.41309205	4153.65136184	4541.08470562	4153.65136184	0.428085856899	5247.34625955	6981.83567532	4603.69763565	302.228614971	681961.550037	1925878.64622	141980.120382	218560.946583	127440.529836	138813.260388	41334.1231877	9001.42415599	4724.78690573	0.0390845361957	0.243678478051	0.0	0.0	3467.69683344	19.2638635605	0.0	0.0	4065.34415852	32.9626109813	2.4258463382720947	0.8328647613525391	1.5254998207092283	0.979600191116333	0.7223078608512878	0.9137964248657227	1.3534051179885864	1.2644389867782593	1.6363133192062378	1.8395700454711914
sie	sie	92	11	7	631,633	b2	2	biology	0	3			0	0	0	0	0	0	0	0	0	0	0	0	PPER	sie	3.0	pper	sie	3.0	sie	1.0	4963.73628971	4963.73628971	8487.45693951	4963.73628971	0.428085856899	4025.99531025	7654.66833231	8142.13342764	4056.96966584	1411597.82271	3107679.43219	282130.976914	322653.01929	243841.081467	199354.446528	48925.779496	15113.3748159	5524.95546278	0.0431282946748	0.183343569275	24520.1275636	0.428085856899	34559.672301	27.8255806985	24520.1275636	0.428085856899	34594.7025145	45.3771008313	2.76086163520813	2.094565868377685	2.937060832977295	1.6145552396774292	1.7667810916900635	2.0186586380004883	3.5115537643432617	2.9336514472961426	0.033628251403570175	0.011850317008793354
es	es	93	12	7	634,635	b2	2	biology	0	2			0	0	0	0	0	0	0	0	0	0	0	0	PPER	es	2.0	pper	es	2.0	es	1.0	4482.240487	4482.240487	7209.6675672	0.0	0.0	4656.84173369	7605.13349731	6486.72898142	1792.39548284	1041972.78488	2352798.39725	160713.918858	229470.714647	137226.941427	157414.447041	45007.5949345	4564.40820599	-0.00817507899599	0.0578338146002	0.220031352121	4943.65829569	0.428085856899	6564.72741013	38.0996412641	12044.7362886	0.856171713799	13944.1259674	66.3533078194	0.8015561103820801	1.8325848579406736	0.313986986875534	0.6836562752723694	1.4751354455947876	1.6203371286392212	0.9285277724266052	0.779670000076294	0.6705766916275024	0.33572056889533997
im	im	94	13	7	636,637	b2	2	biology	0	2			0	0	0	0	0	0	0	0	0	0	0	0	APPRART	im	2.0	apprart	im	2.0	im	1.0	4320.93800333	4320.93800333	4852.53069013	0.0	0.0	6505.00491667	7332.35049931	6212.43055587	1739.74092244	476263.776674	1003959.79418	79143.642817	44968.7069239	79582.1540543	29361.1246672	37971.7622471	5463.51156905	-0.00817507899599	0.0471865575674	0.258008463415	13165.4578681	0.428085856899	17856.5143979	39.8119846916	13165.4578681	0.428085856899	19278.847342	58.6477623952	4.340353965759277	3.876862525939941	3.7035861015319824	2.618159770965576	4.210606575012207	3.4731383323669434	4.168854713439941	3.8076043128967285	0.11572139710187912	0.09383058547973633
Pflanzenkörper	Pflanzenkörper	95	14	7	638,651	b2	2	biology	0	14			0	0	0	0	0	0	0	0	1	0	0	0	NN	Pflanzenkörper	14.0	nn	Pflanzenkörper	14.0	pflan-zen-kör-per	4.0	0.228902211888	0.228902211888	0.4087539498	9.36046545041	96.3193178024	1.38675272938	0.434516096494	4450.03067576	16100.7371638	3806773.2606	8830279.36883	558794.125817	1159963.69832	219434.701953	237642.873655	10343.3797233	635.972095414	257.71119027	2.67971785714e-05	0.100331071571	0.0	0.0	0.0	0.0	0.0	0.0	0.179851737912	0.428085856899	8.893784523010254	7.683338642120361	7.086069583892822	7.346983432769775	12.723428726196289	15.189109802246094	8.39612865447998	8.703414916992188	3.3637552857398987	3.897268533706665
anreichern	anreichern	96	15	7	652,661	b2	2	biology	0	10			0	0	0	0	0	0	0	0	0	0	0	0	VVINF	anreichern	10.0	vvinf	anreichern	10.0	an-rei-chern	3.0	0.28612776486	0.28612776486	1.4306388243	4.2919164729	14.9830049915	3.78205289831	0.543145120617	14883.1400662	27831.5739005	4135446.00864	9106878.91163	804384.649664	1450661.82073	353862.945961	486892.867233	41334.1231877	8435.34898599	36.3791015322	0.0775100636286	0.298706784143	0.0	0.0	0.179851737912	1.2842575707	0.0	0.0	0.2043769749	2.1404292845	4.580333709716797	5.279751777648926	3.475062131881714	3.86222505569458	7.859999656677246	7.520260334014893	6.661794185638428	5.554620265960693	0.030885018000844866	0.04397935443557799
können	können.	97	16	7	662,667	b2	2	biology	0	6		$.	0	0	0	0	1	1	0	0	0	0	0	0	VMFIN	können	6.0	vmfin	können	6.0	kön-nen	2.0	410.429840994	800.364758945	3346.01895766	1040.34420287	6.84937371039	2247.92617433	1485.25360998	13304.9737663	21461.2282639	2256673.84632	4790724.23565	449157.928849	734790.965676	355872.813658	463296.346715	11052.747678	1430.29547098	1371.06702365	0.0301274059589	0.356573992093	0.0	0.0	97.994671925	8.56171713799	0.0	0.0	382.953400488	14.5549191346	0.9924416542053224	0.7310028076171875	0.505993127822876	0.7811976671218872	0.740288496017456	0.6484173536300659	0.2745286226272583	0.21624058485031128	27.1240366846323	29.92819920182228
Andere	Andere	98	1	8	669,674	b2	2	biology	0	6			0	0	0	1	0	0	0	0	0	0	0	0	ADJA	Andere	6.0	adja	ander	5.0	an-de-re	3.0	17.1104403386	27.2066628987	1102.139625	61.6564457878	26.1132372709	199.440256171	51.0090860419	39281.1319496	85959.2119796	2598673.9515	5366179.50496	523868.692306	879716.435928	233627.039669	326044.743534	19822.5963712	3723.58498109	205.259883431	0.014207436095	0.0525789057304	448.125130244	0.428085856899	467.164889226	5.13703028279	448.125130244	0.428085856899	481.618428891	9.41788885179	18.068679809570312	4.95749568939209	16.126468658447266	4.543661594390869	8.228639602661133	8.037836074829102	8.192935943603516	6.940094470977783	2.8871071338653564	3.018199920654297
essenzielle	essenzielle	99	2	8	675,685	b2	2	biology	0	11			0	0	0	0	0	0	0	0	0	0	0	0	ADJA	essenzielle	11.0	adja	essenziell	10.0	es-sen-ziel-le	4.0	0.00817507899599	0.00817507899599	0.016350157992	1.2262618494	6.42128785349	0.126068429944	0.0155184320176	24746.4546256	51597.1883321	4856061.93185	10806339.5235	626357.474933	1191759.34725	231027.617976	310727.831574	45007.5949345	4564.40820599	47.0721048589	4.698e-06	1.0	0.277952685864	0.428085856899	0.277952685864	0.428085856899	0.277952685864	0.428085856899	0.28612776486	0.856171713799	11.52317714691162	9.143585205078123	13.843299865722656	6.621237277984619	20.97979164123535	9.777711868286133	20.583023071289062	9.695255279541016	2.9235595241189003	0.009433941566385329
Mineralstoffe	Mineralstoffe	100	3	8	686,698	b2	2	biology	0	13			0	0	0	0	0	0	0	0	1	0	0	0	NN	Mineralstoffe	13.0	nn	Mineralstoff	12.0	mi-ne-ral-stof-fe	5.0	0.792982662611	0.792982662611	1.26713724438	22.9392716628	128.853842927	3.65598446837	1.42769574562	21725.6893609	48422.0755315	3953327.3295	9304211.08057	562194.623501	1140056.8498	198132.53891	289356.50134	14815.8918663	3196.22698522	629.530133165	0.00569523062887	0.190344070289	0.0	0.0	0.032700315984	0.428085856899	0.0	0.0	0.506854897752	1.2842575707	5.341424942016602	0.6550559997558594	8.960721969604492	0.8658272624015808	4.6585235595703125	0.8954464197158813	4.451760292053223	1.53390634059906	3.412534236907959	0.057110629975795746
wie	wie	101	4	8	699,701	b2	2	biology	0	3			0	0	0	0	0	0	0	0	0	0	0	0	KOKOM	wie	3.0	kokom	wie	3.0	wie	1.0	2905.83182913	3015.87656749	3407.62635298	3015.87656749	0.428085856899	4068.60643958	5273.00801527	5843.90616981	1979.89708816	1200679.02697	2452376.30459	260710.659454	289400.594183	223751.732269	182794.801325	34258.3961147	10849.3026621	4473.9509569	0.0309912494168	0.204693849842	33576.856129	1.2842575707	38190.6091118	23.1166362726	33576.856129	1.2842575707	38229.7023396	35.1030402658	2.3828845024108887	1.699717998504639	2.1572682857513428	1.4136546850204468	1.7406015396118164	1.815922737121582	1.425879955291748	1.8795316219329834	0.01853245683014393	0.046055808663368225
Phosphat	Phosphat	102	5	8	702,709	b2	2	biology	0	8			0	0	0	0	0	0	0	0	1	0	0	0	NN	Phosphat	8.0	nn	Phosphat	8.0	pho-sphat	2.0	0.49050473976	0.49050473976	1.20991169141	3.64608523221	21.404292845	3.15171074859	0.931105921058	128.937345925	1451.63914075	1368282.4119	3677452.71792	152172.604498	308658.464542	105433.805785	127055.026156	10343.3797233	496.832250902	50.0805339295	0.149542502117	0.408761357317	0.0	0.0	0.00817507899599	0.428085856899	0.515029976748	0.428085856899	0.580430608715	1.7123434276	6.648764133453369	2.7849998474121094	7.659730434417725	1.6741595268249512	7.7961225509643555	5.7575578689575195	6.172305107116699	4.429172039031982	5.3351515585090965	0.3261588198147365
sind	sind	103	6	8	710,713	b2	2	biology	0	4			0	0	0	0	0	0	0	0	0	0	0	0	VAFIN	sind	4.0	vafin	sein	4.0	sind	1.0	2296.19983824	2298.63601178	17044.4184006	2302.62545033	5.99320199659	4304.10226671	4116.7606825	2333.22477101	26.1132372709	1332047.00373	2728807.18157	249282.495798	286785.417683	144872.038227	66814.7843732	48925.779496	15113.3748159	2467.07533941	0.0559257789967	0.326343386708	0.0	0.0	259.885761283	20.9762069881	0.0	0.0	267.325083169	26.5413231278	4.41398811340332	2.999330997467041	3.706110954284668	2.2849273681640625	5.199831962585449	3.474947452545166	3.648104429244995	3.714064359664917	0.10761815309524536	0.22075489163398743
jedoch	jedoch	104	7	8	714,719	b2	2	biology	0	6			0	0	0	0	0	0	0	0	0	0	0	0	ADV	jedoch	6.0	adv	jedoch	6.0	je-doch	2.0	295.136701913	296.019610445	308.363979729	296.085011077	2.9966009983	1369.22921762	559.70328758	4314.18538808	1964.91408317	1464008.02525	3055594.22598	195959.758239	342301.30395	93597.1007311	42443.0003682	4280.33238596	2867.44165816	1289.23448291	0.0102269929806	0.198336257451	0.0	0.0	12.3607194419	1.7123434276	0.0	0.0	12.4015948369	3.4246868552	5.074625015258789	5.164491176605225	5.267420768737793	5.70069694519043	5.08732271194458	4.319468975067139	4.4085001945495605	5.2298808097839355	3.933527946472168	3.991633892059326
fest	fest	105	8	8	720,723	b2	2	biology	0	4			0	0	0	0	0	0	0	0	0	0	0	0	ADJD	fest	4.0	adjd	fest	4.0	fest	1.0	42.6575622011	154.999497764	248.268974029	154.999497764	0.428085856899	834.320869368	291.839632524	650.883439503	1445.21785289	1387639.92802	3297220.43853	204905.346605	365587.034136	119546.812534	116849.887413	12864.091756	1343.79496012	572.672458748	0.0278636471249	0.251566193749	273.685294628	0.428085856899	380.271974578	19.2638635605	273.685294628	0.428085856899	424.62995321	24.8289797002	7.944472312927246	5.361332416534424	8.251191139221191	3.900278091430664	8.634302139282227	7.290602684020996	9.307905197143555	6.396084308624268	1.8209595680236816	0.8011367321014404
im	im	106	9	8	724,725	b2	2	biology	0	2			0	0	0	0	0	0	0	0	0	0	0	0	APPRART	im	2.0	apprart	im	2.0	im	1.0	4320.93800333	4320.93800333	4852.53069013	0.0	0.0	6505.00491667	7332.35049931	6212.43055587	1739.74092244	476263.776674	1003959.79418	79143.642817	44968.7069239	79582.1540543	29361.1246672	37971.7622471	5463.51156905	-0.00817507899599	0.0471865575674	0.258008463415	13165.4578681	0.428085856899	17856.5143979	39.8119846916	13165.4578681	0.428085856899	19278.847342	58.6477623952	2.2048206329345703	1.9778907299041748	1.3064789772033691	0.8755527138710022	1.7402210235595703	1.7421860694885254	1.704610824584961	1.6304208040237427	0.5138422250747681	0.26522117853164673
Boden	Boden	107	10	8	726,730	b2	2	biology	0	5			0	0	0	0	0	0	0	0	0	0	0	0	NN	Boden	5.0	nn	Boden	5.0	bo-den	2.0	149.775622286	149.775622286	167.875247183	151.222611268	9.41788885179	519.401931368	278.059264892	24298.4766468	27763.0801634	1598482.017	3280101.7132	495828.081424	791277.32258	371668.938371	506354.078374	17498.1271098	956.664094269	221.119536684	0.0432223724224	0.236409529767	0.0	0.0	56.0728668335	18.4076918467	0.0	0.0	70.2321036546	26.5413231278	2.948196649551392	0.136035680770874	2.4194164276123047	0.0823531374335289	4.0482177734375	0.06845808029174805	3.9341931343078613	0.2757693827152252	4.369836807250977	0.04942558705806732
gebunden	gebunden,	108	11	8	731,738	b2	2	biology	0	8		$,	0	0	0	0	0	0	0	0	0	0	0	0	VVPP	gebunden	8.0	vvpp	binden	6.0	ge-bun-den	3.0	32.3651377451	32.3733128241	51.5356979907	260.253639837	58.6477623952	201.33128262	61.1271037174	67414.0966991	118863.603284	3097857.96825	6424438.5654	696322.433356	1152875.4527	440098.191855	544473.839673	23747.2147199	15623.9820749	1054.28271256	0.047816680392	0.322877698285	103.308473272	0.428085856899	122.536259071	3.8527727121	103.308473272	0.428085856899	125.765415274	5.13703028279	2.526510715484619	2.450924158096313	2.744015693664551	2.69976019859314	4.480583190917969	5.390715599060059	2.8925600051879883	3.6716079711914062	27.212056159973145	26.284430503845215
sie	sie	109	12	8	740,742	b2	2	biology	0	3			0	0	1	0	0	0	0	0	0	0	0	0	PPER	sie	3.0	pper	sie	3.0	sie	1.0	4963.73628971	4963.73628971	8487.45693951	4963.73628971	0.428085856899	4025.99531025	7654.66833231	8142.13342764	4056.96966584	1411597.82271	3107679.43219	282130.976914	322653.01929	243841.081467	199354.446528	48925.779496	15113.3748159	5524.95546278	0.0431282946748	0.183343569275	24520.1275636	0.428085856899	34559.672301	27.8255806985	24520.1275636	0.428085856899	34594.7025145	45.3771008313	4.671758651733398	3.352561712265014	3.605419635772705	2.517798900604248	4.3200483322143555	3.9929473400115967	3.440852642059326	3.3938510417938232	0.8060254454612732	1.2183531522750854
haben	haben	110	13	8	743,747	b2	2	biology	0	5			0	0	0	0	0	0	0	0	0	0	0	0	VAFIN	haben	5.0	vafin	haben	5.0	ha-ben	2.0	1075.85674603	1607.98898804	8161.24676233	1613.75241873	8.56171713799	3693.30072363	2922.46215442	11089.3475066	14791.6506134	1776796.45583	3923426.14235	465680.254005	795978.133374	368981.691804	461766.795949	17646.9952984	8376.95439672	2807.01147422	0.0434172288213	0.320677529984	0.0	0.0	110.780495475	17.9796059898	0.0	0.0	1209.65008888	26.5413231278	4.525171756744385	4.826892852783203	4.688053131103516	5.923192977905273	3.6831812858581543	3.6634416580200195	5.507107734680176	5.235686779022217	0.4403323531150818	0.32842764258384705
niedrige	niedrige	111	14	8	748,755	b2	2	biology	0	8			0	0	0	0	0	0	0	0	0	0	0	0	ADJA	niedrige	8.0	adja	niedrig	7.0	nie-dri-ge	3.0	6.48283764382	6.48283764382	53.2442895009	23.8875808263	14.5549191346	64.2948992713	12.1664507018	44640.7546147	98755.9824999	3449649.07125	7173789.15915	366267.729079	626656.478223	185201.027277	230720.297263	21439.2836433	8395.39737493	713.839722851	0.00534010049433	0.153224468711	0.0	0.0	0.621306003695	2.1404292845	32.0953601383	1.2842575707	35.0792639718	4.28085856899	7.649466037750244	6.219388008117676	8.059435844421387	5.906116485595703	9.591811180114746	9.253255844116211	10.38868236541748	10.71742057800293	5.098428726196289	3.5735127925872803
Diffusionskoeffizienten	Diffusionskoeffizienten.	112	15	8	756,778	b2	2	biology	0	23		$.	0	0	0	0	1	1	0	1	0	0	0	0	NN	Diffusionskoeffizienten	23.0	nn	Diffusionskoeffizient	21.0	dif-fu-si-ons-ko-ef-fi-zien-ten	9.0	0.024525236988	0.024525236988	0.032700315984	0.874733452571	8.98980299489	0.252136859888	0.0465552960529	26619.5614255	96236.2691461	6833135.20076	15354571.5289	884847.693005	1849895.11897	407440.508908	652134.436083	19121.5915224	6400.40832231	53.5794677397	1.73766666667e-06	0.167647058667	0.0	0.0	0.0	0.0	0.0	0.0	0.0	0.0	10.032785415649414	3.2456297874450684	8.337714195251465	4.095518589019775	16.22960090637207	14.171216011047363	11.218873023986816	9.217947006225586	26.914447955583455	27.293254277974484
Die	Die	113	1	9	780,782	b2	2	biology	0	3			0	0	0	1	0	0	0	0	0	0	0	0	ART	Die	3.0	art	d	1.0	die	1.0	4044.09712821	4092.99227569	80100.3069113	4092.99227569	0.428085856899	7006.50513099	7668.65043956	33694.5118659	1928.95487119	1162034.30857	2398782.95191	235702.357048	295575.732669	203871.746843	202066.798517	19121.5915224	6400.40832231	5199.86527143	0.05895410862	0.0848217844714	29483.8638533	0.856171713799	35483.8322812	32.5345251244	29483.8638533	0.856171713799	35649.500257	46.661358402	14.570634841918944	2.86013126373291	15.636785507202148	2.314669370651245	2.5960693359375	3.7121758460998535	2.6906301975250244	3.529909133911133	0.06773367524147034	0.07980205863714218
Phosphatverarmungszonen	Phosphatverarmungszonen	114	2	9	783,805	b2	2	biology	0	23			0	0	0	0	0	0	0	0	1	0	0	0	NN	Phosphatverarmungszonen	23.0	nn	Phosphatverarmungszone	22.0	phos-phat-ver-ar-mungs-zo-nen	7.0																													30.77905464172364	21.939987182617188	34.03986358642578	22.304340362548828	36.998626708984375	30.623018264770508	39.2735595703125	30.762676239013672	7.781006488483399	6.5786790362908505
von	von	115	3	9	806,808	b2	2	biology	0	3			0	0	0	0	0	0	0	0	0	0	0	0	APPR	von	3.0	appr	von	3.0	von	1.0	7955.34104766	7955.34104766	8265.3727435	7955.34104766	0.428085856899	7856.20634881	12401.4928732	8585.23905938	340.756342092	620899.645044	1436353.90714	258695.641457	333765.271963	253104.606831	264495.4152	23102.1601118	13320.2529889	7993.18348833	0.0874371201871	0.312235645495	0.0	0.0	3224.03042889	30.8221816968	0.0	0.0	3276.15473257	38.9558129779	4.252236366271973	3.6725032329559326	3.716132164001465	3.780855655670166	3.847412109375	4.067455768585205	3.947312831878662	4.057699203491211	2.2163054943084717	1.8718616962432861
zwei	zwei	116	4	9	809,812	b2	2	biology	0	4			0	0	0	0	0	0	0	0	0	0	0	0	CARD	zwei	4.0	card	zwei	4.0	zwei	1.0	521.251211863	521.251211863	575.885264794	522.109595158	2.5685151414	1807.69521696	948.874525718	1327.24042516	1445.21785289	1251085.84465	2573867.92695	134614.570409	193790.18656	43415.2203474	37203.2294797	19838.2434724	2299.11834144	1060.56117323	0.00808774974252	0.170529329617	0.0	0.0	55.4760860668	7.70554542419	0.0	0.0	63.250586192	11.5583181363	6.99285888671875	8.345670700073242	7.445219993591309	7.913474559783935	7.541934490203857	7.061529636383057	5.906338691711426	6.748571395874023	2.1755001544952393	3.877023458480835
Wurzeln	Wurzeln,	117	5	9	813,819	b2	2	biology	0	7		$,	0	0	0	0	0	0	0	0	0	0	0	0	NN	Wurzeln	7.0	nn	Wurzel	6.0	wur-zeln	2.0	17.5110192094	17.5518946044	29.7082370714	18.7127558218	11.1302322794	90.0128589799	32.2628201647	2056.9643265	684.509285182	1994345.24063	4536132.58675	269055.444914	459994.520501	213780.988996	284631.289651	13240.8075713	320.234194431	74.8264980503	0.0218471711054	0.170897035679	0.0	0.0	2.08464514398	3.4246868552	0.0	0.0	14.5434655339	5.13703028279	14.159452438354492	5.865400791168213	14.248659133911133	4.721653938293457	14.472484588623047	11.631050109863281	13.97133731842041	8.80975341796875	29.234874725341797	29.583560466766357
die	die	118	6	9	821,823	b2	2	biology	0	3			0	0	1	0	0	0	0	0	0	0	0	0	PRELS	die	3.0	prels	die	3.0	die	1.0	3918.55244007	24520.1275636	10789.1994813	24520.1275636	0.428085856899	9091.29875697	30440.211361	33694.5118659	1928.95487119	1361337.08551	2613060.47141	356516.797331	303924.26305	343523.065172	189343.230678	110461.430317	29991.8223867	29048.3692201	0.0938387928357	0.266249299869	0.0	0.0	15201.9436218	35.5311261227	0.0	0.0	15852.8515865	58.2196765383	0.5892125368118286	0.1155074164271354	0.5050541162490845	0.0479436032474041	0.6882164478302002	0.5219382643699646	0.6900396943092346	0.255605012178421	0.0391974076628685	0.010642675682902336
sehr	sehr	119	7	9	824,827	b2	2	biology	0	4			0	0	0	0	0	0	0	0	0	0	0	0	ADV	sehr	4.0	adv	sehr	4.0	sehr	1.0	777.19658507	777.19658507	827.751273581	852.145709305	2.9966009983	1805.17384836	1411.99109242	837.912896773	43.6647574037	1592172.87526	3664758.688	232105.894545	237107.766334	180879.525193	108412.74326	48925.779496	10190.9226751	1157.73833725	0.0128400582399	0.150223270641	1245.84116359	0.428085856899	1405.32060465	14.9830049915	1245.84116359	0.428085856899	1410.56083028	18.4076918467	6.40363359451294	5.168559074401856	7.104043006896973	5.807007312774658	6.413722038269043	5.852307319641113	5.725823402404785	5.109710216522217	1.8197187185287476	1.452453851699829
nah	nah	120	8	9	828,830	b2	2	biology	0	3			0	0	0	0	0	0	0	0	0	0	0	0	ADJD	nah	3.0	adjd	nah	3.0	nah	1.0	11.0363566446	11.0363566446	122.176555595	11.0363566446	0.428085856899	63.4124202617	20.5929592874	784.864809168	2070.22320397	927158.419305	2108315.13968	80757.2562594	85312.8023356	66828.5975414	30400.0890419	21439.2836433	4139.62292628	383.680982519	0.00868764703407	0.157887440407	344.497828891	0.428085856899	358.951368556	27.3974948416	3113.28263373	2.1404292845	3132.96822395	34.246868552	2.305861711502075	1.802252054214477	2.312535047531128	1.7818310260772705	4.0449981689453125	4.414306640625	2.6356465816497803	1.6526153087615967	2.160266399383545	1.914086937904358
beieinander	beieinander	121	9	9	831,841	b2	2	biology	0	11			0	0	0	0	0	0	0	0	0	0	0	0	ADV	beieinander	11.0	adv	beieinander	11.0	bei-ei-nan-der	4.0	5.41190229535	5.42007737434	5.7062051392	67.1419237941	50.942216971	42.8632661809	10.2732019957	59356.7960662	31284.9425081	4883383.0949	10274310.5677	884823.429371	1348029.94889	345869.541746	307132.766548	20337.830725	14068.4280436	3488.24080696	0.01963902954	0.272293168549	0.0	0.0	0.294302843856	0.856171713799	0.0	0.0	0.318828080844	1.2842575707	0.8296104669570923	0.522734522819519	0.6050459742546082	0.3684990108013153	0.8600877523422241	0.4174363911151886	0.6373425126075745	0.48737233877182007	0.12035737515543588	0.058602861943654716
sind	sind,	122	10	9	842,845	b2	2	biology	0	4		$,	0	0	0	0	1	0	0	0	0	0	0	0	VAFIN	sind	4.0	vafin	sein	4.0	sind	1.0	2296.19983824	2298.63601178	17044.4184006	2302.62545033	5.99320199659	4304.10226671	4116.7606825	2333.22477101	26.1132372709	1332047.00373	2728807.18157	249282.495798	286785.417683	144872.038227	66814.7843732	48925.779496	15113.3748159	2467.07533941	0.0559257789967	0.326343386708	0.0	0.0	259.885761283	20.9762069881	0.0	0.0	267.325083169	26.5413231278	3.713965892791748	2.2269158363342285	3.736987829208374	3.936755418777466	3.4665637016296387	3.595210075378418	3.465441942214966	4.069066047668457	30.81828784942627	31.583624601364136
überlappen	überlappen	123	11	9	847,856	b2	2	biology	0	10			0	0	1	0	0	0	0	0	0	0	0	0	VVFIN	überlappen	10.0	vvfin	überlappen	10.0	ü-ber-lap-pen	4.0	0.114451105944	0.376053633816	0.465979502772	382.487420986	261.988544422	3.52991603843	0.713847872811	17639.6786027	30617.984743	2935151.90527	6827228.40093	620462.809698	1184689.93741	357947.239953	487472.067398	4201.6554257	4185.99197435	3864.02466317	0.129417750739	0.372753769913	0.0	0.0	0.049050473976	0.856171713799	0.0	0.0	0.130801263936	1.7123434276	7.662450313568115	9.032221794128418	2.898576259613037	7.415049076080322	10.244583129882812	9.464923858642578	7.748129367828369	7.535216808319092	0.005681229871697724	0.002807857992593199
sich	sich	124	12	9	857,860	b2	2	biology	0	4			0	0	0	0	0	0	0	0	0	0	0	0	PRF	sich	4.0	prf	sich	4.0	sich	1.0	6557.46793998	6557.46793998	6566.55045274	6557.81946837	0.856171713799	6282.99841154	11211.8033194	6926.29480396	1064.22144025	990057.517976	2298056.06212	287477.77288	411907.636196	194753.386357	108862.23341	48925.779496	15113.3748159	6879.41072592	0.109257424523	0.373105981887	0.0	0.0	1254.85010065	21.404292845	0.0	0.0	4636.93750684	29.5379241261	0.3031831383705139	0.266122967004776	0.1792925745248794	0.1408580392599105	0.2601354718208313	0.20065245032310486	0.2830592095851898	0.33940982818603516	0.0044157616794109344	0.005689853802323341
kaum	kaum	125	13	9	861,864	b2	2	biology	0	4			0	0	0	0	0	0	0	0	0	0	0	0	ADV	kaum	4.0	adv	kaum	4.0	kaum	1.0	197.346406963	197.346406963	216.991121791	199.120399105	2.5685151414	739.89561534	370.875006789	217.048347344	3.8527727121	581847.848585	1553376.74124	88079.5845902	143229.822173	52134.089248	45731.9840067	11052.747678	2573.61296889	284.100345269	0.0152516591585	0.172829543872	0.0	0.0	171.815635259	10.7021464225	375.072624336	0.428085856899	547.01088578	12.4144898501	4.616601467132568	3.414623260498047	6.194547176361084	4.116426944732666	7.1767988204956055	6.868497848510742	6.131890296936035	5.167567729949951	3.5689361095428467	3.0196824073791504
und	und	126	14	9	865,867	b2	2	biology	0	3			0	0	0	0	0	0	0	0	0	0	0	0	KON	und	3.0	kon	und	3.0	und	1.0	22313.7473183	22313.7473183	23398.5884761	22313.7473183	0.428085856899	9064.0679761	29467.6401896	23513.5137367	723.037012303	869972.90787	1656300.13956	195202.966651	251153.263298	160187.509171	58920.0250002	32509.3788389	28906.6542257	22352.5789435	0.120238001286	0.419307858966	0.0	0.0	2201.34439665	22.6885504157	0.0	0.0	2454.42031712	42.8085856899	2.8604958057403564	3.154111385345459	3.2820606231689453	4.029064655303955	2.1699726581573486	2.260711908340454	2.751741409301758	2.873014450073242	1.2287774085998535	1.0291361808776855
ein	ein	127	15	9	868,870	b2	2	biology	0	3			0	0	0	0	0	0	0	0	0	0	0	0	ART	ein	3.0	art	eine	4.0	ein	1.0	4621.55200817	4999.44503476	17543.4333976	4999.44503476	0.428085856899	5809.23325181	8404.82933604	11022.7206128	11717.9941609	1614569.79583	3344143.78548	401662.305848	493686.589782	324158.412201	289382.186491	45007.5949345	21503.4825387	20569.6023896	0.0272545875843	0.196343258894	0.0	0.0	1145.39396797	31.6783534106	13165.4578681	0.428085856899	22077.4630101	57.7915906814	5.590455055236816	4.317450523376465	6.004476547241211	5.846325874328613	5.913345813751221	6.285548210144043	5.879587173461914	6.411048889160156	0.10859490185976028	0.010520828887820244
reich	reich	128	16	9	871,875	b2	2	biology	0	5			0	0	0	0	0	0	0	0	0	0	0	0	ADJD	reich	5.0	adjd	reich	5.0	reich	1.0	24.7623142789	24.7623142789	86.3451843557	84.6038925295	14.9830049915	140.062025668	46.2759642766	859.658606903	1490.16686787	1832663.07359	4015620.85292	345615.779119	611536.485758	142902.024041	131740.42586	4443.89936651	2162.46372094	552.103959994	0.0101720803811	0.169961493764	79.1347646812	0.428085856899	99.4498359863	8.56171713799	108.164470196	0.856171713799	147.314923508	14.1268332777	7.7837815284729	7.188035488128662	7.730927467346191	7.499250888824463	8.92426586151123	8.228028297424316	7.175990104675293	6.3941144943237305	4.07374382019043	5.686600208282471
verzweigtes	verzweigtes	129	17	9	876,886	b2	2	biology	0	11			0	0	0	0	0	0	0	0	0	0	0	0	ADJA	verzweigtes	11.0	adja	verzweigt	9.0	ver-zweig-tes	3.0	0.261602527872	0.261602527872	2.01924451201	779.085028318	896.411784347	3.52991603843	0.496589824564	16581.4473269	47113.4170669	3849734.53516	8576965.9843	533704.636701	1061390.08039	146226.902244	229964.29764	23102.1601118	7335.96436261	7300.98319958	0.00022482815625	0.16892470375	0.899258689559	0.428085856899	1.12816090145	1.2842575707	1.4224637453	0.856171713799	1.65136595719	1.7123434276	7.048954963684082	5.705141544342041	3.7143595218658447	2.804207563400269	4.5455522537231445	5.718301296234131	3.8972249031066895	3.607213258743286	0.01216848696640227	0.005686494403562392
Wurzelsystem	Wurzelsystem	130	18	9	887,898	b2	2	biology	0	12			0	0	0	0	0	0	0	0	0	0	0	0	NN	Wurzelsystem	12.0	nn	Wurzelsystem	12.0	wur-zel-system	3.0	0.0899258689559	0.0899258689559	0.147151421928	3.41718302032	57.7915906814	0.756410579663	0.170702752194	2955.96141353	4694.38950676	3222771.52395	7689125.33498	257687.131012	646436.613327	76188.9975912	133228.880384	13240.8075713	320.234194431	74.8264980503	0.0130844886364	0.107724484545	0.0	0.0	0.0	0.0	0.0	0.0	0.0572255529719	0.428085856899	1.412168025970459	0.8680177927017212	1.0682660341262815	0.4838030934333801	8.215009689331055	3.9742431640625	1.5612868070602417	0.5364059209823608	1.400583803653717	0.04002641327679157
erhöht	erhöht	131	19	9	899,904	b2	2	biology	0	6			0	0	0	0	0	0	0	0	0	0	0	0	VVFIN	erhöht	6.0	vvfin	erhöhen	7.0	er-höht	2.0	6.01685814105	36.4935526381	64.9346524652	118.873823681	11.9864039932	347.318524495	68.6069879499	18312.6020551	21954.3831711	1823202.97846	4163695.32273	330968.26118	496156.217091	161297.995552	109481.245559	45007.5949345	12349.7403108	715.123210253	0.0454218889185	0.285888125359	0.0	0.0	1.69224135217	3.8527727121	0.0	0.0	14.5843409289	5.13703028279	7.545283317565918	5.212385177612305	6.326426029205322	5.330270767211914	6.651839256286621	6.080280780792236	8.093382835388184	6.832577228546143	1.253929615020752	1.5934325456619263
die	die	132	20	9	905,907	b2	2	biology	0	3			0	0	0	0	0	0	0	0	0	0	0	0	ART	die	3.0	art	d	1.0	die	1.0	20527.116504	24520.1275636	80100.3069113	24520.1275636	0.428085856899	9091.29875697	30440.211361	33694.5118659	1928.95487119	1361337.08551	2613060.47141	356516.797331	303924.26305	343523.065172	189343.230678	110461.430317	29991.8223867	29048.3692201	0.0938387928357	0.266249299869	0.0	0.0	15201.9436218	35.5311261227	0.0	0.0	15852.8515865	58.2196765383	0.3288692533969879	0.436468243598938	0.288399875164032	0.4014254510402679	0.7251603007316589	0.7458872199058533	0.42460897564888	0.4726940989494324	0.008266991935670376	0.0017347777029499412
Phosphataufnahme	Phosphataufnahme	133	21	9	908,923	b2	2	biology	0	16			0	0	0	0	0	0	0	0	1	0	0	0	NN	Phosphataufnahme	16.0	nn	16	16.0	phos-phat-auf-nah-me	5.0																													7.500201225280762	4.637857437133789	4.991431713104248	4.891356468200684	5.3207502365112305	4.980114936828613	6.894067764282227	5.843796730041504	1.2482523010112345	0.013380000236793421
bei	bei	134	22	9	924,926	b2	2	biology	0	3			0	0	0	0	0	0	0	0	0	0	0	0	APPR	bei	3.0	appr	bei	3.0	bei	1.0	2135.91106436	2161.86694017	2489.87563473	2161.86694017	0.428085856899	4322.25612062	3715.43851209	5555.26048062	4566.8199214	1219263.07434	2569992.0376	157298.346328	245814.176491	54673.4895113	42554.7307768	20337.830725	14068.4280436	3488.24080696	0.0361569463119	0.220877330072	0.0	0.0	1512.16888713	28.2536665554	0.0	0.0	1895.89892012	38.0996412641	6.219256401062012	5.350483417510986	4.316323280334473	5.016755104064941	5.284154891967773	5.475175380706787	5.014499664306641	5.123600959777832	0.13593754172325134	0.06199047341942787
knapper	knapper	135	23	9	927,933	b2	2	biology	0	7			0	0	0	0	0	0	0	0	0	0	0	0	ADJA	knapper	7.0	adja	knapp	5.0	knap-per	2.0	2.08464514398	2.87762780659	42.0117309604	19.4812132475	11.1302322794	33.9124076549	5.44696963819	1215.02929086	4902.43923321	1941752.20245	4646294.48882	308784.74287	523542.153614	206123.817605	166313.923921	11052.747678	144.878749967	67.354475848	0.0125328243068	0.141437789148	6.13130924699	0.428085856899	7.45567204435	2.5685151414	10.4150506409	0.856171713799	11.8456894652	3.8527727121	9.796844482421877	8.899453163146973	6.887681484222412	7.073453426361084	12.181553840637207	11.791345596313477	10.452913284301758	9.362557411193848	8.163425181992352	6.842025010846555
Phosphatversorgung	Phosphatversorgung	136	24	9	934,951	b2	2	biology	0	18			0	0	0	0	0	0	0	0	1	0	0	0	NN	Phosphatversorgung	18.0	nn	Phosphatversorgung	18.0	pho-sphat-ver-sor-gung	5.0	0.00817507899599	0.00817507899599	0.00817507899599	0.891083610563	23.1166362726	0.126068429944	0.0155184320176	17519.8401197	46166.0630656	4156093.74026	10326175.7378	431496.005857	1096572.74463	111975.871876	304204.231201	10343.3797233	496.832250902	50.0805339295	1.1956e-05	0.000383141	0.0	0.0	0.0	0.0	0.0	0.0	0.0	0.0	2.910202980041504	2.7900078296661377	2.8703091144561768	4.3839616775512695	12.477470397949219	12.479207992553711	10.099543571472168	9.281670570373535	3.007977236644365	2.543951092433417
daher	daher	137	25	9	952,956	b2	2	biology	0	5			0	0	0	0	0	0	0	0	0	0	0	0	PAV	daher	5.0	adv	daher	5.0	da-her	2.0	150.217076551	173.957505956	207.164676837	250.083841566	2.9966009983	792.844355916	327.873431668	8923.01697334	13313.8982354	1786434.84126	3838823.53445	464127.504026	587392.443428	329901.91205	175046.01923	110461.430317	19319.7963127	312.034590198	0.00461700568254	0.191980805718	0.0	0.0	37.2211346688	4.70894442589	0.0	0.0	37.6217135396	8.56171713799	11.811137199401855	7.960466384887695	8.217700958251953	7.375954627990723	10.555414199829102	10.145770072937012	9.7442626953125	9.514372825622559	3.9067392349243164	3.732983112335205
enorm	enorm.	138	26	9	957,961	b2	2	biology	0	5		$.	0	0	0	0	1	1	0	0	0	0	0	0	ADJD	enorm	5.0	adjd	enorm	5.0	e-norm	2.0	3.41718302032	3.41718302032	10.8892052227	3.41718302032	0.428085856899	39.5854870023	6.45566771933	5106.75112166	21242.4763911	1807610.42138	4074638.90958	284285.870511	529708.730383	82309.3277071	52323.6500313	45007.5949345	2892.41652449	10.9954812496	0.0164862535731	0.238352845391	0.0	0.0	0.0817507899599	0.428085856899	0.0	0.0	3.35995746735	2.5685151414	4.064385414123535	3.5194432735443115	4.290712356567383	4.613502502441406	4.482733726501465	3.638329029083252	5.171210289001465	4.987672805786133	31.775601387023926	32.16583800315857
Ein	Ein	139	1	10	963,965	b2	2	biology	0	3			0	0	0	1	0	0	0	0	0	0	0	0	ART	Ein	3.0	art	eine	4.0	ein	1.0	562.600761425	562.682512215	17543.4333976	562.682512215	0.428085856899	1914.22304027	1063.64884892	11022.7206128	11717.9941609	859102.219201	1783188.21223	290087.985677	383818.354609	242134.778979	287624.465963	14903.9783425	3644.7281691	2977.8869754	0.0101295569273	0.0268804790931	4999.44503476	0.428085856899	5604.89138521	31.2502675537	18164.9029029	0.856171713799	19209.9723014	41.9524139761	14.814684867858888	3.870651245117188	17.81186866760254	4.280099391937256	4.330711364746094	5.480242729187012	4.394435882568359	5.100711345672607	0.02188204973936081	0.015171254985034466
extensiv	extensiv	140	2	10	966,973	b2	2	biology	0	8			0	0	0	0	0	0	0	0	0	0	0	0	ADJD	extensiv	8.0	adjd	extensiv	8.0	ex-ten-siv	3.0	0.474154581768	0.474154581768	1.65954103619	10.128922876	15.4110908484	5.67307934747	0.900069057022	19338.255641	52558.6691667	2969674.27469	6535630.01396	348033.607782	746854.853209	77027.6871205	117423.094376	45007.5949345	251.52265547	89.8768184819	0.0209373402931	0.205789883534	0.0	0.0	0.253427448876	1.7123434276	0.0	0.0	0.711231872651	2.1404292845	15.416536331176758	9.310483932495115	14.922978401184082	9.53241729736328	17.77098274230957	14.957927703857422	15.311373710632324	10.717801094055176	0.07537475414574146	0.058677494525909424
ausgebildetes	ausgebildetes	141	3	10	974,986	b2	2	biology	0	13			0	0	0	0	0	0	0	0	0	0	0	0	ADJA	ausgebildetes	13.0	adja	ausgebildet	11.0	aus-ge-bil-de-tes	5.0	0.36787855482	0.36787855482	9.31141497644	246.037177463	357.023604654	4.66453190792	0.698329440793	67997.6747132	151916.968467	4524093.65413	10249571.9141	499922.970318	980521.665425	172407.846156	252025.274189	41334.1231877	16266.7803613	4798.31356622	0.000984374954545	0.157888947409	4.7006704227	0.856171713799	4.81512152864	1.2842575707	7.81537552017	1.2842575707	7.92982662611	1.7123434276	10.284109115600586	9.235152244567873	9.909618377685549	5.726611137390137	5.023448944091797	8.233901023864746	8.057361602783203	8.92282485961914	2.408262400655076	2.9582681417814456
Wurzelsystem	Wurzelsystem	142	4	10	987,998	b2	2	biology	0	12			0	0	0	0	0	0	0	0	0	0	0	0	NN	Wurzelsystem	12.0	nn	Wurzelsystem	12.0	wur-zel-system	3.0	0.0899258689559	0.0899258689559	0.147151421928	3.41718302032	57.7915906814	0.756410579663	0.170702752194	2955.96141353	4694.38950676	3222771.52395	7689125.33498	257687.131012	646436.613327	76188.9975912	133228.880384	13240.8075713	320.234194431	74.8264980503	0.0130844886364	0.107724484545	0.0	0.0	0.0	0.0	0.0	0.0	0.0572255529719	0.428085856899	9.582157135009766	0.2516675889492035	10.412137985229492	0.4833126664161682	17.384632110595703	0.565541684627533	7.581079483032227	0.4422805905342102	5.929912209510803	0.0832740468904376
mit	mit	143	5	10	999,1001	b2	2	biology	0	3			0	0	0	0	0	0	0	0	0	0	0	0	APPR	mit	3.0	appr	mit	3.0	mit	1.0	6311.02200856	6389.55999248	6727.32973136	6389.55999248	0.428085856899	6848.28925141	10606.5379154	9545.0750843	6105.78857696	754691.189375	1756517.60717	154872.35076	192565.004837	138846.449102	106042.43187	21052.512481	9522.82251927	6974.74032209	0.0635514315396	0.282257671036	0.0	0.0	1501.70478601	30.3940958399	0.0	0.0	1518.70077524	44.5209291175	3.445219039916992	3.601258039474488	2.9255356788635254	3.293495178222656	2.8354244232177734	3.6723079681396484	3.461979389190674	3.76837158203125	0.013478703796863556	0.013768930919468403
größeren	größeren	144	6	10	1002,1009	b2	2	biology	0	8			0	0	0	0	0	0	0	0	0	0	0	0	ADJA	größeren	8.0	adja	groß	4.0	grö-ße-ren	3.0	56.7595734692	56.7595734692	1357.34106602	99.90764041	14.1268332777	371.523663044	106.502998937	10478.1949511	22373.9073109	2861935.16203	6325380.78237	615206.42193	1129727.13807	373913.291858	490744.783774	23747.2147199	2182.14931116	379.217389387	0.00474459381881	0.120363467919	0.0	0.0	36.4772024801	2.5685151414	66.7822203183	0.428085856899	105.597495391	3.8527727121	7.59626579284668	7.029666900634766	7.366472721099853	7.4798583984375	9.806697845458984	6.464049339294434	7.730634689331055	6.5017805099487305	3.8202929496765137	3.5126733779907227
Zwischenräumen	Zwischenräumen	145	7	10	1010,1023	b2	2	biology	0	14			0	0	0	0	0	0	0	0	0	0	0	0	NN	Zwischenräumen	14.0	nn	Zwischenraum	12.0	zwi-schen-räu-men	4.0	1.56144008823	1.56144008823	4.43906789482	12.238093257	100.172090514	18.6581276317	2.96402051537	15158.3868009	31735.2888295	4197279.13424	9195575.73267	855803.713803	1766029.24683	438632.629093	742311.149924	6468.08162623	700.751421379	161.196207643	0.00582788763351	0.130424207838	0.0	0.0	0.0	0.0	0.0	0.0	1.25896216538	0.856171713799	7.454797744750977	3.743546724319458	8.922462463378906	8.112787246704102	11.948917388916016	11.971243858337402	8.455096244812012	9.644257545471191	3.881780743598938	3.563731901347637
dagegen	dagegen	146	8	10	1024,1030	b2	2	biology	0	7			0	0	0	0	0	0	0	0	0	0	0	0	PAV	dagegen	7.0	adv	dagegen	7.0	da-ge-gen	3.0	128.087137709	128.087137709	158.784559339	128.111662946	1.7123434276	614.961801266	241.885799859	68477.3474733	143910.0506	2747784.04061	5843655.33951	655325.924581	1009297.59673	490660.622166	511247.099718	110461.430317	19319.7963127	137.660155214	0.026495034362	0.25716867043	0.0	0.0	30.7219468669	1.7123434276	0.0	0.0	30.7628222619	3.4246868552	11.10610294342041	8.08261489868164	10.432053565979004	6.614498615264893	11.018482208251953	8.036711692810059	11.037322998046875	6.353749752044678	3.746495246887207	3.078458309173584
kann	kann	147	9	10	1031,1034	b2	2	biology	0	4			0	0	0	0	0	0	0	0	0	0	0	0	VMFIN	kann	4.0	vmfin	können	6.0	kann	1.0	1325.79343618	1325.79343618	3346.01895766	1326.12861441	3.8527727121	2506.87072943	2422.9859015	1631.77846792	157.107509482	1243505.69068	2838879.6137	271586.114193	396834.305088	224930.07998	258268.906412	11052.747678	2573.61296889	1463.46994155	0.0336937487676	0.238078476838	0.0	0.0	1934.49346806	19.6919494174	0.0	0.0	1937.19124413	26.1132372709	2.8385539054870605	1.7174856662750244	2.7799105644226074	1.962672233581543	3.244938850402832	1.841158151626587	2.869831085205078	1.9051536321640015	0.5558724403381348	0.061875395476818085
die	die	148	10	10	1035,1037	b2	2	biology	0	3			0	0	0	0	0	0	0	0	0	0	0	0	ART	die	3.0	art	d	1.0	die	1.0	20527.116504	24520.1275636	80100.3069113	24520.1275636	0.428085856899	9091.29875697	30440.211361	33694.5118659	1928.95487119	1361337.08551	2613060.47141	356516.797331	303924.26305	343523.065172	189343.230678	110461.430317	29991.8223867	29048.3692201	0.0938387928357	0.266249299869	0.0	0.0	15201.9436218	35.5311261227	0.0	0.0	15852.8515865	58.2196765383	2.915577888488769	1.6797523498535156	3.03712797164917	1.813264012336731	2.601064682006836	2.320081949234009	2.7961409091949463	2.167250633239746	0.06350024044513702	0.02355765365064144
Nitrataufnahme	Nitrataufnahme	149	11	10	1038,1051	b2	2	biology	0	14			0	0	0	0	0	0	0	0	1	0	0	0	NN	Nitrataufnahme	14.0	nn	Nitrataufnahme	14.0	ni-trat-auf-nah-me	5.0																													10.89191722869873	6.094019889831543	11.101268768310549	7.297047138214111	15.214393615722656	6.839685916900635	13.474669456481934	6.797666549682617	2.344799481332302	0.03574454924091697
maximieren	maximieren.	150	12	10	1052,1061	b2	2	biology	0	10		$.	0	0	0	0	0	1	0	0	0	0	0	0	VVINF	maximieren	10.0	vvinf	maximieren	10.0	ma-xi-mie-ren	4.0	0.2043769749	0.2043769749	0.392403791808	0.24525236988	2.5685151414	1.76495801921	0.372442368423	13536.9906833	42207.5531469	3556771.33332	7741202.40755	716272.389283	1275299.01797	379784.78892	520539.9875	21052.512481	4172.41316813	14.4617147439	0.04200674076	0.12876426104	0.0	0.0	0.0	0.0	0.0	0.0	0.0	0.0	7.920238494873047	5.790602684020996	6.664553642272949	7.660429000854492	10.808140754699707	9.062138557434082	10.717109680175781	8.906408309936523	33.17878379696049	31.594127724471036
