word	word_with_punct	word_index_in_text	word_index_in_sent	sent_index_in_text	word_limit_char_indices	text_id	text_id_numeric	text_domain	text_domain_numeric	word_length	STTS_punctuation_before	STTS_punctuation_after	is_in_quote	is_in_parentheses	is_clause_beginning	is_sent_beginning	is_clause_end	is_sent_end	is_abbreviation	is_expert_technical_term	is_general_technical_term	contains_symbol	contains_hyphen	contains_abbreviation	STTS_PoS_tag	type	type_length_chars	PoS_tag	lemma	lemma_length_chars	syllables	type_length_syllables	annotated_type_frequency_normalized	type_frequency_normalized	lemma_frequency_normalized	familiarity_normalized	regularity_normalized	document_frequency_normalized	sentence_frequency_normalized	cumulative_syllable_corpus_frequency_normalized	cumulative_syllable_lexicon_frequency_normalized	cumulative_character_corpus_frequency_normalized	cumulative_character_lexicon_frequency_normalized	cumulative_character_bigram_corpus_frequency_normalized	cumulative_character_bigram_lexicon_frequency_normalized	cumulative_character_trigram_corpus_frequency_normalized	cumulative_character_trigram_lexicon_frequency_normalized	initial_letter_frequency_normalized	initial_bigram_frequency_normalized	initial_trigram_frequency_normalized	avg_cond_prob_in_bigrams	avg_cond_prob_in_trigrams	neighbors_coltheart_higher_freq_cum_freq_normalized	neighbors_coltheart_higher_freq_count_normalized	neighbors_coltheart_all_cum_freq_normalized	neighbors_coltheart_all_count_normalized	neighbors_levenshtein_higher_freq_cum_freq_normalized	neighbors_levenshtein_higher_freq_count_normalized	neighbors_levenshtein_all_cum_freq_normalized	neighbors_levenshtein_all_count_normalized	sent_surprisal_llama-7b	text_surprisal_llama-7b	sent_surprisal_llama-13b	text_surprisal_llama-13b	sent_surprisal_gpt2-base	text_surprisal_gpt2-base	sent_surprisal_gpt2-large	text_surprisal_gpt2-large	sent_surprisal_bert-base	text_surprisal_bert-base
In	In	1	1	1	1,2	b1	1	biology	0	2			0	0	0	1	0	0	0	0	0	0	0	0	APPR	In	2.0	appr	in	2.0	in	1.0	1126.95098976	1129.46891409	14298.1641135	0.0	0.0	3679.81140163	2136.22079625	18583.5486983	15158.092107	482564.023928	1003993.18487	206102.496999	254899.442632	207172.18156	253451.656264	8060.80774179	3275.63970259	-0.00817507899599	0.0192971185569	0.0371644358343	17049.8303029	0.856171713799	18134.491609	46.661358402	17049.8303029	0.856171713799	18352.7743933	56.9354189676	15.577396392822266	14.95186996459961	14.526416778564451	14.656974792480469	3.891033172607422	3.891033172607422	4.033161163330078	4.033196449279785	3.7518486976623535	4.894564151763916
der	der	2	2	1	3,5	b1	1	biology	0	3			0	0	0	0	0	0	0	0	0	0	0	0	ART	der	3.0	art	d	1.0	der	1.0	24738.5901996	26530.3631386	80100.3069113	26530.3631386	0.428085856899	9372.80956103	30912.3596552	38163.5169	19310.096833	1332151.97174	2710999.66609	487983.455471	535760.152056	398226.025843	178781.068331	110461.430317	53801.2331077	27238.2432288	0.129811235347	0.318759302208	0.0	0.0	25590.4497812	36.8153836934	0.0	0.0	33289.1996244	55.22307554	1.592057466506958	1.5886365175247192	1.726630449295044	1.7289645671844482	1.4948643445968628	1.4948581457138062	1.529708743095398	1.529706358909607	1.2068760395050049	0.7970642447471619
homologen	homologen	3	3	1	6,14	b1	1	biology	0	9			0	0	0	0	0	0	0	1	0	0	0	0	ADJA	homologen	9.0	adja	homolog	7.0	ho-mo-lo-gen	4.0	0.792982662611	0.792982662611	2.2481467239	4.63526979073	13.2706615639	1.76495801921	1.48976947369	24382.8025866	71071.2420483	2208942.20061	5324845.67505	488029.448466	919990.32526	367863.152971	503150.711907	17646.9952984	802.122400929	24.6151628569	0.000137162886598	0.13416131001	0.0	0.0	1.07911042747	1.7123434276	0.0	0.0	1.52873977225	2.1404292845	16.652494430541992	16.701791763305664	17.220382690429688	17.249210357666016	19.549266815185547	19.54926109313965	18.024763107299805	18.0247745513916	2.43319034576416	0.16456472128629684
Rekombinationsreparatur	Rekombinationsreparatur	4	4	1	15,37	b1	1	biology	0	23			0	0	0	0	0	0	0	1	0	0	0	0	NN	Rekombinationsreparatur	23.0	nn	Rekombinationsreparatur	23.0	re-kom-bi-na-ti-ons-re-pa-ra-tur	10.0																													19.24115562438965	19.34413719177246	25.80758476257324	26.111587524414062	26.42093276977539	26.420921325683594	21.758590698242188	21.758569717407227	2.51948969415389	0.8373835448660429
veranlasst	veranlasst	5	5	1	38,47	b1	1	biology	0	10			0	0	0	0	0	0	0	0	0	0	0	0	VVFIN	veranlasst	10.0	vvfin	veranlassen	11.0	ver-an-lasst	3.0	0.024525236988	0.923783926547	45.2245370058	1355.77962593	1024.40945556	11.8504324147	1.75358281799	28017.5653344	58797.1643593	3092637.01945	7605615.63027	444711.17638	949559.499653	151929.085245	185797.823612	23102.1601118	7335.96436261	7300.98319958	0.0591445362832	0.300250719106	0.0	0.0	0.335178238836	0.428085856899	0.0	0.0	0.564080450723	1.7123434276	11.525845527648926	11.487689018249512	11.08774471282959	11.113617897033691	13.614363670349121	13.61435604095459	12.816583633422852	12.816583633422852	8.216107368469238	7.95213508605957
RecA	RecA	6	6	1	48,51	b1	1	biology	0	4			0	0	0	0	0	0	1	1	0	0	0	0	NN	RecA	4.0	nn	RecA	4.0																															9.09714126586914	9.133748054504396	8.403740882873535	8.347837448120117	23.209115982055664	23.209117889404297	19.243505477905273	19.24350929260254	14.704403400421143	0.0035090167220914736
in	in	7	7	1	52,53	b1	1	biology	0	2			0	0	0	0	0	0	0	0	0	0	0	0	APPR	in	2.0	appr	in	2.0	in	1.0	13129.4221199	13165.4578681	14298.1641135	0.0	0.0	8527.89894355	19687.5208529	18583.5486983	15158.092107	842500.587604	1735372.30627	309490.415689	350022.68855	273957.116004	252232.89583	37971.7622471	15391.66268	-0.00817507899599	0.0682365415668	0.281559937821	0.0	0.0	9683.14399346	42.380499833	0.0	0.0	17389.6438116	75.7711966712	3.1051478385925293	3.116884231567383	4.610662460327148	4.598916530609131	6.370845794677734	6.3708343505859375	5.346478462219238	5.346472263336182	0.009281227365136147	0.0037542355712503195
Verbindung	Verbindung	8	8	1	54,63	b1	1	biology	0	10			0	0	0	0	0	0	0	0	0	0	0	0	NN	Verbindung	10.0	nn	Verbindung	10.0	ver-bin-dung	3.0	92.2557664698	92.2557664698	119.822132844	1001.15287417	603.601058228	482.085676105	171.975263619	17128.5236134	43888.6463069	3046949.9283	6453130.59187	467538.473986	960965.419224	103578.537007	264620.416271	10632.1480387	5672.28673645	5517.81044374	0.0169571790839	0.182952200602	0.0	0.0	0.547730292732	3.8527727121	0.0	0.0	0.866558373575	5.13703028279	5.119800567626953	5.099634170532227	5.1114277839660645	5.15798807144165	4.3150835037231445	4.315077781677246	4.34984016418457	4.349836349487305	1.1689634323120117	0.8683570623397827
mit	mit	9	9	1	64,66	b1	1	biology	0	3			0	0	0	0	0	0	0	0	0	0	0	0	APPR	mit	3.0	appr	mit	3.0	mit	1.0	6311.02200856	6389.55999248	6727.32973136	6389.55999248	0.428085856899	6848.28925141	10606.5379154	9545.0750843	6105.78857696	754691.189375	1756517.60717	154872.35076	192565.004837	138846.449102	106042.43187	21052.512481	9522.82251927	6974.74032209	0.0635514315396	0.282257671036	0.0	0.0	1501.70478601	30.3940958399	0.0	0.0	1518.70077524	44.5209291175	0.0053439149633049	0.0053083421662449	0.0027926277834922	0.0027573206461966	0.011635417118668556	0.011635181494057178	0.004075436852872372	0.004075436852872372	0.004042668268084526	0.0018147443188354373
einer	einer	10	10	1	67,71	b1	1	biology	0	5			0	0	0	0	0	0	0	0	0	0	0	0	ART	einer	5.0	art	eine	4.0	ei-ner	2.0	2342.47896043	2431.18674262	17543.4333976	7303.86082739	14.1268332777	4894.732861	4237.55615733	21798.3739882	14462.4525895	2727078.92811	5805735.49431	528986.765912	752729.903509	325207.675415	207395.611264	45007.5949345	21503.4825387	20569.6023896	0.0318816192149	0.182077876037	0.0	0.0	4849.55496137	17.9796059898	4602.28334698	0.428085856899	10773.3725284	33.3906968382	3.76266098022461	3.754225492477417	3.899314403533936	3.865045070648194	2.76631498336792	2.7663164138793945	2.1641454696655273	2.16414475440979	0.0020523453131318092	0.0035082479007542133
Reihe	Reihe	11	11	1	72,76	b1	1	biology	0	5			0	0	0	0	0	0	0	0	0	0	0	0	NN	Reihe	5.0	nn	Reihe	5.0	rei-he	2.0	124.817106111	124.931557217	152.01559393	282.285477732	25.2570655571	688.963969643	232.481630056	5551.86782284	16936.3607565	2134378.4823	4475902.61903	284134.386298	464829.322169	157108.651795	234211.337426	9222.31479046	4688.04810073	1182.90940548	0.0135831300315	0.114202969243	0.0	0.0	76.4778640075	11.9864039932	0.0	0.0	123.737995683	17.123434276	5.898994445800781	5.672989845275879	4.170255661010742	4.129215240478516	3.5145978927612305	3.5145976543426514	4.251313209533691	4.251328468322754	0.8160687685012817	1.1436657905578613
weiterer	weiterer	12	12	1	77,84	b1	1	biology	0	8			0	0	0	0	0	0	0	0	0	0	0	0	ADJA	weiterer	8.0	adja	weit	4.0	wei-te-rer	3.0	27.1984878197	27.1984878197	656.826721933	190.569266476	36.8153836934	259.953102544	51.3349731143	30622.7831587	54616.0497949	3704124.70422	8128117.53525	736847.052046	1349087.32095	292806.804399	288547.847156	34258.3961147	9994.2302745	2505.75163814	0.00805720112429	0.112910319024	145.156702653	0.856171713799	150.380578131	4.70894442589	287.198700208	1.2842575707	292.47980124	6.42128785349	1.2727904319763184	1.247674584388733	2.8400559425354004	2.8823819160461426	3.042092800140381	3.0421056747436523	2.982391595840454	2.982388734817505	0.8417981863021851	0.7512686848640442
Proteine	Proteine	13	13	1	85,92	b1	1	biology	0	8			0	0	0	0	0	0	0	0	1	0	0	0	NN	Proteine	8.0	nn	Protein	7.0	pro-tei-ne	3.0	1.97019403803	1.97019403803	4.20199060394	257.122584582	133.99087321	4.28632661809	3.53820250002	19217.5669498	39385.6111782	3132108.26287	6989040.14589	443550.151661	799794.518789	222368.181899	283687.788423	10343.3797233	3039.31451897	1551.10678838	0.135688955593	0.440505995282	0.0	0.0	0.964659321527	1.7123434276	0.0	0.0	2.75500162165	2.9966009983	0.716784656047821	0.7231367826461792	0.6298496723175049	0.6324642300605774	9.370624542236328	9.370617866516113	4.1686201095581055	4.168627738952637	0.2838806286454201	0.026730531128123403
die	die	14	14	1	93,95	b1	1	biology	0	3			0	0	0	0	0	0	0	0	0	0	0	0	ART	die	3.0	art	d	1.0	die	1.0	20527.116504	24520.1275636	80100.3069113	24520.1275636	0.428085856899	9091.29875697	30440.211361	33694.5118659	1928.95487119	1361337.08551	2613060.47141	356516.797331	303924.26305	343523.065172	189343.230678	110461.430317	29991.8223867	29048.3692201	0.0938387928357	0.266249299869	0.0	0.0	15201.9436218	35.5311261227	0.0	0.0	15852.8515865	58.2196765383	1.1351464986801147	1.1210954189300537	1.1170639991760254	1.122018814086914	1.7724239826202393	1.77243173122406	1.532875895500183	1.5328619480133057	0.3336418569087982	0.09771284461021423
Auflösung	Auflösung	15	15	1	96,104	b1	1	biology	0	9			0	0	0	0	0	0	0	0	1	0	0	0	NN	Auflösung	9.0	nn	Auflösung	9.0	auf-lö-sung	3.0	30.3050178381	30.3050178381	31.5067544506	160.959130352	155.823251911	200.448803611	55.9749842876	9999.92012948	10397.7773782	1500088.75275	3743299.60017	173398.63303	414858.432007	97400.6134596	236218.632009	19822.5963712	5396.67212318	1676.8558535	0.00594223501592	0.105488281779	0.0	0.0	2.18274609193	1.7123434276	0.0	0.0	2.19909624992	2.5685151414	6.094740867614746	6.100767612457275	7.500056743621826	7.375491619110107	7.000635147094727	7.000628471374512	7.529176712036133	7.529183864593506	3.763467311859131	4.982319355010986
der	der	16	16	1	105,107	b1	1	biology	0	3			0	0	0	0	0	0	0	0	0	0	0	0	ART	der	3.0	art	d	1.0	der	1.0	24738.5901996	26530.3631386	80100.3069113	26530.3631386	0.428085856899	9372.80956103	30912.3596552	38163.5169	19310.096833	1332151.97174	2710999.66609	487983.455471	535760.152056	398226.025843	178781.068331	110461.430317	53801.2331077	27238.2432288	0.129811235347	0.318759302208	0.0	0.0	25590.4497812	36.8153836934	0.0	0.0	33289.1996244	55.22307554	0.8576933145523071	0.8445425629615784	0.7421094179153442	0.7630262970924377	1.7520356178283691	1.7520315647125244	1.4641127586364746	1.464115023612976	0.47594618797302246	0.6228601932525635
angehaltenen	angehaltenen	17	17	1	108,119	b1	1	biology	0	12			0	0	0	0	0	0	0	0	0	0	0	0	ADJA	angehaltenen	12.0	adja	angehalten	10.0	an-ge-hal-te-nen	5.0	0.188026816908	0.188026816908	0.907433768555	90.9150535144	193.066721462	2.64743702882	0.356923936405	95239.6457781	184352.605759	5012904.79547	11193786.3338	937518.566115	1880921.9257	449550.953947	634451.493592	41334.1231877	8435.34898599	1078.74254892	0.0103561323478	0.176381064391	2.98390383354	0.856171713799	3.08200478149	2.9966009983	2.98390383354	0.856171713799	3.17193065045	3.8527727121	12.874585151672363	12.876741409301758	17.038188934326172	17.019657135009766	16.414047241210938	16.41404151916504	14.253408432006836	14.253414154052734	11.2337087392807	10.41908765072003
Replikationsgabel	Replikationsgabel:	18	18	1	120,136	b1	1	biology	0	17		$.	0	0	0	0	0	0	0	1	0	0	0	0	NN	Replikationsgabel	17.0	nn	Replikationsgabel	17.0	re-pli-kat-i-ons-ga-bel	7.0	0.04087539498	0.04087539498	0.0654006319679	2.06829498599	45.3771008313	0.126068429944	0.0620737280705	18147.8088127	68102.0385449	4548562.28687	10938374.9005	250158.373762	777222.407726	59644.4198705	196152.792404	9222.31479046	4688.04810073	201.409421224	4.414e-06	0.0052431014	0.0	0.0	0.0	0.0	0.0	0.0	0.024525236988	0.428085856899	15.229022026062012	15.18791389465332	8.725448608398438	8.757062911987305	28.128095626831055	28.12810516357422	29.102313995361328	29.102333068847656	30.646300789345332	28.05226802452671
Kommt	Kommt	19	1	2	138,142	b1	1	biology	0	5			0	0	1	0	0	0	0	0	0	0	0	0	VVFIN	Kommt	5.0	vvfin	kommen	6.0	kommt	1.0	4.60256947474	11.7557635962	1395.72306191	43.1317167829	12.4144898501	87.491490381	22.2844683773	432.028399701	61.6443633935	621353.165726	1689930.13639	121583.167486	189835.9575	108679.761775	144751.667394	13511.0511576	3068.45867559	737.923505573	0.00153073529346	0.0158856278081	329.545609407	0.428085856899	335.701443891	6.84937371039	345.985693268	0.856171713799	353.702967841	8.98980299489	19.86190414428711	10.504183769226074	21.061391830444336	9.545732498168944	8.622990608215332	8.25008773803711	8.671991348266602	8.817107200622559	0.571706349379383	0.439054154434416
der	der	20	2	2	143,145	b1	1	biology	0	3			0	0	0	0	0	0	0	0	0	0	0	0	ART	der	3.0	art	d	1.0	der	1.0	24738.5901996	26530.3631386	80100.3069113	26530.3631386	0.428085856899	9372.80956103	30912.3596552	38163.5169	19310.096833	1332151.97174	2710999.66609	487983.455471	535760.152056	398226.025843	178781.068331	110461.430317	53801.2331077	27238.2432288	0.129811235347	0.318759302208	0.0	0.0	25590.4497812	36.8153836934	0.0	0.0	33289.1996244	55.22307554	3.125022649765014	3.051422595977783	3.7719340324401855	4.009255409240723	3.4616799354553223	3.862529993057251	3.269458293914795	4.684481620788574	0.20788006484508514	0.1570223569869995
Replikationskomplex	Replikationskomplex	21	3	2	146,164	b1	1	biology	0	19			0	0	0	0	0	0	0	1	0	0	0	0	NN	Replikationskomplex	19.0	nn	Replikationskomplex	19.0	re-pli-ka-ti-ons-kom-plex	7.0																													23.94746780395508	8.443742752075195	21.779455184936523	5.014867782592773	26.582462310791016	12.283008575439453	23.949424743652344	13.856439590454102	8.189116823721633	1.9346174006464025
an	an	22	4	2	165,166	b1	1	biology	0	2			0	0	0	0	0	0	0	0	0	0	0	0	APPR	an	2.0	appr	an	2.0	an	1.0	3187.89657972	3884.37243479	4068.76951662	0.0	0.0	5613.44898011	6653.07769303	12719.6789856	19259.154616	717398.252987	1649175.07855	279301.541198	364343.444721	252342.313415	264619.560099	41334.1231877	8435.34898599	-0.00817507899599	0.0614799109559	0.290369413682	13165.4578681	0.428085856899	16682.1888254	42.380499833	13165.4578681	0.428085856899	19757.6290185	75.7711966712	2.200502157211304	2.1361334323883057	3.294894218444824	2.467118501663208	4.133047580718994	3.885620355606079	4.479107856750488	3.0974178314208984	0.04893122985959053	0.09995808452367783
eine	eine	23	5	2	167,170	b1	1	biology	0	4			0	0	0	0	0	0	0	0	0	0	0	0	ART	eine	4.0	art	eine	4.0	ei-ne	2.0	4544.81254164	4602.28334698	17543.4333976	4654.20327368	7.70554542419	6231.56249212	7847.29862895	30417.7276523	27062.3036156	2386639.00405	4952915.26469	382524.871022	493577.855975	268757.733063	229873.543438	45007.5949345	21503.4825387	20569.6023896	0.0243873860821	0.18682983564	0.0	0.0	517.016520944	29.1098382692	4999.44503476	0.428085856899	15385.972825	53.5107321124	2.6770436763763428	2.1630773544311523	2.8207950592041016	1.712468147277832	4.0207037925720215	2.7518153190612793	3.532416820526123	1.9198951721191406	0.4081421494483948	0.16981053352355957
schadhafte	schadhafte	24	6	2	171,180	b1	1	biology	0	10			0	0	0	0	0	0	0	0	0	0	0	0	ADJA	schadhafte	10.0	adja	schadhaft	9.0	schad-haf-te	3.0	0.694881714659	0.694881714659	2.06829498599	322.752118762	451.202493172	6.42948992713	1.3190667215	25784.5098064	47914.3657052	2656617.24371	6142284.18052	483324.764079	946359.129787	260519.444356	394810.315157	48925.779496	5804.84564237	5790.87443236	0.0024263382	0.126227161835	0.0	0.0	0.261602527872	0.856171713799	0.0	0.0	1.52056469325	2.9966009983	11.930797576904297	7.545490741729736	12.664127349853516	6.610324859619141	10.353673934936523	10.274423599243164	11.567103385925293	9.179471969604492	0.23277616035193205	0.27473779395222664
DNA-Stelle	DNA-Stelle,	25	7	2	181,190	b1	1	biology	0	10		$,	0	0	0	0	1	0	0	0	1	0	1	1	NN	DNA-Stelle	10.0	nn	DNA-Stelle	10.0																															2.610747098922729	3.210484743118286	4.153032302856445	3.0707740783691406	14.406020164489746	13.140603065490723	14.794929504394531	10.517045974731445	60.39763569831848	52.48195653222501
löst	löst	26	8	2	192,195	b1	1	biology	0	4			0	0	1	0	0	0	0	0	0	0	0	0	VVFIN	löst	4.0	vvfin	lösen	5.0	löst	1.0	15.9250538842	15.9250538842	106.897332952	16.7670870208	0.856171713799	107.410302312	30.1057581142	102.654466953	37.2434695503	728612.360374	2041018.33064	140416.579299	222924.425723	106551.894989	93533.3350457	7813.184599	99.5806372502	94.2341355868	0.0356599441042	0.221704556662	0.0	0.0	3.40900794133	8.98980299489	0.0	0.0	19.0070586657	12.4144898501	4.748155117034912	3.465879201889038	3.529031991958618	3.006731986999512	6.519726276397705	5.222680568695068	4.72355842590332	2.9962332248687744	1.5295435190200806	1.3383681774139404
er	er	27	9	2	196,197	b1	1	biology	0	2			0	0	0	0	0	0	0	0	0	0	0	0	PPER	er	2.0	pper	er	2.0	er	1.0	4943.65829569	4943.65829569	7439.12568446	0.0	0.0	3590.05067951	7523.18065783	18274.9803416	21948.3899691	1112509.13228	2461591.70883	322652.897828	436713.499259	249087.61009	154395.157493	45007.5949345	12349.7403108	-0.00817507899599	0.058770261318	0.231307973502	0.0	0.0	6046.00229767	34.6749544089	26530.3631386	0.428085856899	35370.5420364	65.4971361056	0.4975878894329071	0.9685176610946656	1.3072835206985474	4.4629411697387695	1.4045416116714478	1.1586761474609375	0.7071438431739807	0.6989622116088867	0.047020964324474335	0.09391958266496658
sich	sich	28	10	2	198,201	b1	1	biology	0	4			0	0	0	0	0	0	0	0	0	0	0	0	PRF	sich	4.0	prf	sich	4.0	sich	1.0	6557.46793998	6557.46793998	6566.55045274	6557.81946837	0.856171713799	6282.99841154	11211.8033194	6926.29480396	1064.22144025	990057.517976	2298056.06212	287477.77288	411907.636196	194753.386357	108862.23341	48925.779496	15113.3748159	6879.41072592	0.109257424523	0.373105981887	0.0	0.0	1254.85010065	21.404292845	0.0	0.0	4636.93750684	29.5379241261	3.798706769943237	1.4135890007019043	2.8491992950439453	0.4636188149452209	1.9847694635391235	1.3879077434539795	4.2457427978515625	2.313836097717285	0.3197411298751831	0.19099755585193634
und	und	29	11	2	202,204	b1	1	biology	0	3			0	0	0	0	0	0	0	0	0	0	0	0	KON	und	3.0	kon	und	3.0	und	1.0	22313.7473183	22313.7473183	23398.5884761	22313.7473183	0.428085856899	9064.0679761	29467.6401896	23513.5137367	723.037012303	869972.90787	1656300.13956	195202.966651	251153.263298	160187.509171	58920.0250002	32509.3788389	28906.6542257	22352.5789435	0.120238001286	0.419307858966	0.0	0.0	2201.34439665	22.6885504157	0.0	0.0	2454.42031712	42.8085856899	4.931197643280029	4.445796012878418	4.890426635742188	4.26398515701294	4.993564605712891	4.384955406188965	4.061683177947998	3.2826285362243652	0.121075838804245	0.03412884473800659
überspringt	überspringt	30	12	2	205,215	b1	1	biology	0	11			0	0	0	0	0	0	0	0	0	0	0	0	VVFIN	überspringt	11.0	vvfin	überspringen	12.0	ü-ber-springt	3.0	0.604955845703	0.604955845703	3.89133760209	213.353211637	297.091584688	8.44658480623	1.1483639693	16777.6083474	24867.9355131	3113416.47612	7341498.64297	474441.821343	943000.368154	139395.364781	187779.004957	4201.6554257	4185.99197435	3864.02466317	0.0275535357297	0.280428005284	0.0	0.0	0.335178238836	0.856171713799	0.0	0.0	0.351528396828	1.2842575707	8.559653282165527	8.484322547912598	11.87316608428955	8.222574234008789	10.407169342041016	9.989686965942383	9.263936042785645	8.501446723937988	0.010629190102918074	0.017356216674670577
den	den	31	13	2	216,218	b1	1	biology	0	3			0	0	0	0	0	0	0	0	0	0	0	0	ART	den	3.0	art	d	1.0	den	1.0	9532.82881596	9841.63424996	80100.3069113	9841.63424996	0.428085856899	7940.04185472	15266.5057923	23354.2468477	22159.4362965	1464587.59747	2838670.7078	583323.017065	738089.367203	513926.807063	462012.089145	110461.430317	53801.2331077	11287.0372669	0.0645632931127	0.22424070987	26530.3631386	0.428085856899	39507.1238333	37.6715554072	26530.3631386	0.428085856899	40560.2456847	58.6477623952	2.6116244792938232	2.5036606788635254	2.5431501865386963	2.189913749694824	2.483785629272461	2.4895334243774414	2.22871732711792	2.279858350753784	0.1513178050518036	0.15391458570957184
Schaden	Schaden,	32	14	2	219,225	b1	1	biology	0	7		$,	0	0	0	0	1	0	0	0	0	0	0	0	NN	Schaden	7.0	nn	Schaden	7.0	scha-den	2.0	35.4144422106	35.4798428426	50.930742145	956.974747271	533.394977697	281.006530345	65.9222992109	23582.0290737	23475.8003065	2088559.70698	4408496.22	657980.233754	1168438.51403	395073.911584	599238.863346	26995.0755041	5794.60226839	5748.46212253	0.0210617089396	0.265252012482	0.0	0.0	40.785469111	8.98980299489	0.0	0.0	52.7864850771	13.2706615639	3.6522157192230233	2.6004812717437744	2.8734936714172363	2.739831686019897	8.212011337280273	8.428596496582031	7.749395370483398	8.00863265991211	29.83851718902588	27.78675079345703
um	um	33	15	2	227,228	b1	1	biology	0	2			0	0	1	0	0	0	0	0	0	0	0	0	KOUI	um	2.0	appr	um	2.0	um	1.0	1106.66861877	2023.33205151	2173.54912806	0.0	0.0	4188.62358488	3500.91170788	3894.37873148	7287.305542	284093.257475	675479.670203	72866.620962	59765.4945676	72242.2084283	40588.5324361	32509.3788389	2649.44500165	-0.00817507899599	0.0281983861756	0.174663736456	4320.93800333	0.428085856899	7422.20327094	36.8153836934	4320.93800333	0.428085856899	9288.90898396	64.2128785349	2.062912940979004	1.5535099506378174	0.9923310279846193	1.475058674812317	3.528132438659668	3.0593981742858887	3.312166929244995	3.415587902069092	0.24680361151695251	0.14908578991889954
an	an	34	16	2	229,230	b1	1	biology	0	2			0	0	0	0	0	0	0	0	0	0	0	0	APPR	an	2.0	appr	an	2.0	an	1.0	3187.89657972	3884.37243479	4068.76951662	0.0	0.0	5613.44898011	6653.07769303	12719.6789856	19259.154616	717398.252987	1649175.07855	279301.541198	364343.444721	252342.313415	264619.560099	41334.1231877	8435.34898599	-0.00817507899599	0.0614799109559	0.290369413682	13165.4578681	0.428085856899	16682.1888254	42.380499833	13165.4578681	0.428085856899	19757.6290185	75.7711966712	2.407900094985962	1.3809176683425903	2.7087411880493164	2.9136171340942383	4.773978233337402	4.851739883422852	3.5322866439819336	3.256155490875244	0.13176289200782776	0.0671069547533989
anderer	anderer	35	17	2	231,237	b1	1	biology	0	7			0	0	0	0	0	0	0	0	0	0	0	0	ADJA	anderer	7.0	adja	ander	5.0	an-de-rer	3.0	120.59059027	131.01381599	1102.139625	911.341456315	20.1200352743	705.731070825	245.548149815	30535.988345	58282.1770734	3162059.35701	6821766.45348	731329.47868	1215888.40658	327764.872825	296810.33228	41334.1231877	8435.34898599	1916.32026745	0.0149401089776	0.154912627155	619.581062027	0.428085856899	780.728219196	2.9966009983	1067.70619227	0.856171713799	1237.95221236	8.13363128109	1.2758095264434814	2.1343722343444824	2.187981605529785	2.275747299194336	4.471285343170166	4.64511251449585	2.327693223953247	2.725935459136963	1.15566885471344	2.9119277000427246
Stelle	Stelle	36	18	2	238,243	b1	1	biology	0	6			0	0	0	0	0	0	0	0	0	0	0	0	NN	Stelle	6.0	nn	Stelle	6.0	stel-le	2.0	169.0361084	169.248660454	237.526920229	254.334882644	69.3499088177	714.177655631	314.124100901	11513.0046255	33045.2315516	2186556.8723	5098430.20916	323889.337651	712099.846745	192061.668022	333323.915444	26995.0755041	6635.67892073	1052.68857216	0.0250082013517	0.29967691866	0.0	0.0	55.4270355928	9.84597470869	0.0	0.0	128.119838025	14.5549191346	0.0124688548967242	0.0212395414710044	0.0063931145705282	0.0041254120878875	0.012027479708194733	0.013650757260620594	0.013846177607774734	0.016058044508099556	0.0007535954937338829	0.0005416594794951379
fortzufahren	fortzufahren.	37	19	2	244,255	b1	1	biology	0	12		$.	0	0	0	0	1	1	0	0	0	0	0	0	VVIZU	fortzufahren	12.0	vvizu	fortfahren	10.0	fort-zu-fah-ren	4.0	1.53691485125	1.53691485125	9.08251276455	42.6984375961	117.29552479	20.170948791	2.91746521931	26321.3835942	36647.1459516	3136462.68599	7490383.05122	542857.307994	1019979.19503	366901.551129	500101.456348	12864.091756	1104.06894365	606.321083896	0.0438256331277	0.222558271633	1.94566880105	0.428085856899	1.94566880105	0.428085856899	1.94566880105	0.428085856899	1.94566880105	0.428085856899	7.266665458679199	5.1967363357543945	5.677635669708252	2.649521350860596	7.710204601287842	7.865403175354004	6.898829936981201	6.058828830718994	29.365321633871645	30.905146160977893
Es	Es	38	1	3	257,258	b1	1	biology	0	2			0	0	0	1	0	0	0	0	0	0	0	0	PPER	Es	2.0	pper	es	2.0	es	1.0	1403.53026235	1403.64471345	7209.6675672	0.0	0.0	3211.97145811	2657.96599912	6486.72898142	1792.39548284	286505.208257	791842.823997	81571.870181	138491.767909	82968.9911814	138348.787233	14903.9783425	1567.47329653	-0.00817507899599	0.0221016374523	0.0323297245831	4482.240487	0.428085856899	6205.63706523	46.2332725451	4482.240487	0.428085856899	6436.93457526	59.503934109	15.99863052368164	10.017269134521484	18.482467651367188	4.838968276977539	4.286796569824219	4.067365646362305	4.290889739990234	4.681277275085449	1.2179951667785645	1.2936803102493286
entsteht	entsteht	39	2	3	259,266	b1	1	biology	0	8			0	0	0	0	0	0	0	0	0	0	0	0	VVFIN	entsteht	8.0	vvfin	entstehen	9.0	ent-steht	2.0	46.98217899	46.98217899	207.197377153	428.766543182	122.004469216	187.337686896	88.5171362286	4354.67655435	6185.8406322	3331959.94731	7658874.6479	509264.878339	1004935.82993	174933.332435	177968.989461	45007.5949345	2892.41652449	2177.579442	0.046993584532	0.2404879089	0.0	0.0	1.92114356406	2.1404292845	0.0	0.0	1.97836911703	3.8527727121	8.452051162719727	2.508894443511963	8.300345420837402	2.056792020797729	7.169168472290039	2.3814234733581543	7.237821102142334	2.4538021087646484	1.834051251411438	0.03377555310726166
eine	eine	40	3	3	267,270	b1	1	biology	0	4			0	0	0	0	0	0	0	0	0	0	0	0	ART	eine	4.0	art	eine	4.0	ei-ne	2.0	4544.81254164	4602.28334698	17543.4333976	4654.20327368	7.70554542419	6231.56249212	7847.29862895	30417.7276523	27062.3036156	2386639.00405	4952915.26469	382524.871022	493577.855975	268757.733063	229873.543438	45007.5949345	21503.4825387	20569.6023896	0.0243873860821	0.18682983564	0.0	0.0	517.016520944	29.1098382692	4999.44503476	0.428085856899	15385.972825	53.5107321124	2.284517288208008	1.012331485748291	1.3780288696289062	0.9641611576080322	1.4327061176300049	1.3304150104522705	1.5281856060028076	1.2137024402618408	0.011028642766177654	0.014066832140088081
Replikationslücke	Replikationslücke	41	4	3	271,287	b1	1	biology	0	17			0	0	0	0	0	0	0	1	0	0	0	0	NN	Replikationslücke	17.0	nn	Replikationslücke	17.0	re-pli-ka-ti-ons-lüc-ke	7.0																													17.01679801940918	8.886425018310547	20.321727752685547	6.2520270347595215	21.665557861328125	10.180342674255371	19.617944717407227	8.500062942504883	5.903377274999912	0.015718522064162244
im	im	42	5	3	288,289	b1	1	biology	0	2			0	0	0	0	0	0	0	0	0	0	0	0	APPRART	im	2.0	apprart	im	2.0	im	1.0	4320.93800333	4320.93800333	4852.53069013	0.0	0.0	6505.00491667	7332.35049931	6212.43055587	1739.74092244	476263.776674	1003959.79418	79143.642817	44968.7069239	79582.1540543	29361.1246672	37971.7622471	5463.51156905	-0.00817507899599	0.0471865575674	0.258008463415	13165.4578681	0.428085856899	17856.5143979	39.8119846916	13165.4578681	0.428085856899	19278.847342	58.6477623952	3.89319372177124	4.530444145202637	3.497067451477051	4.514438629150391	3.7155652046203613	3.750560998916626	3.1068408489227295	4.016147136688232	0.3824615478515625	0.07249578833580017
Tochterstrang	Tochterstrang,	43	6	3	290,302	b1	1	biology	0	13		$,	0	0	0	0	0	0	0	0	1	0	0	0	NN	Tochterstrang	13.0	nn	Tochterstrang	13.0	toch-ter-strang	3.0																													19.6171875	12.294775009155272	18.79475975036621	12.643512725830078	25.807029724121094	22.352214813232422	24.2233829498291	21.7160701751709	39.40265399115742	27.853105620884435
die	die	44	7	3	304,306	b1	1	biology	0	3			0	0	1	0	0	0	0	0	0	0	0	0	PRELS	die	3.0	art	d	1.0	die	1.0	20527.116504	24520.1275636	80100.3069113	24520.1275636	0.428085856899	9091.29875697	30440.211361	33694.5118659	1928.95487119	1361337.08551	2613060.47141	356516.797331	303924.26305	343523.065172	189343.230678	110461.430317	29991.8223867	29048.3692201	0.0938387928357	0.266249299869	0.0	0.0	15201.9436218	35.5311261227	0.0	0.0	15852.8515865	58.2196765383	2.469414710998535	0.6355538368225098	1.840436339378357	0.6173322796821594	1.0964664220809937	0.8712351322174072	1.0156251192092896	0.5394316911697388	0.11824482679367065	0.06468284130096436
über	über	45	8	3	307,310	b1	1	biology	0	4			0	0	0	0	0	0	0	0	0	0	0	0	ADV	über	4.0	adv	über	4.0	ü-ber	2.0	14.200112216	2127.76868568	2237.96057547	2158.5887335	1.7123434276	4705.63021608	3662.52065891	16754.4973991	24846.1031344	1219536.24461	2729799.48458	331123.824758	515246.277793	217997.727442	172072.534868	4201.6554257	4185.99197435	3864.02466317	0.061186912624	0.29530401917	2250.5583722	0.428085856899	3200.9440058	10.7021464225	2250.5583722	0.428085856899	3226.96528225	19.2638635605	4.988048553466797	5.165038108825684	5.2775187492370605	4.847285270690918	5.140242576599121	4.782160758972168	5.138288497924805	4.850229263305664	2.615111827850342	2.377202033996582
800	800	46	9	3	311,313	b1	1	biology	0	3			0	0	0	0	0	0	0	0	0	0	0	0	CARD	800	3.0	card	800	3.0			11.8947399392	11.8947399392	11.8947399392	11.8947399392	0.428085856899	119.765008447	21.9430628729	17.4374434985	95.8912319455	15533.2550482	101399.412666	5138.64210483	22909.4427178	4358.04468689	16510.8434148	557.393236105	79.55169371	21.2470303106	0.0092932038756	0.212057015783	211.979798366	2.5685151414	243.502902975	13.2706615639	254.571959935	2.9966009983	315.590749561	30.8221816968	9.561457633972168	12.074069023132324	8.761550903320312	12.94626235961914	8.082634925842285	8.686479568481445	9.088871002197266	11.932304382324219	5.148484230041504	5.393803119659424
Basen	Basen	47	10	3	314,318	b1	1	biology	0	5			0	0	0	0	0	0	0	0	1	0	0	0	NN	Basen	5.0	nn	Base	4.0	ba-sen	2.0	3.79323665414	3.79323665414	5.85335656113	65.7358102068	16.6953484191	23.7008648294	6.89018381583	9482.75645711	29258.3840615	1777678.45693	4059927.31102	449209.578998	800170.378171	352956.558603	506995.779073	17498.1271098	1827.57978495	130.040981589	0.0241313926767	0.2714371037	53.3096901329	3.4246868552	66.8966714242	17.123434276	53.3096901329	3.4246868552	73.5511857269	23.1166362726	3.841256618499756	1.724960446357727	3.448633909225464	1.3851730823516846	12.825090408325195	8.77867317199707	9.19863510131836	5.471253395080566	1.9340765443630517	0.5484631740837358
umfassen	umfassen	48	11	3	319,326	b1	1	biology	0	8			0	0	0	0	0	0	0	0	0	0	0	0	VVINF	umfassen	8.0	vvinf	umfassen	8.0	um-fas-sen	3.0	7.48837236033	11.9110900972	50.7835907231	17.5437195254	17.123434276	125.690224654	22.6103554497	12681.5994676	29738.2683071	2380607.60245	5613344.29233	490310.148354	849213.606281	381298.764499	493710.990676	32509.3788389	2649.44500165	143.619787802	0.0418725325978	0.314516078183	0.0	0.0	0.24525236988	1.2842575707	0.0	0.0	6.98969254157	3.4246868552	3.5058579444885254	4.929169178009033	6.133481502532959	4.815690517425537	5.718696117401123	6.109498023986816	6.0625200271606445	8.914885520935059	1.9898076057434082	1.664267897605896
kann	kann.	49	12	3	327,330	b1	1	biology	0	4		$.	0	0	0	0	1	1	0	0	0	0	0	0	VMFIN	kann	4.0	vmfin	können	6.0	kann	1.0	1325.79343618	1325.79343618	3346.01895766	1326.12861441	3.8527727121	2506.87072943	2422.9859015	1631.77846792	157.107509482	1243505.69068	2838879.6137	271586.114193	396834.305088	224930.07998	258268.906412	11052.747678	2573.61296889	1463.46994155	0.0336937487676	0.238078476838	0.0	0.0	1934.49346806	19.6919494174	0.0	0.0	1937.19124413	26.1132372709	0.6293764710426331	0.2302530258893966	0.4643713533878326	0.1618454456329345	1.181075096130371	0.5549889206886292	1.0736174583435059	0.5054579973220825	28.854108214378357	28.42256759852171
Bei	Bei	50	1	4	332,334	b1	1	biology	0	3			0	0	0	1	0	0	0	0	0	0	0	0	APPR	Bei	3.0	appr	bei	3.0	bei	1.0	327.460964263	327.460964263	2489.87563473	327.460964263	0.428085856899	1367.71639646	620.644170113	5555.26048062	4566.8199214	1160001.6651	2421606.34937	118793.748782	214179.915924	40781.324346	81208.3151397	17498.1271098	8127.15668292	979.153736587	0.00843197312875	0.0257546831681	3195.07429908	0.856171713799	3346.99996714	28.6817524123	3195.07429908	0.856171713799	3444.13625577	39.3838988348	16.277666091918945	4.231791496276856	17.93170738220215	4.388606071472168	4.7243804931640625	4.791089057922363	4.774263381958008	4.132118225097656	0.6738390326499939	0.30270564556121826
der	der	51	2	4	335,337	b1	1	biology	0	3			0	0	0	0	0	0	0	0	0	0	0	0	ART	der	3.0	art	d	1.0	der	1.0	24738.5901996	26530.3631386	80100.3069113	26530.3631386	0.428085856899	9372.80956103	30912.3596552	38163.5169	19310.096833	1332151.97174	2710999.66609	487983.455471	535760.152056	398226.025843	178781.068331	110461.430317	53801.2331077	27238.2432288	0.129811235347	0.318759302208	0.0	0.0	25590.4497812	36.8153836934	0.0	0.0	33289.1996244	55.22307554	1.7276334762573242	1.20346200466156	1.4206315279006958	0.9361000061035156	1.6458323001861572	1.4957728385925293	1.6596596240997314	1.6312204599380493	2.9872958660125732	2.189741611480713
rekombinatorischen	"""rekombinatorischen"	52	3	4	339,356	b1	1	biology	0	18	$(		1	0	0	0	0	0	0	1	0	0	0	0	ADJA	rekombinatorischen	18.0	adja	rekombinatorisch	17.0	re-kom-bi-na-to-ri-schen	7.0		0.00817507899599		0.12262618494	4.70894442589	0.126068429944	0.0155184320176	32104.851405	109256.500484	5522015.49182	12789930.5645	837839.648065	1826864.09986	439144.503489	752311.235541	4443.89936651	2162.46372094	14.4371895069	9.18e-07	6.1739e-05	0.0	0.0	0.0	0.0	0.0	0.0	0.0	0.0	27.58929443359375	15.090436935424805	26.551218032836918	18.065616607666016	24.341121673583984	14.9602632522583	28.26529884338379	14.969266891479492	27.22307170721615	24.606000457890104
Reparatur	"Reparatur"""	53	4	4	357,365	b1	1	biology	0	9		$(	1	0	0	0	0	0	0	0	0	0	0	0	NN	Reparatur	9.0	nn	Reparatur	9.0	re-pa-rat-ur	4.0	2.77952685864	2.77952685864	5.24840071543	11.0527068026	20.1200352743	27.7350545876	5.21419315792	14743.4279661	47415.6456819	2438037.72042	6038234.06022	215008.460757	437238.33252	137370.773767	159558.301013	9222.31479046	4688.04810073	201.409421224	0.00364464221176	0.126692630968	0.0	0.0	0.016350157992	0.856171713799	0.0	0.0	0.32700315984	1.7123434276	7.820939540863037	0.9488985538482666	7.325106143951416	0.3479017615318298	8.676427841186523	2.636427402496338	6.982731342315674	1.616436243057251	30.06805181503296	26.181576013565063
bindet	bindet	54	5	4	367,372	b1	1	biology	0	6			0	0	0	0	0	0	0	0	0	0	0	0	VVFIN	bindet	6.0	vvfin	binden	6.0	bin-det	2.0	5.3056262684	5.3056262684	51.5356979907	24.7132638049	7.27745956729	48.4102770984	9.97835178734	1765.20393221	2442.65789947	2190208.87629	4552449.07919	368359.502892	467071.207801	140314.145559	158792.455415	20337.830725	2547.64074292	330.534793966	0.0369559388274	0.240878843622	193.896523627	1.2842575707	197.28918141	4.70894442589	193.896523627	1.2842575707	198.172089942	6.42128785349	7.150484085083008	4.779448509216309	9.359355926513672	4.836543083190918	11.327532768249512	8.496793746948242	9.295827865600586	8.115523338317871	0.04119526880822377	0.012926263301778818
das	das	55	6	4	373,375	b1	1	biology	0	3			0	0	0	0	0	0	0	0	0	0	0	0	ART	das	3.0	art	d	1.0	das	1.0	5535.50948977	7683.24989344	80100.3069113	7683.24989344	0.428085856899	6503.8703008	12246.2154424	9530.4416929	290.670296835	734069.119328	1662118.68252	216547.190476	169684.671958	215247.31204	124039.161294	110461.430317	19319.7963127	7903.50287175	0.0288325249482	0.178984875387	0.0	0.0	15300.9683536	34.6749544089	0.0	0.0	16474.0513142	50.942216971	2.2031025886535645	2.3123321533203125	2.0715346336364746	3.199212074279785	2.016411066055298	3.4029324054718018	1.4798811674118042	1.4883267879486084	0.10396645218133926	0.18923620879650116
RecA-Protein	RecA-Protein	56	7	4	376,387	b1	1	biology	0	12			0	0	0	0	0	0	0	1	0	0	1	1	NN	RecA-Protein	12.0	nn	RecA-Protein	12.0																															16.545156478881836	1.4275535345077517	10.709900856018066	1.734143853187561	28.681262969970703	8.80881118774414	25.08100700378418	7.78195858001709	38.94379437714815	23.354003603977617
an	an	57	8	4	388,389	b1	1	biology	0	2			0	0	0	0	0	0	0	0	0	0	0	0	APPR	an	2.0	appr	an	2.0	an	1.0	3187.89657972	3884.37243479	4068.76951662	0.0	0.0	5613.44898011	6653.07769303	12719.6789856	19259.154616	717398.252987	1649175.07855	279301.541198	364343.444721	252342.313415	264619.560099	41334.1231877	8435.34898599	-0.00817507899599	0.0614799109559	0.290369413682	13165.4578681	0.428085856899	16682.1888254	42.380499833	13165.4578681	0.428085856899	19757.6290185	75.7711966712	2.9814281463623047	0.5086732506752014	4.125226974487305	0.9356430768966676	3.556443214416504	2.929349899291992	3.544646739959717	2.2255537509918213	0.108380988240242	0.16050812602043152
die	die	58	9	4	390,392	b1	1	biology	0	3			0	0	0	0	0	0	0	0	0	0	0	0	ART	die	3.0	art	d	1.0	die	1.0	20527.116504	24520.1275636	80100.3069113	24520.1275636	0.428085856899	9091.29875697	30440.211361	33694.5118659	1928.95487119	1361337.08551	2613060.47141	356516.797331	303924.26305	343523.065172	189343.230678	110461.430317	29991.8223867	29048.3692201	0.0938387928357	0.266249299869	0.0	0.0	15201.9436218	35.5311261227	0.0	0.0	15852.8515865	58.2196765383	1.645180344581604	1.1318542957305908	1.7442960739135742	1.005293607711792	1.406278371810913	1.5548591613769531	1.4266878366470337	1.144962191581726	4.201308250427246	4.301170825958252
Einzelstrang-DNA-Enden	Einzelstrang-DNA-Enden	59	10	4	393,414	b1	1	biology	0	22			0	0	0	0	0	0	0	0	1	0	1	1	NN	Einzelstrang-DNA-Enden	22.0	nn	Einzelstrang-DNA-Ende	21.0																															13.842765808105469	14.324262619018556	10.78525447845459	10.066329002380373	35.08833694458008	32.0203857421875	32.70379638671875	23.215049743652344	58.25650677247904	62.97938981531479
links	links	60	11	4	415,419	b1	1	biology	0	5			0	0	0	0	0	0	0	0	0	0	0	0	ADV	links	5.0	adv	links	5.0	links	1.0	65.343406415	65.3924568889	70.4037803135	86.8438641744	8.56171713799	218.728725952	119.36777908	88.3072033147	230.738276869	1333171.32234	3201780.40908	185284.470308	332353.444807	77578.0416136	130011.81517	7813.184599	1588.18894671	203.731143659	0.0176247895288	0.27438746055	0.0	0.0	26.7325083169	7.70554542419	0.0	0.0	28.514675538	10.7021464225	10.579829216003418	9.316564559936523	9.76792335510254	7.784677505493164	12.763476371765137	12.563628196716309	11.528639793395996	11.127182006835938	0.031706515699625015	0.011705758981406689
und	und	61	12	4	420,422	b1	1	biology	0	3			0	0	0	0	0	0	0	0	0	0	0	0	KON	und	3.0	kon	und	3.0	und	1.0	22313.7473183	22313.7473183	23398.5884761	22313.7473183	0.428085856899	9064.0679761	29467.6401896	23513.5137367	723.037012303	869972.90787	1656300.13956	195202.966651	251153.263298	160187.509171	58920.0250002	32509.3788389	28906.6542257	22352.5789435	0.120238001286	0.419307858966	0.0	0.0	2201.34439665	22.6885504157	0.0	0.0	2454.42031712	42.8085856899	0.140928566455841	0.0344822444021701	0.3982782959938049	0.1079192236065864	0.3058450222015381	0.2259889841079712	0.27354875206947327	0.18216413259506226	0.07317288219928741	0.04248134419322014
rechts	rechts	62	13	4	423,428	b1	1	biology	0	6			0	0	0	0	0	0	0	0	0	0	0	0	ADV	rechts	6.0	adv	rechts	6.0	rechts	1.0	64.7384505693	64.7956761222	64.7956761222	106.022599499	14.1268332777	212.803509745	117.350382917	348.650769021	1530.83502427	2011369.02513	4757324.54901	283478.46701	620010.445295	107064.439741	190845.38395	4443.89936651	2162.46372094	569.018198437	0.0202636992413	0.250151863007	0.0	0.0	57.8632091336	5.99320199659	214.816550778	0.428085856899	277.24962907	10.2740605656	0.0207729432731866	0.0046190866269171	0.0087771639227867	0.0028154493775218	0.016293928027153015	0.010595141910016537	0.010012757033109665	0.007512177340686321	0.011902973987162113	0.007107332348823547
der	der	63	14	4	429,431	b1	1	biology	0	3			0	0	0	0	0	0	0	0	0	0	0	0	ART	der	3.0	art	d	1.0	der	1.0	24738.5901996	26530.3631386	80100.3069113	26530.3631386	0.428085856899	9372.80956103	30912.3596552	38163.5169	19310.096833	1332151.97174	2710999.66609	487983.455471	535760.152056	398226.025843	178781.068331	110461.430317	53801.2331077	27238.2432288	0.129811235347	0.318759302208	0.0	0.0	25590.4497812	36.8153836934	0.0	0.0	33289.1996244	55.22307554	1.91768491268158	1.2194238901138306	1.3921890258789062	0.5558000802993774	1.4651939868927002	1.6563713550567627	1.644739031791687	1.5455809831619263	0.040961794555187225	0.11200160533189774
Replikationslücke	Replikationslücke	64	15	4	432,448	b1	1	biology	0	17			0	0	0	0	0	0	0	1	0	0	0	0	NN	Replikationslücke	17.0	nn	Replikationslücke	17.0	re-pli-ka-ti-ons-lüc-ke	7.0																													13.010993003845217	4.566370964050293	10.509676933288574	1.7399338483810425	17.861953735351562	6.037481784820557	15.002277374267578	7.012441635131836	7.357517454063782	0.22068674594538606
und	und	65	16	4	449,451	b1	1	biology	0	3			0	0	0	0	0	0	0	0	0	0	0	0	KON	und	3.0	kon	und	3.0	und	1.0	22313.7473183	22313.7473183	23398.5884761	22313.7473183	0.428085856899	9064.0679761	29467.6401896	23513.5137367	723.037012303	869972.90787	1656300.13956	195202.966651	251153.263298	160187.509171	58920.0250002	32509.3788389	28906.6542257	22352.5789435	0.120238001286	0.419307858966	0.0	0.0	2201.34439665	22.6885504157	0.0	0.0	2454.42031712	42.8085856899	1.0539567470550537	0.9295759201049804	1.4451905488967896	1.3028709888458252	3.5599470138549805	2.8087944984436035	1.9211697578430176	1.7910007238388062	0.10872215032577515	0.03398920223116875
sucht	sucht	66	17	4	452,456	b1	1	biology	0	5			0	0	0	0	0	0	0	0	0	0	0	0	VVFIN	sucht	5.0	vvfin	suchen	6.0	sucht	1.0	47.6280102307	47.6280102307	231.886115721	58.0185356346	2.9966009983	257.809939235	88.951652325	280.863013986	258.991943424	1076314.41148	2722133.75115	301069.29134	443873.235216	182100.129888	159042.029469	48925.779496	365.932886019	216.214489286	0.0247814403504	0.197748683586	0.0	0.0	36.5671283491	10.7021464225	56.5878968103	0.428085856899	96.4986324687	15.4110908484	6.2633819580078125	5.389230728149414	6.836218357086182	6.118842124938965	7.785525321960449	7.002030849456787	6.384239673614502	6.490254878997803	4.136931419372559	3.6528565883636475
die	die	67	18	4	457,459	b1	1	biology	0	3			0	0	0	0	0	0	0	0	0	0	0	0	ART	die	3.0	art	d	1.0	die	1.0	20527.116504	24520.1275636	80100.3069113	24520.1275636	0.428085856899	9091.29875697	30440.211361	33694.5118659	1928.95487119	1361337.08551	2613060.47141	356516.797331	303924.26305	343523.065172	189343.230678	110461.430317	29991.8223867	29048.3692201	0.0938387928357	0.266249299869	0.0	0.0	15201.9436218	35.5311261227	0.0	0.0	15852.8515865	58.2196765383	3.666246175765991	3.6685657501220703	2.961000680923462	3.068225860595703	2.4546265602111816	2.3033294677734375	2.6563854217529297	2.720299243927002	1.9590444564819336	1.1798367500305176
Schwesterchromatide	Schwesterchromatide	68	19	4	460,478	b1	1	biology	0	19			0	0	0	0	0	0	0	1	0	0	0	0	NN	Schwesterchromatide	19.0	prels	Schwesterchromatide	19.0	schwe-ster-chro-ma-ti-de	6.0	0.00817507899599	0.00817507899599	0.00817507899599	30.9017986049	727.745956729	0.126068429944	0.0155184320176	32681.8403054	112721.855495	5668825.28538	12875639.7743	981145.848012	2067384.99473	236421.134518	488605.210661	26995.0755041	5794.60226839	5748.46212253	3.08e-07	0.003816793	0.0	0.0	0.0	0.0	0.024525236988	0.428085856899	0.024525236988	0.428085856899	12.238231658935549	10.981027603149414	12.594449996948242	10.391945838928224	27.67123794555664	29.092727661132812	22.844932556152344	23.088970184326172	7.655034243129194	6.457776909694076
oder	oder	69	20	4	479,482	b1	1	biology	0	4			0	0	0	0	0	0	0	0	0	0	0	0	KON	oder	4.0	kon	oder	4.0	o-der	2.0	2382.24254467	2382.24254467	2440.80063552	2382.26706991	1.2842575707	3195.07828849	3786.12496993	46489.2135514	49053.0740845	1447738.97221	3094476.83627	387480.767411	538964.374695	245168.738822	173303.709792	5492.20609632	2385.56980182	2382.69217401	0.0664484844681	0.385688126346	0.0	0.0	81.66903917	10.7021464225	26530.3631386	0.428085856899	26614.3539002	24.4008938433	6.547587394714356	6.013895034790039	5.943058013916016	5.7698974609375	6.134973049163818	5.676849365234375	5.354170799255371	5.629970550537109	3.382111072540283	2.914982795715332
das	das	70	21	4	483,485	b1	1	biology	0	3			0	0	0	0	0	0	0	0	0	0	0	0	ART	das	3.0	art	d	1.0	das	1.0	5535.50948977	7683.24989344	80100.3069113	7683.24989344	0.428085856899	6503.8703008	12246.2154424	9530.4416929	290.670296835	734069.119328	1662118.68252	216547.190476	169684.671958	215247.31204	124039.161294	110461.430317	19319.7963127	7903.50287175	0.0288325249482	0.178984875387	0.0	0.0	15300.9683536	34.6749544089	0.0	0.0	16474.0513142	50.942216971	2.445751190185547	2.527819871902466	2.807863235473633	3.642810344696045	3.3709778785705566	3.230804681777954	2.407956600189209	2.9309914112091064	0.01069138664752245	0.009699832648038864
homologe	homologe	71	22	4	486,493	b1	1	biology	0	8			0	0	0	0	0	0	0	1	0	0	0	0	ADJA	homologe	8.0	adja	homolog	7.0	ho-mo-lo-ge	4.0	0.44962934478	0.44962934478	2.2481467239	2.22362148691	12.4144898501	3.15171074859	0.85351376097	48563.9341495	123825.546452	1736066.65083	4344354.40372	246227.991982	458509.062578	159270.584136	212219.710785	17646.9952984	802.122400929	24.6151628569	0.00294178752727	0.245747503927	0.0	0.0	0.302477922852	1.2842575707	0.792982662611	0.428085856899	1.98654419603	2.9966009983	2.539445400238037	2.0528340339660645	1.408955216407776	1.0332365036010742	14.119922637939453	10.912616729736328	10.27492904663086	10.290088653564453	0.2096729278564453	0.25633300468325615
Chromosom	Chromosom	72	23	4	494,502	b1	1	biology	0	9			0	0	0	0	0	0	0	0	1	0	0	0	NN	Chromosom	9.0	nn	Chromosom	9.0	chro-mo-som	3.0	1.15268613843	1.15268613843	6.97334238358	47.6361853096	35.5311261227	1.89102644916	2.01739616229	2232.00911796	13312.185892	1383706.99562	3727878.23526	96218.8403901	217983.030677	38052.891731	52997.8852559	2901.18020918	1099.78520225	280.372509247	0.0294803495674	0.240639270128	0.0	0.0	0.0	0.0	0.0	0.0	0.515029976748	1.7123434276	1.7465955018997192	0.789408266544342	1.9594312906265257	1.7117007970809937	4.872164249420166	5.195652961730957	3.3346190452575684	3.931715250015259	2.084705099463463	2.086775802075863
nach	nach	73	24	4	503,506	b1	1	biology	0	4			0	0	0	0	0	0	0	0	0	0	0	0	APPR	nach	4.0	appr	nach	4.0	nach	1.0	2391.39045807	2502.6941586	2810.50223295	2502.74320907	2.1404292845	4686.84602002	4309.48408973	3967.0388336	3346.34714338	1067927.15648	2448323.1877	213866.982652	365842.601392	118034.496495	66628.5670254	21439.2836433	4139.62292628	3075.39114258	0.0451554294378	0.247249102273	0.0	0.0	2812.17812415	22.2604645588	0.0	0.0	2844.01188176	30.8221816968	3.424435615539551	3.3446946144104004	2.0092740058898926	1.0476818084716797	4.537418365478516	3.9516165256500244	4.299419403076172	4.398497581481934	1.85885751247406	3.444021701812744
homologen	homologen	74	25	4	507,515	b1	1	biology	0	9			0	0	0	0	0	0	0	1	0	0	0	0	ADJA	homologen	9.0	adja	homolog	7.0	ho-mo-lo-gen	4.0	0.792982662611	0.792982662611	2.2481467239	4.63526979073	13.2706615639	1.76495801921	1.48976947369	24382.8025866	71071.2420483	2208942.20061	5324845.67505	488029.448466	919990.32526	367863.152971	503150.711907	17646.9952984	802.122400929	24.6151628569	0.000137162886598	0.13416131001	0.0	0.0	1.07911042747	1.7123434276	0.0	0.0	1.52873977225	2.1404292845	4.792403221130371	4.473978996276856	4.407643795013428	3.971136569976807	13.16090202331543	12.19144058227539	10.76025390625	11.249495506286621	0.13247408904135227	0.08194604888558388
Sequenzen	Sequenzen	75	26	4	516,524	b1	1	biology	0	9			0	0	0	0	0	0	0	0	1	0	0	0	NN	Sequenzen	9.0	nn	Sequenz	7.0	se-quen-zen	3.0	1.30801263936	1.30801263936	3.93221299707	1.79034230012	5.56511613969	9.45513224578	2.32776480264	11948.6954605	32687.3517753	3519546.76512	7443324.85723	603486.792183	1189965.66751	361723.546019	542489.661727	26995.0755041	2545.55609777	6.62998906575	0.0592269197987	0.297525523472	0.0	0.0	0.024525236988	1.2842575707	0.0	0.0	0.024525236988	1.2842575707	1.8280733823776243	1.6561157703399658	1.178363800048828	1.11461079120636	8.637809753417969	8.922971725463867	5.58345890045166	6.439413547515869	0.0013524338719435036	0.0008330983982887119
ab	ab.	76	27	4	525,526	b1	1	biology	0	2		$.	0	0	0	0	0	1	0	0	0	0	0	0	PTKVZ	ab	2.0	ptkvz	ab	2.0	ab	1.0	389.771416371	442.288123841	459.145136731	0.0	0.0	1691.83832985	823.190744807	4158.38473258	11617.3939845	322091.531504	875023.330679	55598.1645215	46067.6033185	49929.8018229	27682.1719364	41334.1231877	4277.97796321	-0.00817507899599	0.0446111048802	0.311494298086	5804.4041881	1.2842575707	6100.80802726	38.0996412641	5804.4041881	1.2842575707	6749.51689575	61.6443633935	0.9402412176132202	1.0487103462219238	1.765172243118286	0.7100944519042969	2.946809768676758	2.7494454383850098	1.1159793138504028	0.860253095626831	25.757952332496643	28.098979711532593
Ist	Ist	77	1	5	528,530	b1	1	biology	0	3			0	0	0	1	0	0	0	0	0	0	0	0	VAFIN	Ist	3.0	vafin	sein	4.0	ist	1.0	121.849552435	121.914953067	17044.4184006	121.914953067	0.428085856899	397.115554323	230.634936646	6392.98535058	321.920564388	558019.463506	1520086.64458	138889.049438	222682.557214	106346.937583	97360.4226064	8060.80774179	289.577648196	133.106636213	0.00320616865797	0.0204244763765	6201.98280491	0.428085856899	6245.58867628	18.8357777036	6201.98280491	0.428085856899	6255.68489884	26.9694089847	13.892809867858888	2.906970977783203	19.04227638244629	2.3301143646240234	6.4319610595703125	5.977133274078369	6.478862762451172	5.299910068511963	0.2522938847541809	1.8549296855926514
eine	eine	78	2	5	531,534	b1	1	biology	0	4			0	0	0	0	0	0	0	0	0	0	0	0	ART	eine	4.0	art	eine	4.0	ei-ne	2.0	4544.81254164	4602.28334698	17543.4333976	4654.20327368	7.70554542419	6231.56249212	7847.29862895	30417.7276523	27062.3036156	2386639.00405	4952915.26469	382524.871022	493577.855975	268757.733063	229873.543438	45007.5949345	21503.4825387	20569.6023896	0.0243873860821	0.18682983564	0.0	0.0	517.016520944	29.1098382692	4999.44503476	0.428085856899	15385.972825	53.5107321124	3.190194845199585	1.1608575582504272	3.2927160263061523	0.8527828454971313	3.534815549850464	2.651524782180786	3.5718157291412354	2.239915132522583	0.041937362402677536	0.08980407565832138
solche	solche	79	3	5	535,540	b1	1	biology	0	6			0	0	0	0	0	0	0	0	0	0	0	0	PIDAT	solche	6.0	pis	solch	5.0	sol-che	2.0	262.207483717	265.575616264	669.825097537	870.694963547	25.2570655571	1054.94062177	493.672359345	6271.38105051	11564.3113383	1675623.95902	4048591.59753	381840.232682	630600.433223	232624.799509	283197.630117	48925.779496	8037.09183762	2087.46554623	0.00842109827108	0.11506405378	0.0	0.0	34.3925573361	2.9966009983	0.0	0.0	404.020579061	7.27745956729	5.9307403564453125	1.6474194526672363	6.109169006347656	1.99096953868866	5.6535797119140625	2.447782516479492	5.22646951675415	0.6922028064727783	2.777209997177124	1.6070201396942139
Stelle	Stelle	80	4	5	541,546	b1	1	biology	0	6			0	0	0	0	0	0	0	0	0	0	0	0	NN	Stelle	6.0	nn	Stelle	6.0	stel-le	2.0	169.0361084	169.248660454	237.526920229	254.334882644	69.3499088177	714.177655631	314.124100901	11513.0046255	33045.2315516	2186556.8723	5098430.20916	323889.337651	712099.846745	192061.668022	333323.915444	26995.0755041	6635.67892073	1052.68857216	0.0250082013517	0.29967691866	0.0	0.0	55.4270355928	9.84597470869	0.0	0.0	128.119838025	14.5549191346	6.229528903961182	4.947980880737305	6.262159824371338	6.677783966064453	5.915127277374268	5.946815013885498	5.972809314727783	3.857440948486328	4.523595809936523	3.820603847503662
gefunden	gefunden,	81	5	5	547,554	b1	1	biology	0	8		$,	0	0	0	0	0	0	0	0	0	0	0	0	VVPP	gefunden	8.0	vvpp	finden	6.0	ge-fun-den	3.0	103.308473272	103.308473272	684.180536254	242.047738913	58.2196765383	553.062202163	195.066690462	66821.6405492	117305.798851	3087528.87039	6409963.27023	690912.795558	1135794.39892	438218.994621	538499.045369	23747.2147199	15623.9820749	792.295955976	0.0402090312702	0.321657986657	0.0	0.0	59.7598274607	5.13703028279	0.0	0.0	62.0406745006	8.13363128109	4.127201557159424	0.1343505978584289	5.121218681335449	0.1718021780252456	6.409469127655029	1.944383978843689	4.059584140777588	0.5794316530227661	31.925472259521484	31.444272994995117
dringt	dringt	82	6	5	556,561	b1	1	biology	0	6			0	0	1	0	0	0	0	0	0	0	0	0	VVFIN	dringt	6.0	vvfin	dringen	7.0	dringt	1.0	8.81273515768	8.81273515768	41.8155290645	50.2522105884	13.2706615639	74.6325105267	16.6667959869	14.0447857151	11.1302322794	1814313.02968	3953922.97879	340915.223147	423298.572762	210062.59519	119360.182878	110461.430317	1206.93596265	223.302282776	0.0311661265779	0.202756764734	101.526306051	0.856171713799	104.191381804	4.28085856899	101.526306051	0.856171713799	106.480403923	6.42128785349	9.147854804992676	8.460524559020996	8.638532638549805	9.478561401367188	12.644702911376953	7.328728675842285	10.797935485839844	7.8262481689453125	1.8278512954711914	1.650911569595337
der	der	83	7	5	562,564	b1	1	biology	0	3			0	0	0	0	0	0	0	0	0	0	0	0	ART	der	3.0	art	d	1.0	der	1.0	24738.5901996	26530.3631386	80100.3069113	26530.3631386	0.428085856899	9372.80956103	30912.3596552	38163.5169	19310.096833	1332151.97174	2710999.66609	487983.455471	535760.152056	398226.025843	178781.068331	110461.430317	53801.2331077	27238.2432288	0.129811235347	0.318759302208	0.0	0.0	25590.4497812	36.8153836934	0.0	0.0	33289.1996244	55.22307554	1.4487029314041138	3.352452278137207	1.3403056859970093	2.484670639038086	2.054105043411255	2.8253345489501953	1.7099007368087769	3.016004800796509	0.1941359043121338	0.21855147182941437
Komplex	Komplex	84	8	5	565,571	b1	1	biology	0	7			0	0	0	0	0	0	0	0	1	0	0	0	NN	Komplex	7.0	nn	Komplex	7.0	kom-plex	2.0	7.63552378226	7.63552378226	15.6716264353	55.8848400166	35.9592119796	56.9829303346	14.2614390242	2392.06898962	7197.83559791	1207465.14369	2987134.73574	59079.0232321	201306.089949	18879.0369286	69033.5533695	13511.0511576	3068.45867559	737.923505573	0.0563356132071	0.208492605455	0.0	0.0	2.38712306683	1.7123434276	0.0	0.0	8.158728838	3.4246868552	12.362508773803713	3.1889350414276123	11.70659637451172	3.5968191623687744	10.141136169433594	6.7205705642700195	10.598260879516602	3.663590431213379	4.904299736022949	0.32538852095603943
in	in	85	9	5	572,573	b1	1	biology	0	2			0	0	0	0	0	0	0	0	0	0	0	0	APPR	in	2.0	appr	in	2.0	in	1.0	13129.4221199	13165.4578681	14298.1641135	0.0	0.0	8527.89894355	19687.5208529	18583.5486983	15158.092107	842500.587604	1735372.30627	309490.415689	350022.68855	273957.116004	252232.89583	37971.7622471	15391.66268	-0.00817507899599	0.0682365415668	0.281559937821	0.0	0.0	9683.14399346	42.380499833	0.0	0.0	17389.6438116	75.7711966712	2.276613712310791	0.4846406280994415	2.585549831390381	0.8914360404014587	1.2802469730377197	1.0727763175964355	1.4775704145431519	0.971337080001831	0.045925676822662354	0.012416091747581959
die	die	86	10	5	574,576	b1	1	biology	0	3			0	0	0	0	0	0	0	0	0	0	0	0	ART	die	3.0	art	d	1.0	die	1.0	20527.116504	24520.1275636	80100.3069113	24520.1275636	0.428085856899	9091.29875697	30440.211361	33694.5118659	1928.95487119	1361337.08551	2613060.47141	356516.797331	303924.26305	343523.065172	189343.230678	110461.430317	29991.8223867	29048.3692201	0.0938387928357	0.266249299869	0.0	0.0	15201.9436218	35.5311261227	0.0	0.0	15852.8515865	58.2196765383	1.3344056606292725	0.7808042764663696	0.7344402074813843	0.6706628799438477	0.9434674978256226	0.865798830986023	0.976657509803772	1.0107777118682861	0.11651883274316788	0.12967494130134583
Doppelhelix	Doppelhelix	87	11	5	577,587	b1	1	biology	0	11			0	0	0	0	0	0	0	0	1	0	0	0	NN	Doppelhelix	11.0	nn	Doppelhelix	11.0	dop-pel-he-lix	4.0	0.049050473976	0.049050473976	0.049050473976	6.79349064567	85.6171713799	0.504273719775	0.0931105921058	3986.70807366	12817.3186414	2655401.33968	6216566.49458	160174.919549	472432.983159	24670.3364651	53589.4999101	19121.5915224	954.693900231	49.9170323495	9.6225e-06	0.1722102465	0.0	0.0	0.0	0.0	0.0	0.0	0.0	0.0	11.339092254638672	4.690682888031006	9.4437255859375	1.918596863746643	18.32889175415039	18.110700607299805	15.618767738342285	8.442424774169922	0.868562888354063	3.676420558051177
ein	ein,	88	12	5	588,590	b1	1	biology	0	3		$,	0	0	0	0	1	0	0	0	0	0	0	0	PTKVZ	ein	3.0	ptkvz	ein	3.0	ein	1.0	356.80132278	4999.44503476	379.037537649	4999.44503476	0.428085856899	5809.23325181	8404.82933604	11022.7206128	11717.9941609	1614569.79583	3344143.78548	401662.305848	493686.589782	324158.412201	289382.186491	45007.5949345	21503.4825387	20569.6023896	0.0272545875843	0.196343258894	0.0	0.0	1145.39396797	31.6783534106	13165.4578681	0.428085856899	22077.4630101	57.7915906814	2.2557449340820312	1.4318370819091797	2.1940057277679443	1.653387188911438	2.366363048553467	2.3965163230895996	2.198343276977539	1.8262817859649658	27.322998717427254	26.921028807759285
verdrängt	verdrängt	89	13	5	592,600	b1	1	biology	0	9			0	0	1	0	0	0	0	0	0	0	0	0	VVFIN	verdrängt	9.0	vvfin	verdrängen	10.0	ver-drängt	2.0	0.588605687711	8.71463420973	13.9712100042	1957.40821448	792.815006978	71.1025944883	16.5271300988	15341.8028732	39578.2498138	2616654.94783	5816091.74736	358072.498514	669181.671076	137657.604589	141180.14709	23102.1601118	7335.96436261	7300.98319958	0.059021423894	0.361746126946	0.0	0.0	0.261602527872	1.7123434276	0.0	0.0	2.08464514398	2.5685151414	4.20536994934082	6.838252544403076	3.800938606262207	5.307107448577881	9.129566192626953	9.46592903137207	8.422658920288086	9.632742881774902	5.552276134490967	3.838559627532959
den	den	90	14	5	601,603	b1	1	biology	0	3			0	0	0	0	0	0	0	0	0	0	0	0	ART	den	3.0	art	d	1.0	den	1.0	9532.82881596	9841.63424996	80100.3069113	9841.63424996	0.428085856899	7940.04185472	15266.5057923	23354.2468477	22159.4362965	1464587.59747	2838670.7078	583323.017065	738089.367203	513926.807063	462012.089145	110461.430317	53801.2331077	11287.0372669	0.0645632931127	0.22424070987	26530.3631386	0.428085856899	39507.1238333	37.6715554072	26530.3631386	0.428085856899	40560.2456847	58.6477623952	2.892226219177246	2.854435920715332	2.8617162704467773	2.06646466255188	2.2610912322998047	2.272247552871704	2.681795597076416	2.3187904357910156	0.11187434196472168	0.18200276792049408
homologen	homologen	91	15	5	604,612	b1	1	biology	0	9			0	0	0	0	0	0	0	1	0	0	0	0	ADJA	homologen	9.0	adja	homolog	7.0	ho-mo-lo-gen	4.0	0.792982662611	0.792982662611	2.2481467239	4.63526979073	13.2706615639	1.76495801921	1.48976947369	24382.8025866	71071.2420483	2208942.20061	5324845.67505	488029.448466	919990.32526	367863.152971	503150.711907	17646.9952984	802.122400929	24.6151628569	0.000137162886598	0.13416131001	0.0	0.0	1.07911042747	1.7123434276	0.0	0.0	1.52873977225	2.1404292845	7.70274019241333	3.828695774078369	10.853184700012209	7.552219867706299	14.126453399658203	8.66226577758789	11.70885944366455	10.724137306213379	5.861230373382568	0.11203747987747192
und	und	92	16	5	613,615	b1	1	biology	0	3			0	0	0	0	0	0	0	0	0	0	0	0	KON	und	3.0	kon	und	3.0	und	1.0	22313.7473183	22313.7473183	23398.5884761	22313.7473183	0.428085856899	9064.0679761	29467.6401896	23513.5137367	723.037012303	869972.90787	1656300.13956	195202.966651	251153.263298	160187.509171	58920.0250002	32509.3788389	28906.6542257	22352.5789435	0.120238001286	0.419307858966	0.0	0.0	2201.34439665	22.6885504157	0.0	0.0	2454.42031712	42.8085856899	4.746869087219238	5.512671947479248	6.4637885093688965	5.546451091766357	3.737900495529175	5.004828929901123	3.91005539894104	4.467983722686768	0.07590552419424057	0.07683888077735901
bindet	bindet	93	17	5	616,621	b1	1	biology	0	6			0	0	0	0	0	0	0	0	0	0	0	0	VVFIN	bindet	6.0	vvfin	binden	6.0	bin-det	2.0	5.3056262684	5.3056262684	51.5356979907	24.7132638049	7.27745956729	48.4102770984	9.97835178734	1765.20393221	2442.65789947	2190208.87629	4552449.07919	368359.502892	467071.207801	140314.145559	158792.455415	20337.830725	2547.64074292	330.534793966	0.0369559388274	0.240878843622	193.896523627	1.2842575707	197.28918141	4.70894442589	193.896523627	1.2842575707	198.172089942	6.42128785349	3.1237759590148926	3.737459182739258	3.829708814620972	5.751438617706299	6.915255546569824	4.999994277954102	5.839007377624512	3.6470088958740234	0.028938409872353077	0.0012669118586927652
den	den	94	18	5	622,624	b1	1	biology	0	3			0	0	0	0	0	0	0	0	0	0	0	0	ART	den	3.0	art	d	1.0	den	1.0	9532.82881596	9841.63424996	80100.3069113	9841.63424996	0.428085856899	7940.04185472	15266.5057923	23354.2468477	22159.4362965	1464587.59747	2838670.7078	583323.017065	738089.367203	513926.807063	462012.089145	110461.430317	53801.2331077	11287.0372669	0.0645632931127	0.22424070987	26530.3631386	0.428085856899	39507.1238333	37.6715554072	26530.3631386	0.428085856899	40560.2456847	58.6477623952	4.0680437088012695	3.507788181304932	2.8279359340667725	0.818962812423706	2.3897643089294434	3.2847976684570312	1.9456878900527954	2.6855106353759766	0.183602973818779	0.30861708521842957
komplementären	komplementären	95	19	5	625,638	b1	1	biology	0	14			0	0	0	0	0	0	0	0	1	0	0	0	ADJA	komplementären	14.0	adja	komplementär	12.0	kom-ple-men-tä-ren	5.0	0.662181398675	0.662181398675	2.28084703988	25.8495997853	40.6681564054	4.41239504803	1.25699299343	19082.8743483	46041.4900813	4486784.89079	10242920.7442	717425.786653	1472561.40892	371296.579873	531846.163066	11052.747678	2212.84673279	992.495465508	0.00462984298765	0.120322900691	0.0	0.0	0.220727132892	1.2842575707	0.703056793655	0.428085856899	0.923783926547	1.7123434276	2.9223923683166504	2.988905906677246	2.5507771968841557	0.9100647568702698	10.439088821411133	9.927191734313965	7.772234916687012	9.23195743560791	0.02000048552872613	0.043720941757783294
Strang	Strang.	96	20	5	639,644	b1	1	biology	0	6		$.	0	0	0	0	1	1	0	0	0	0	0	0	NN	Strang	6.0	ne	Strang	6.0	strang	1.0	0.00817507899599	2.20727132892	4.15294012996	257.564038848	69.3499088177	22.0619752402	4.09686605265	5.0930742145	67.6375653901	1498488.35841	3720311.38965	174357.798699	522202.244882	91689.3315963	231887.687395	26995.0755041	6635.67892073	1106.52146734	0.0328677853074	0.172968484033	8.03610265306	0.428085856899	10.4641011149	3.8527727121	8.03610265306	0.428085856899	10.9382556966	5.99320199659	1.6828773021697998	1.4500772953033447	1.2760028839111328	0.8651505708694458	9.231049537658691	7.64205265045166	8.552875518798828	7.327959060668945	25.17293454342871	26.114412042508775
Dieser	Dieser	97	1	6	646,651	b1	1	biology	0	6			0	0	0	1	0	0	0	0	0	0	0	0	PDS	Dieser	6.0	pds	diese	5.0	die-ser	2.0	27.7707433494	136.654620497	4932.97346745	345.527888845	26.9694089847	738.8870679	259.235406854	36770.9085432	9556.16058357	2544447.01751	5604401.57878	470268.786869	743912.191029	241296.792507	194530.775092	19121.5915224	6400.40832231	5199.86527143	0.00413838071373	0.0132833316182	1140.7505231	0.428085856899	1285.90722575	10.2740605656	1513.2316474	0.856171713799	1659.21403303	13.6987474208	14.18613052368164	4.125093460083008	17.203147888183594	3.3942670822143555	5.834163665771484	4.631194114685059	5.904478073120117	4.949301242828369	3.310418128967285	0.660315990447998
dient	dient	98	2	6	652,656	b1	1	biology	0	5			0	0	0	0	0	0	0	0	0	0	0	0	VVFIN	dient	5.0	vvfin	dienen	6.0	dient	1.0	42.1915826983	42.1915826983	151.018234293	1184.74062318	12.842575707	249.615491289	79.206077018	99.3190347223	32.1064392675	2112640.04799	4346109.55573	511412.545167	672612.779219	270756.155649	141300.01113	110461.430317	29991.8223867	29048.3692201	0.0546163311923	0.272620503127	0.0	0.0	5.13394960948	5.56511613969	0.0	0.0	20.6747747809	9.84597470869	9.156232833862305	6.714394569396973	9.382699966430664	6.198234558105469	9.37899398803711	8.692049980163574	9.699006080627441	7.6459856033325195	0.064646415412426	0.07593812048435211
dann	dann	99	3	6	657,660	b1	1	biology	0	4			0	0	0	0	0	0	0	0	0	0	0	0	ADV	dann	4.0	adv	dann	4.0	dann	1.0	1157.96723947	1157.96723947	1434.25220921	1185.10850173	3.8527727121	2169.88981619	2108.48935824	1482.08459642	23.1166362726	1409916.64223	2879074.30714	386667.886606	393282.904819	340221.502294	259487.666846	110461.430317	19319.7963127	1357.00588778	0.00887674246335	0.116871266201	1325.79343618	0.428085856899	2799.02442204	21.404292845	1325.79343618	0.428085856899	2799.56397726	24.8289797002	7.123414516448975	2.0199522972106934	7.526925086975098	1.4133458137512207	6.076630592346191	2.524583101272583	4.654537677764893	1.6233872175216675	2.0422704219818115	1.0595394372940063
als	als	100	4	6	661,663	b1	1	biology	0	3			0	0	0	0	0	0	0	0	0	0	0	0	KOKOM	als	3.0	kokom	als	3.0	als	1.0	3463.41309205	4153.65136184	4541.08470562	4153.65136184	0.428085856899	5247.34625955	6981.83567532	4603.69763565	302.228614971	681961.550037	1925878.64622	141980.120382	218560.946583	127440.529836	138813.260388	41334.1231877	9001.42415599	4724.78690573	0.0390845361957	0.243678478051	0.0	0.0	3467.69683344	19.2638635605	0.0	0.0	4065.34415852	32.9626109813	0.7767872214317322	0.193601980805397	0.8736065626144409	0.0635249689221382	1.127539873123169	0.476091206073761	1.047143578529358	0.44460660219192505	0.03992101550102234	0.010869227349758148
Matrize	Matrize	101	5	6	664,670	b1	1	biology	0	7			0	0	0	0	0	0	0	1	0	0	0	0	NN	Matrize	7.0	nn	Matrize	7.0	ma-tri-ze	3.0	0.515029976748	0.515029976748	1.25078708639	39.2158539438	65.9252219625	3.27777917854	0.900069057022	6003.85976545	28608.9778166	2071284.08099	4812039.48664	211948.847517	456345.088571	154511.028619	233744.723842	14815.8918663	4446.16386339	255.234141334	0.000986304111111	0.221418632524	0.0	0.0	0.0735757109639	0.856171713799	0.735757109639	0.428085856899	0.809332820603	1.2842575707	10.68406867980957	2.5973289012908936	9.624174118041992	2.584942102432251	13.147599220275879	13.65367603302002	12.88486385345459	12.405705451965332	0.2791633605957031	0.14209278021007776
zum	zum	102	6	6	671,673	b1	1	biology	0	3			0	0	0	0	0	0	0	0	0	0	0	0	APPRART	zum	3.0	apprart	zum	3.0	zum	1.0	1651.97908812	1651.97908812	1753.17839101	1651.97908812	0.428085856899	4157.73681955	2949.09178377	1759.48955199	40.6681564054	334500.075158	796971.292562	79591.3101428	74215.1045814	74055.9396294	41125.3521006	19838.2434724	15326.7362026	1754.61720491	0.0446728863733	0.258942942311	1694.48949889	0.428085856899	1814.22988095	26.9694089847	12615.7737315	1.2842575707	12735.6694401	30.8221816968	3.790161371231079	5.2478108406066895	3.636444091796875	4.742353439331055	4.503701686859131	5.724703311920166	4.174864768981934	4.694431304931641	0.039223428815603256	0.020410625264048576
Auffüllen	Auffüllen	103	7	6	674,682	b1	1	biology	0	9			0	0	0	0	0	0	0	0	0	0	0	0	NN	Auffüllen	9.0	nn	Auffüllen	9.0	auf-fül-len	3.0	0.237077290884	0.237077290884	0.237077290884	160.959130352	155.823251911	2.64743702882	0.450034528511	15225.1608461	23698.833038	1942984.78364	4553513.30063	476070.951086	869920.547265	368235.045489	520376.458703	19822.5963712	5396.67212318	1676.8558535	2.85139310345e-05	0.145886483345	2.37077290884	1.2842575707	2.37077290884	1.2842575707	2.37077290884	1.2842575707	2.37077290884	1.2842575707	9.054771423339844	5.308990478515625	7.012726306915283	6.495652198791504	6.8579912185668945	7.765659332275391	5.086240768432617	7.534783840179443	3.459774136543274	3.028573453426361
der	der	104	8	6	683,685	b1	1	biology	0	3			0	0	0	0	0	0	0	0	0	0	0	0	ART	der	3.0	art	d	1.0	der	1.0	24738.5901996	26530.3631386	80100.3069113	26530.3631386	0.428085856899	9372.80956103	30912.3596552	38163.5169	19310.096833	1332151.97174	2710999.66609	487983.455471	535760.152056	398226.025843	178781.068331	110461.430317	53801.2331077	27238.2432288	0.129811235347	0.318759302208	0.0	0.0	25590.4497812	36.8153836934	0.0	0.0	33289.1996244	55.22307554	0.9340076446533204	0.1726382821798324	0.7145098447799683	0.0495489090681076	1.0676987171173096	0.7703107595443726	1.1137633323669434	0.9043962359428406	0.34307777881622314	0.07846067100763321
Replikationslücke	Replikationslücke.	105	9	6	686,702	b1	1	biology	0	17		$.	0	0	0	0	0	1	0	1	0	0	0	0	NN	Replikationslücke	17.0	nn	Replikationslücke	17.0	re-pli-ka-ti-ons-lüc-ke	7.0																													19.4258041381836	2.374430656433105	21.97785186767578	0.9633457660675048	24.96465301513672	3.3211915493011475	22.45607566833496	5.126008987426758	35.52928307280672	26.522977923882536
Der	Der	106	1	7	704,706	b1	1	biology	0	3			0	0	0	1	0	0	0	0	0	0	0	0	ART	Der	3.0	art	d	1.0	der	1.0	2141.38019221	2185.87714719	80100.3069113	2185.87714719	0.428085856899	5425.85915635	4106.146075	38163.5169	19310.096833	1132849.1948	2496722.14659	301670.887228	455146.876258	217819.682397	167619.157698	19121.5915224	4739.26497064	2226.87516835	0.0321666594225	0.0561990820768	26530.3631386	0.428085856899	27381.593239	33.8187826951	31474.0214343	0.856171713799	32362.4890195	46.2332725451	16.09238052368164	3.4760308265686035	15.568405151367188	3.2239432334899902	3.3578548431396484	4.748270511627197	3.4370763301849365	4.956719875335693	0.14201295375823975	0.3325091004371643
verdrängte	verdrängte	107	2	7	707,716	b1	1	biology	0	10			0	0	0	0	0	0	0	0	0	0	0	0	ADJA	verdrängte	10.0	adja	verdrängt	9.0	ver-dräng-te	3.0	0.596780766707	1.81486753711	2.28902211888	1355.77962593	1024.40945556	18.4059907718	3.44509190791	40749.2371609	85703.2166371	3388724.15605	7424863.22657	483391.268347	963393.950291	205157.948371	262080.154796	23102.1601118	7335.96436261	7300.98319958	0.0475779775766	0.209907205797	0.0	0.0	0.16350157992	1.2842575707	8.71463420973	0.428085856899	10.6603030108	3.8527727121	12.746855735778809	5.172262668609619	14.795684814453123	4.908720970153809	12.922026634216309	13.127678871154785	14.432124137878418	13.07236385345459	8.86080381879583	8.654353317338973
Strang	Strang	108	3	7	717,722	b1	1	biology	0	6			0	0	0	0	0	0	0	0	0	0	0	0	NN	Strang	6.0	ne	Strang	6.0	strang	1.0	0.00817507899599	2.20727132892	4.15294012996	257.564038848	69.3499088177	22.0619752402	4.09686605265	5.0930742145	67.6375653901	1498488.35841	3720311.38965	174357.798699	522202.244882	91689.3315963	231887.687395	26995.0755041	6635.67892073	1106.52146734	0.0328677853074	0.172968484033	8.03610265306	0.428085856899	10.4641011149	3.8527727121	8.03610265306	0.428085856899	10.9382556966	5.99320199659	11.425042152404783	1.0910921096801758	9.837556838989258	0.3436369597911834	9.664813995361328	1.8947968482971191	10.736520767211914	3.4619152545928955	0.0010354070109315217	0.00030228540708776563
paart	paart	109	4	7	723,727	b1	1	biology	0	5			0	0	0	0	0	0	0	0	0	0	0	0	VVFIN	paart	5.0	vvfin	paaren	6.0	paart	1.0	0.564080450723	0.564080450723	3.52345904727	0.629481082691	2.1404292845	6.93376364691	1.07077180922	2.35442275085	2.9966009983	1137219.2078	3105902.87588	134478.357243	240361.218846	99513.0293469	111584.431374	3420.10969861	557.564912764	166.338332331	0.0456001611014	0.39157449158	0.0	0.0	0.220727132892	3.4246868552	152.277196458	0.856171713799	152.710475645	5.13703028279	14.148222923278809	10.67961311340332	16.046667098999023	8.437061309814453	14.502470016479492	13.97551441192627	13.023088455200195	13.860426902770996	0.5989286303520203	0.43098583817481995
sich	sich	110	5	7	728,731	b1	1	biology	0	4			0	0	0	0	0	0	0	0	0	0	0	0	PRF	sich	4.0	prf	sich	4.0	sich	1.0	6557.46793998	6557.46793998	6566.55045274	6557.81946837	0.856171713799	6282.99841154	11211.8033194	6926.29480396	1064.22144025	990057.517976	2298056.06212	287477.77288	411907.636196	194753.386357	108862.23341	48925.779496	15113.3748159	6879.41072592	0.109257424523	0.373105981887	0.0	0.0	1254.85010065	21.404292845	0.0	0.0	4636.93750684	29.5379241261	0.2530055642127991	0.0617380067706108	0.1087038666009903	0.0986134484410286	0.19697019457817078	0.1352492719888687	0.11973774433135986	0.051541768014431	0.00157423026394099	0.001303776167333126
mit	mit	111	6	7	732,734	b1	1	biology	0	3			0	0	0	0	0	0	0	0	0	0	0	0	APPR	mit	3.0	appr	mit	3.0	mit	1.0	6311.02200856	6389.55999248	6727.32973136	6389.55999248	0.428085856899	6848.28925141	10606.5379154	9545.0750843	6105.78857696	754691.189375	1756517.60717	154872.35076	192565.004837	138846.449102	106042.43187	21052.512481	9522.82251927	6974.74032209	0.0635514315396	0.282257671036	0.0	0.0	1501.70478601	30.3940958399	0.0	0.0	1518.70077524	44.5209291175	0.6827700138092041	0.8596150875091553	0.6130475997924805	0.8338456153869629	1.3088953495025635	1.4594062566757202	0.7728888988494873	1.2335878610610962	0.015662161633372307	0.029757359996438026
dem	dem	112	7	7	735,737	b1	1	biology	0	3			0	0	0	0	0	0	0	0	0	0	0	0	ART	dem	3.0	art	d	1.0	dem	1.0	5100.87323987	5616.24656993	80100.3069113	5616.24656993	0.428085856899	6562.36605229	9206.65119996	6667.98683292	1002.148991	1098350.78654	2107258.1957	260311.257794	170837.935256	214520.302265	48324.4719561	110461.430317	53801.2331077	5810.24119451	0.0776634434188	0.228051977566	43473.0753814	1.2842575707	43630.2003997	29.966009983	43473.0753814	1.2842575707	43925.3698019	41.0962422623	0.9216954708099364	0.5953660607337952	0.467208981513977	0.6592504978179932	1.7986040115356445	1.5590842962265015	1.038262128829956	1.4200392961502075	0.2898900806903839	0.14045579731464386
Strang	Strang,	113	8	7	738,743	b1	1	biology	0	6		$,	0	0	0	0	0	0	0	0	0	0	0	0	NN	Strang	6.0	ne	Strang	6.0	strang	1.0	0.00817507899599	2.20727132892	4.15294012996	257.564038848	69.3499088177	22.0619752402	4.09686605265	5.0930742145	67.6375653901	1498488.35841	3720311.38965	174357.798699	522202.244882	91689.3315963	231887.687395	26995.0755041	6635.67892073	1106.52146734	0.0328677853074	0.172968484033	8.03610265306	0.428085856899	10.4641011149	3.8527727121	8.03610265306	0.428085856899	10.9382556966	5.99320199659	8.025222778320312	4.530663967132568	5.844585418701172	6.420196056365967	8.677701950073242	7.821523666381836	6.352017879486084	9.711849212646484	25.653688435479125	25.67735878664189
der	der	114	9	7	745,747	b1	1	biology	0	3			0	0	1	0	0	0	0	0	0	0	0	0	PRELS	der	3.0	art	d	1.0	der	1.0	24738.5901996	26530.3631386	80100.3069113	26530.3631386	0.428085856899	9372.80956103	30912.3596552	38163.5169	19310.096833	1332151.97174	2710999.66609	487983.455471	535760.152056	398226.025843	178781.068331	110461.430317	53801.2331077	27238.2432288	0.129811235347	0.318759302208	0.0	0.0	25590.4497812	36.8153836934	0.0	0.0	33289.1996244	55.22307554	0.2324129045009613	0.1298941820859909	0.3303019404411316	0.2551270425319671	1.1892669200897217	1.756803035736084	0.5143840909004211	0.6966541409492493	0.048947010189294815	1.1542375087738037
den	den	115	10	7	748,750	b1	1	biology	0	3			0	0	0	0	0	0	0	0	0	0	0	0	ART	den	3.0	art	d	1.0	den	1.0	9532.82881596	9841.63424996	80100.3069113	9841.63424996	0.428085856899	7940.04185472	15266.5057923	23354.2468477	22159.4362965	1464587.59747	2838670.7078	583323.017065	738089.367203	513926.807063	462012.089145	110461.430317	53801.2331077	11287.0372669	0.0645632931127	0.22424070987	26530.3631386	0.428085856899	39507.1238333	37.6715554072	26530.3631386	0.428085856899	40560.2456847	58.6477623952	4.146815776824951	3.2573227882385254	3.2100307941436768	3.044034481048584	3.4564685821533203	3.2652840614318848	3.460089921951294	3.4170172214508057	3.582578659057617	1.0490273237228394
DNA-Schaden	DNA-Schaden	116	11	7	751,761	b1	1	biology	0	11			0	0	0	0	0	0	0	0	1	0	1	1	NN	DNA-Schaden	11.0	nn	DNA-Schaden	11.0																															18.633657455444336	5.665913105010986	17.91887855529785	5.843109607696533	16.161109924316406	9.70903205871582	18.15298843383789	7.872642993927002	40.428099632263184	28.143920183181763
aufweist	aufweist.	117	12	7	762,769	b1	1	biology	0	8		$.	0	0	0	0	1	1	0	0	0	0	0	0	VVFIN	aufweist	8.0	vvfin	aufweisen	9.0	auf-weist	2.0	7.9625269421	7.9625269421	29.6591865975	175.96040031	164.384969049	68.2030205996	15.1149527852	9075.49854677	7589.96224283	2238226.96859	5235909.98211	353284.673574	580713.447889	186732.92263	166493.71998	41334.1231877	16266.7803613	7317.89743803	0.0916240056177	0.526062146903	0.0	0.0	1.68406627317	1.7123434276	0.0	0.0	1.68406627317	1.7123434276	5.4855637550354	3.1812376976013184	8.30262279510498	3.7867777347564697	7.986316680908203	7.303985118865967	6.0963850021362305	6.2749857902526855	33.17711067199707	32.90684652328491
Durch	Durch	118	1	8	771,775	b1	1	biology	0	5			0	0	0	1	0	0	0	0	0	0	0	0	APPR	Durch	5.0	appr	durch	5.0	durch	1.0	118.816598128	118.816598128	2421.46657369	127.204229178	15.8391767053	723.254582587	225.343151328	3354.08776063	2913.1242562	888763.408693	2113499.6875	209953.907515	365722.309266	106499.272005	73667.1546845	19121.5915224	897.590973444	345.266286317	0.00403861034932	0.0199934046953	2302.17582098	0.428085856899	2302.87887778	5.13703028279	2302.17582098	0.428085856899	2303.89258757	9.41788885179	14.642809867858888	4.659353256225586	18.05698585510254	3.743345260620117	6.072864532470703	5.983621120452881	6.12748908996582	6.307281017303467	0.08448188006877899	0.05311904475092888
Endonuklease-Schnitte	Endonuklease-Schnitte	119	2	8	776,796	b1	1	biology	0	21			0	0	0	0	0	0	0	1	0	0	1	0	NN	Endonuklease-Schnitte	21.0	nn	Endonuklease-Schnitt	20.0	En-do-nuk-le-a-se-Schnit-te	8.0																													43.23292922973633	18.474321365356445	35.316680908203125	18.05014419555664	45.714820861816406	37.81334686279297	42.28057861328125	33.35226821899414	38.45845925062895	37.42388109117746
und	und	120	3	8	797,799	b1	1	biology	0	3			0	0	0	0	0	0	0	0	0	0	0	0	KON	und	3.0	kon	und	3.0	und	1.0	22313.7473183	22313.7473183	23398.5884761	22313.7473183	0.428085856899	9064.0679761	29467.6401896	23513.5137367	723.037012303	869972.90787	1656300.13956	195202.966651	251153.263298	160187.509171	58920.0250002	32509.3788389	28906.6542257	22352.5789435	0.120238001286	0.419307858966	0.0	0.0	2201.34439665	22.6885504157	0.0	0.0	2454.42031712	42.8085856899	3.368818998336792	2.802391529083252	4.303967475891113	2.346431970596313	2.9559054374694824	2.55562162399292	3.527710437774658	3.474635124206543	0.01584334298968315	0.02736685797572136
anschließende	anschließende	121	4	8	800,812	b1	1	biology	0	13			0	0	0	0	0	0	0	0	0	0	0	0	ADJA	anschließende	13.0	adja	anschließend	12.0	an-schlie-ßen-de	4.0	2.80405209563	2.80405209563	35.5125431586	14.6906169558	32.5345251244	30.5085600464	5.30730375003	30288.5287038	58037.3119633	4901710.03605	10543288.4699	862012.081344	1571684.261	274034.108898	452878.449302	41334.1231877	8435.34898599	343.018139593	0.0157502184344	0.1038990017	0.0	0.0	2.63237543671	0.856171713799	22.6858442139	0.856171713799	27.0840367137	2.9966009983	5.600829601287842	3.525890350341797	4.4071946144104	4.519811630249023	7.5618720054626465	6.038052558898926	5.589554309844971	5.555544376373291	1.00148344039917	0.8159070014953613
Ligation	Ligation	122	5	8	813,820	b1	1	biology	0	8			0	0	0	0	0	0	0	1	0	0	0	0	NN	Ligation	8.0	ptkvz	Ligation	8.0	li-ga-ti-on	4.0	0.00817507899599	0.00817507899599	0.00817507899599	2.13369561795	12.842575707	0.126068429944	0.0155184320176	26939.6811688	104675.981815	1993711.58208	4694446.87026	302507.622914	593658.764202	233487.450195	353974.777181	8934.00427951	1490.48857763	16.1130807011	3.551e-06	1.0	0.2043769749	1.2842575707	0.2043769749	1.2842575707	0.2043769749	1.2842575707	0.2043769749	1.2842575707	6.88749361038208	0.9060474038124084	0.9953266382217408	1.32846200466156	14.870965003967285	13.474050521850586	14.022422790527344	12.608999252319336	2.522160414606333	1.9617518773302436
bilden	bilden	123	6	8	821,826	b1	1	biology	0	6			0	0	0	0	0	0	0	0	0	0	0	0	VVFIN	bilden	6.0	vvfin	bilden	6.0	bil-den	2.0	41.6520274846	86.2552584867	239.897693137	156.806190222	7.27745956729	467.713875091	162.602130681	24494.7030679	26290.8929015	2079316.73376	4313059.18715	514170.759595	815337.888167	377061.081501	479737.840221	20337.830725	2547.64074292	304.513517522	0.0480952295361	0.309433405418	0.0	0.0	90.1956465628	7.27745956729	0.0	0.0	96.3351308888	8.98980299489	7.548152446746826	6.695977210998535	8.375298500061035	6.5456647872924805	7.085521697998047	7.129941940307617	7.648289203643799	6.331395149230957	0.20412321388721466	0.1567922681570053
sich	sich	124	7	8	827,830	b1	1	biology	0	4			0	0	0	0	0	0	0	0	0	0	0	0	PRF	sich	4.0	prf	sich	4.0	sich	1.0	6557.46793998	6557.46793998	6566.55045274	6557.81946837	0.856171713799	6282.99841154	11211.8033194	6926.29480396	1064.22144025	990057.517976	2298056.06212	287477.77288	411907.636196	194753.386357	108862.23341	48925.779496	15113.3748159	6879.41072592	0.109257424523	0.373105981887	0.0	0.0	1254.85010065	21.404292845	0.0	0.0	4636.93750684	29.5379241261	1.0055214166641235	0.2537352442741394	1.1512210369110107	0.2067587822675705	0.3477151095867157	0.21575741469860077	0.16620931029319763	0.1313537210226059	0.0463031604886055	0.018970251083374023
letztendlich	letztendlich	125	8	8	831,842	b1	1	biology	0	12			0	0	0	0	0	0	0	0	0	0	0	0	ADV	letztendlich	12.0	adv	letztendlich	12.0	letzt-end-lich	3.0	0.858383294579	0.858383294579	1.13633598044	1.71676658916	9.84597470869	11.4722271249	1.61391692983	6982.56387269	8582.26525912	3899142.93044	8654414.42136	634435.458516	1305817.6868	190123.978098	224011.335713	7813.184599	2444.11154251	532.369319298	0.0120333009714	0.174565267514	0.0	0.0	0.188026816908	0.856171713799	0.0	0.0	0.253427448876	1.2842575707	11.095471382141112	8.741170883178711	10.12149429321289	8.11429500579834	10.285365104675293	9.462831497192383	8.433796882629395	7.760719299316406	7.187664985656738	7.464524269104004
wieder	wieder	126	9	8	843,848	b1	1	biology	0	6			0	0	0	0	0	0	0	0	0	0	0	0	ADV	wieder	6.0	adv	wieder	6.0	wie-der	2.0	1049.85999482	1064.2317837	1089.9178819	1076.68242901	11.9864039932	2297.34499887	1944.08708944	44007.4230698	21289.9939212	2532830.99871	5163375.97068	517165.806061	673640.613361	294945.045361	194392.931446	34258.3961147	10849.3026621	4473.9509569	0.0332591041392	0.208030500245	0.0	0.0	102.809793454	8.56171713799	0.0	0.0	236.137156799	12.4144898501	5.522253036499023	3.54263687133789	5.483626842498779	2.3589234352111816	6.334444522857666	5.07147216796875	5.02176570892334	3.5874154567718506	2.7766101360321045	1.9686282873153687
zwei	zwei	127	10	8	849,852	b1	1	biology	0	4			0	0	0	0	0	0	0	0	0	0	0	0	CARD	zwei	4.0	card	zwei	4.0	zwei	1.0	521.251211863	521.251211863	575.885264794	522.109595158	2.5685151414	1807.69521696	948.874525718	1327.24042516	1445.21785289	1251085.84465	2573867.92695	134614.570409	193790.18656	43415.2203474	37203.2294797	19838.2434724	2299.11834144	1060.56117323	0.00808774974252	0.170529329617	0.0	0.0	55.4760860668	7.70554542419	0.0	0.0	63.250586192	11.5583181363	3.6304969787597656	0.4851245284080505	3.366848945617676	1.3616613149642944	3.9076931476593018	3.6666030883789062	5.467776298522949	2.088489294052124	0.4715834856033325	0.7652183771133423
komplette	komplette	128	11	8	853,861	b1	1	biology	0	9			0	0	0	0	0	0	0	0	0	0	0	0	ADJA	komplette	9.0	adja	komplett	8.0	kom-plet-te	3.0	2.70595114767	2.70595114767	8.58383294579	58.6480167173	18.4076918467	33.4081339351	5.1055641338	27788.3361194	53082.6462555	2573292.60389	6240752.91741	297598.602428	621643.164753	180042.217252	249358.299301	11052.747678	2212.84673279	992.495465508	0.00438345292749	0.122267616009	0.0	0.0	0.114451105944	1.2842575707	2.77135177964	0.428085856899	5.78795592916	3.4246868552	5.058162212371826	3.307730197906494	4.611490249633789	2.8401882648468018	8.07656192779541	7.461261749267578	6.887533664703369	5.4297194480896	4.587956428527832	4.087778568267822
Doppelhelices	Doppelhelices	129	12	8	862,874	b1	1	biology	0	13			0	0	0	0	0	0	0	0	1	0	0	0	NN	Doppelhelices	13.0	nn	Doppelhelix	11.0	dop-pel-he-li-ces	5.0																													5.339771270751953	4.78310489654541	8.65311336517334	2.3104090690612797	21.69489288330078	18.741804122924805	18.84119415283203	11.973649978637695	5.114549279212952	3.8614249349338934
aus	aus.	130	13	8	875,877	b1	1	biology	0	3		$.	0	0	0	0	0	1	0	0	0	0	0	0	PTKVZ	aus	3.0	ptkvz	aus	3.0	aus	1.0	468.669103761	2877.24357788	3047.3996721	2877.24357788	0.428085856899	4921.08116286	5006.30824262	7041.84954557	10996.2414062	691880.798486	1839111.63623	154052.594714	244752.951652	136403.612872	161007.799724	41334.1231877	16266.7803613	4798.31356622	0.0510223759777	0.292714090181	9745.02934146	0.856171713799	9978.06814332	29.966009983	9745.02934146	0.856171713799	10279.6059321	50.0860452572	3.540328025817871	3.937793254852295	3.682538509368897	3.87225079536438	5.763596534729004	5.493083953857422	4.6119866371154785	5.342032432556152	26.06324028968811	27.484593629837036
Zu	Zu	131	1	9	879,880	b1	1	biology	0	2			0	0	0	1	0	0	0	0	0	0	0	0	PTKZU	Zu	2.0	ptkzu	zu	2.0	zu	1.0	11.0608818816	159.119737578	9058.93583672	0.0	0.0	873.149945791	301.150691734	16158.8284432	13822.8923193	184247.927517	445298.76112	20922.128146	24254.9165661	21072.5495996	23965.9586127	6468.08162623	1918.77279115	-0.00817507899599	0.00556322141027	0.0250449515339	9898.23032185	1.2842575707	10030.298723	39.8119846916	9898.23032185	1.2842575707	10299.8556028	47.5175301158	13.767809867858888	6.920530319213867	17.14389991760254	7.113395690917969	6.003854751586914	8.034966468811035	6.088184356689453	7.98573637008667	0.0009276139317080379	0.002126457868143916
beachten	beachten	132	2	9	881,888	b1	1	biology	0	8			0	0	0	0	0	0	0	0	0	0	0	0	VVINF	beachten	8.0	vvinf	beachten	8.0	be-ach-ten	3.0	17.0532147856	17.2494166815	35.7904958445	30.3949437071	8.98980299489	115.100476539	32.7438915572	41721.9407602	97131.3966729	2968061.81393	6624763.48256	685493.159638	1282242.57057	422248.961452	572045.565459	20337.830725	14068.4280436	218.675188064	0.00954652665591	0.166544485921	28.2285477732	0.428085856899	41.8073539855	2.1404292845	28.2285477732	0.428085856899	46.7696269361	5.13703028279	6.713745594024658	2.7289369106292725	6.227383136749268	2.7888574600219727	5.305678367614746	2.5894980430603027	5.221452713012695	3.1848440170288086	0.4731171727180481	0.06242017820477486
ist	ist,	133	3	9	889,891	b1	1	biology	0	3		$,	0	0	0	0	0	0	0	0	0	0	0	0	VAFIN	ist	3.0	vafin	sein	4.0	ist	1.0	6193.1128442	6201.98280491	17044.4184006	6201.98280491	0.428085856899	5647.61352462	10628.2947571	6392.98535058	321.920564388	917956.027182	2251465.76597	202181.475685	311508.232091	153618.244592	108375.49979	37971.7622471	6331.86028492	6216.50992029	0.0707295422332	0.285080866351	0.0	0.0	174.505236248	21.8323787019	0.0	0.0	350.048707529	42.380499833	1.146202564239502	0.5575605034828186	1.8877782821655276	0.4904015958309173	1.0645800828933716	0.7902397513389587	0.9390017986297607	0.5941348075866699	28.40482883900404	29.766688594594598
dass	dass	134	4	9	893,896	b1	1	biology	0	4			0	0	1	0	0	0	0	0	0	0	0	0	KOUS	dass	4.0	kous	dass	4.0	dass	1.0	147.780903011	147.780903011	153.552508782	148.034330459	3.4246868552	363.833488818	251.97278067	154.729720157	3.8527727121	1003972.69599	2406145.60056	229855.777627	221936.403565	206556.835189	132887.26787	110461.430317	19319.7963127	7903.50287175	0.00336324744952	0.0553902165934	0.0	0.0	25.6370477314	20.1200352743	7683.24989344	0.428085856899	7709.39379606	23.9728079864	0.1587304472923278	0.0195792410522699	0.3530145585536957	0.0124467033892869	0.08997219800949097	0.02076038159430027	0.07223842293024063	0.020679932087659836	0.018474295735359192	0.006076196674257517
der	der	135	5	9	897,899	b1	1	biology	0	3			0	0	0	0	0	0	0	0	0	0	0	0	ART	der	3.0	art	d	1.0	der	1.0	24738.5901996	26530.3631386	80100.3069113	26530.3631386	0.428085856899	9372.80956103	30912.3596552	38163.5169	19310.096833	1332151.97174	2710999.66609	487983.455471	535760.152056	398226.025843	178781.068331	110461.430317	53801.2331077	27238.2432288	0.129811235347	0.318759302208	0.0	0.0	25590.4497812	36.8153836934	0.0	0.0	33289.1996244	55.22307554	2.6030781269073486	2.739676713943481	2.51046085357666	2.371100664138794	2.4678874015808105	2.463601589202881	2.4974164962768555	2.9683871269226074	0.0018700745422393084	0.0009299959056079388
ursprüngliche	ursprüngliche	136	6	9	900,912	b1	1	biology	0	13			0	0	0	0	0	0	0	0	0	0	0	0	ADJA	ursprüngliche	13.0	adja	ursprünglich	12.0	ur-sprüng-li-che	4.0	12.9084497347	12.9084497347	80.7043798484	13.1945774995	6.84937371039	87.6175588109	24.3639382677	17770.0792877	50300.0881857	3452938.92741	8121318.24759	507972.292074	995481.981866	269573.916599	360272.776308	32509.3788389	141.265365051	83.2386543372	0.00111914694744	0.0721519897486	0.0	0.0	0.743932188635	1.2842575707	58.3537138734	0.856171713799	62.0079741846	5.13703028279	7.097580909729004	5.496908664703369	7.581177234649658	4.768917560577393	8.092204093933105	5.67591667175293	7.78565788269043	6.187033653259277	4.490338325500488	2.6702957153320312
DNA-Schaden	DNA-Schaden	137	7	9	913,923	b1	1	biology	0	11			0	0	0	0	0	0	0	0	1	0	1	1	NN	DNA-Schaden	11.0	nn	DNA-Schaden	11.0																															18.18135643005371	2.22982144355774	15.772424697875977	2.01906156539917	17.70809555053711	5.401001453399658	19.165470123291016	4.324864387512207	34.08814764022827	26.63261946826242
bei	bei	138	8	9	924,926	b1	1	biology	0	3			0	0	0	0	0	0	0	0	0	0	0	0	APPR	bei	3.0	appr	bei	3.0	bei	1.0	2135.91106436	2161.86694017	2489.87563473	2161.86694017	0.428085856899	4322.25612062	3715.43851209	5555.26048062	4566.8199214	1219263.07434	2569992.0376	157298.346328	245814.176491	54673.4895113	42554.7307768	20337.830725	14068.4280436	3488.24080696	0.0361569463119	0.220877330072	0.0	0.0	1512.16888713	28.2536665554	0.0	0.0	1895.89892012	38.0996412641	3.7299954891204834	3.144580364227295	3.3528552055358887	4.420137405395508	2.944014549255371	3.2509305477142334	3.068535327911377	3.515937328338623	0.7605219483375549	0.7234351634979248
dieser	dieser	139	9	9	927,932	b1	1	biology	0	6			0	0	0	0	0	0	0	0	0	0	0	0	PDAT	dieser	6.0	pdat	diese	5.0	die-ser	2.0	1097.92128424	1140.7505231	4932.97346745	2820.73743186	17.5515201329	3054.51198911	2108.27210019	36770.9085432	9556.16058357	2743749.79445	5818679.09828	591083.227152	752260.72141	380948.110836	181807.207253	110461.430317	29991.8223867	29048.3692201	0.0181481817753	0.145771597812	0.0	0.0	1731.89866038	8.56171713799	0.0	0.0	2869.53447838	12.842575707	3.78322172164917	1.2701307535171509	4.869808197021484	1.305147647857666	4.265219688415527	3.288034677505493	4.1636762619018555	2.9084439277648926	4.193044185638428	2.2061917781829834
Reparatur	Reparatur	140	10	9	933,941	b1	1	biology	0	9			0	0	0	0	0	0	0	0	0	0	0	0	NN	Reparatur	9.0	nn	Reparatur	9.0	re-pa-rat-ur	4.0	2.77952685864	2.77952685864	5.24840071543	11.0527068026	20.1200352743	27.7350545876	5.21419315792	14743.4279661	47415.6456819	2438037.72042	6038234.06022	215008.460757	437238.33252	137370.773767	159558.301013	9222.31479046	4688.04810073	201.409421224	0.00364464221176	0.126692630968	0.0	0.0	0.016350157992	0.856171713799	0.0	0.0	0.32700315984	1.7123434276	4.862004280090332	1.0511294603347778	1.9747858047485352	0.4312548637390136	5.147850036621094	3.3446011543273926	5.666770935058594	1.9900932312011719	3.42901611328125	0.3201625645160675
nicht	nicht	141	11	9	942,946	b1	1	biology	0	5			0	0	0	0	0	0	0	0	0	0	0	0	PTKNEG	nicht	5.0	ptkneg	nicht	5.0	nicht	1.0	6706.81845815	6717.74853877	6860.93504739	6723.92889849	4.70894442589	5491.16260306	11339.5044965	6998.07199754	2410.97954606	1471456.9038	3287078.22841	327844.187442	506392.606101	205577.542476	183411.244959	21439.2836433	8395.39737493	7474.8017292	0.0550971405892	0.222071097484	0.0	0.0	345.339862028	15.8391767053	0.0	0.0	1003.60539786	23.5447221295	1.3103504180908203	1.8299719095230105	1.1578762531280518	1.0162752866744995	1.7339112758636475	2.0938332080841064	1.794822096824646	1.7330286502838135	0.02947196736931801	0.022036688402295113
behoben	behoben	142	12	9	947,953	b1	1	biology	0	7			0	0	0	0	0	0	0	0	0	0	0	0	VVPP	behoben	7.0	vvpp	beheben	7.0	be-ho-ben	3.0	3.55615936326	3.56433444225	7.03056793655	29.5856108865	23.9728079864	43.2414714707	6.75051792767	31123.4249964	61970.1367306	2497498.78962	5453330.50797	504110.515558	858699.132698	369614.688171	459385.782413	20337.830725	14068.4280436	431.268117355	0.0251638172989	0.24499640631	8.9762367376	0.428085856899	11.9764907291	2.5685151414	8.9762367376	0.428085856899	12.0255412031	2.9966009983	1.941496729850769	3.29550838470459	1.394465684890747	1.720375418663025	3.0530080795288086	3.903249740600586	2.7717440128326416	3.075900077819824	0.0068877520388923585	0.019262413727119565
wird	wird,	143	13	9	954,957	b1	1	biology	0	4		$,	0	0	0	0	1	0	0	0	0	0	0	0	VAFIN	wird	4.0	vafin	werden	6.0	wird	1.0	2344.60448097	2347.81728702	8998.09689884	2352.31358046	4.70894442589	4665.03618164	4186.0194446	2383.28895478	15.8391767053	988692.582261	1945833.01227	114090.380583	81194.6163923	94464.2477104	32816.2056182	34258.3961147	10849.3026621	4840.94660319	0.0454900900655	0.324052246465	0.0	0.0	89.680616586	11.5583181363	0.0	0.0	1784.98762338	16.2672625622	1.5155287981033323	1.6274347305297852	1.2914824485778809	1.0110234022140503	2.7297725677490234	2.025193214416504	1.5234278440475464	1.3722436428070068	30.298551321029663	29.56639465689659
sondern	sondern	144	14	9	959,965	b1	1	biology	0	7			0	0	1	0	0	0	0	0	0	0	0	0	KON	sondern	7.0	kon	sondern	7.0	son-dern	2.0	759.186886042	760.576649471	769.691862552	767.762543909	17.9796059898	1987.09059277	1414.75337332	3775.18607972	4780.00667814	2663393.64844	5799486.29697	619164.819705	924351.235884	330436.235214	375138.057689	48925.779496	8037.09183762	1073.88655199	0.0112509137212	0.101055819326	0.0	0.0	10.8401547487	4.70894442589	0.0	0.0	11.5840869373	7.27745956729	1.0401675701141355	0.6879822015762329	0.4428300559520721	0.2754456102848053	1.404423475265503	1.2240862846374512	0.7385028600692749	0.529826283454895	0.10603389143943787	0.1041344702243805
nur	nur	145	15	9	966,968	b1	1	biology	0	3			0	0	0	0	0	0	0	0	0	0	0	0	ADV	nur	3.0	adv	nur	3.0	nur	1.0	2370.65845773	2374.50074486	2550.53472088	2374.50074486	0.428085856899	3849.3734399	4301.83350274	2556.27362634	114.298923792	990769.99246	2259712.41192	155105.185185	132036.233187	143272.158917	87642.8736547	21439.2836433	3127.83427434	2376.08671019	0.0228255016873	0.177816950942	0.0	0.0	2602.20122014	28.2536665554	0.0	0.0	2611.74153732	33.3906968382	1.0189454555511477	1.3508188724517822	1.2903056144714355	2.2343413829803467	1.808640718460083	1.8725544214248657	1.5240775346755981	1.3385186195373535	0.8294503092765808	0.6867499947547913
die	die	146	16	9	969,971	b1	1	biology	0	3			0	0	0	0	0	0	0	0	0	0	0	0	ART	die	3.0	art	d	1.0	die	1.0	20527.116504	24520.1275636	80100.3069113	24520.1275636	0.428085856899	9091.29875697	30440.211361	33694.5118659	1928.95487119	1361337.08551	2613060.47141	356516.797331	303924.26305	343523.065172	189343.230678	110461.430317	29991.8223867	29048.3692201	0.0938387928357	0.266249299869	0.0	0.0	15201.9436218	35.5311261227	0.0	0.0	15852.8515865	58.2196765383	0.807220458984375	1.1419923305511477	0.8650577068328857	1.059396505355835	1.9918935298919678	2.142822504043579	1.2597769498825073	1.6242048740386963	1.1165449619293213	0.34810250997543335
Lücke	Lücke	147	17	9	972,976	b1	1	biology	0	5			0	0	0	0	0	0	0	0	0	0	0	0	NN	Lücke	5.0	nn	Lücke	5.0	lü-cke	2.0	8.9762367376	8.9762367376	16.1376059381	9.00076197459	0.856171713799	71.1025944883	16.697832851	821.611789255	3943.95499961	1005274.69177	2255571.10934	165131.429069	280588.446819	146786.88698	215672.223221	8934.00427951	96.9646119715	18.0260491862	0.0106261666985	0.137210959746	0.0	0.0	12.221743099	8.13363128109	0.0	0.0	19.7755160913	10.7021464225	7.333440780639648	1.9398307800292969	9.048978805541992	2.672360420227051	6.49513053894043	4.786741256713867	6.7829270362854	3.3648109436035156	3.2885897159576416	1.095293641090393
im	im	148	18	9	977,978	b1	1	biology	0	2			0	0	0	0	0	0	0	0	0	0	0	0	APPRART	im	2.0	apprart	im	2.0	im	1.0	4320.93800333	4320.93800333	4852.53069013	0.0	0.0	6505.00491667	7332.35049931	6212.43055587	1739.74092244	476263.776674	1003959.79418	79143.642817	44968.7069239	79582.1540543	29361.1246672	37971.7622471	5463.51156905	-0.00817507899599	0.0471865575674	0.258008463415	13165.4578681	0.428085856899	17856.5143979	39.8119846916	13165.4578681	0.428085856899	19278.847342	58.6477623952	2.253816843032837	1.93843162059784	1.582817554473877	1.9638679027557373	2.785694122314453	3.00244140625	2.3153188228607178	2.9574167728424072	0.19615575671195984	0.012506981380283833
Tochterstrang	Tochterstrang.	149	19	9	979,991	b1	1	biology	0	13		$.	0	0	0	0	1	1	0	0	1	0	0	0	NN	Tochterstrang	13.0	nn	Tochterstrang	13.0	toch-ter-strang	3.0																													15.006103515625	3.2117562294006348	13.022948265075684	3.065690279006958	25.5747127532959	4.957145690917969	24.40467071533203	7.912552356719971	39.303135377471335	28.653866041218294
In	In	150	1	10	993,994	b1	1	biology	0	2			0	0	0	1	0	0	0	0	0	0	0	0	APPR	In	2.0	appr	in	2.0	in	1.0	1126.95098976	1129.46891409	14298.1641135	0.0	0.0	3679.81140163	2136.22079625	18583.5486983	15158.092107	482564.023928	1003993.18487	206102.496999	254899.442632	207172.18156	253451.656264	8060.80774179	3275.63970259	-0.00817507899599	0.0192971185569	0.0371644358343	17049.8303029	0.856171713799	18134.491609	46.661358402	17049.8303029	0.856171713799	18352.7743933	56.9354189676	15.09238052368164	4.189914226531982	14.517623901367188	4.499127388000488	3.891033172607422	5.08202600479126	4.033161163330078	5.895673751831055	1.3441143035888672	3.4924051761627197
Hefen	Hefen	151	2	10	995,999	b1	1	biology	0	5			0	0	0	0	0	0	0	0	1	0	0	0	NN	Hefen	5.0	nn	Hefe	4.0	he-fen	2.0	0.32700315984	0.32700315984	2.56697480474	4.83147168663	4.28085856899	2.52136859888	0.58970041667	7051.22636118	18014.70903	2095696.78802	4431465.59474	403134.858302	722814.835743	342578.295818	477073.005762	10830.0176507	2903.26485432	34.0819043343	0.059769837075	0.225834299725	45.3226379538	3.4246868552	45.9194187205	9.41788885179	50.4892878793	4.70894442589	51.094243725	11.1302322794	17.181007385253906	8.67061996459961	15.770062446594238	11.212879180908203	14.12279224395752	15.15694808959961	14.893087387084961	13.866811752319336	3.834177255630493	5.204352140426636
und	und	152	3	10	1000,1002	b1	1	biology	0	3			0	0	0	0	0	0	0	0	0	0	0	0	KON	und	3.0	kon	und	3.0	und	1.0	22313.7473183	22313.7473183	23398.5884761	22313.7473183	0.428085856899	9064.0679761	29467.6401896	23513.5137367	723.037012303	869972.90787	1656300.13956	195202.966651	251153.263298	160187.509171	58920.0250002	32509.3788389	28906.6542257	22352.5789435	0.120238001286	0.419307858966	0.0	0.0	2201.34439665	22.6885504157	0.0	0.0	2454.42031712	42.8085856899	1.673807978630066	2.0336318016052246	8.210680961608887	2.1675808429718018	4.8342437744140625	2.4445080757141113	6.012904167175293	1.6027926206588745	0.2112290859222412	0.47611314058303833
höheren	höheren	153	4	10	1003,1009	b1	1	biology	0	7			0	0	0	0	0	0	0	0	0	0	0	0	ADJA	höheren	7.0	adja	hoch	4.0	hö-he-ren	3.0	54.8466049841	54.8466049841	597.181345578	77.7613514099	3.8527727121	291.72234689	101.288805779	13329.6379796	30018.6645434	2789720.32376	6000400.26028	647764.516065	1226552.45336	372160.734773	514453.034701	17646.9952984	679.880444702	171.104403386	0.00446965988784	0.114891998315	0.0	0.0	25.0157417277	2.9966009983	0.0	0.0	62.3758527394	4.28085856899	11.410731315612791	4.206174373626709	10.488585472106934	3.295386791229248	10.93092155456543	8.713138580322266	9.568705558776855	7.267159461975098	6.439597129821777	6.768649578094482
Eukaryoten	Eukaryoten	154	5	10	1010,1019	b1	1	biology	0	10			0	0	0	0	0	0	0	1	0	0	0	0	NN	Eukaryoten	10.0	adja	Eukaryot	8.0	eu-kar-yo-ten	4.0		0.359703475824		0.678531556667	4.28085856899	0.126068429944	0.620737280705	19838.3987989	53675.1170815	2475569.15656	5965253.98334	500546.230166	985329.069598	363040.968174	520959.51164	14903.9783425	367.71505324	4.13658997197	0.00459700193182	0.235169978773	0.0	0.0	0.0	0.0	0.0	0.0	0.024525236988	0.428085856899	16.219650268554688	0.9252445697784424	7.710496425628662	0.6370474100112915	16.441198348999023	12.073046684265137	9.764571189880371	7.450994968414307	0.526524990593316	0.4715217906050384
ist	ist	155	6	10	1020,1022	b1	1	biology	0	3			0	0	0	0	0	0	0	0	0	0	0	0	VAFIN	ist	3.0	vafin	sein	4.0	ist	1.0	6193.1128442	6201.98280491	17044.4184006	6201.98280491	0.428085856899	5647.61352462	10628.2947571	6392.98535058	321.920564388	917956.027182	2251465.76597	202181.475685	311508.232091	153618.244592	108375.49979	37971.7622471	6331.86028492	6216.50992029	0.0707295422332	0.285080866351	0.0	0.0	174.505236248	21.8323787019	0.0	0.0	350.048707529	42.380499833	2.428444623947144	1.93774962425232	2.3618063926696777	1.640910506248474	2.6699671745300293	2.3685483932495117	2.71917986869812	2.169940233230591	0.012623878195881844	0.01023827027529478
dieses	dieses	156	7	10	1023,1028	b1	1	biology	0	6			0	0	0	0	0	0	0	0	0	0	0	0	PDAT	dieses	6.0	pdat	diese	5.0	die-ses	2.0	488.158492088	510.525508221	4932.97346745	2820.73743186	17.5515201329	1825.0926603	945.569099698	34799.6190446	5123.75962123	2673213.44705	5709885.78669	429144.248182	545017.936797	273552.253392	180125.686008	110461.430317	29991.8223867	29048.3692201	0.0180250275644	0.157507133053	1741.99488294	0.856171713799	2310.3018495	7.70554542419	2879.48354952	1.2842575707	3447.88861703	10.2740605656	4.826422214508057	4.136177062988281	7.780585289001465	3.8109781742095943	5.4941935539245605	4.201091766357422	5.66650390625	3.103830575942993	0.5203463435173035	0.8714802265167236
System	System	157	8	10	1029,1034	b1	1	biology	0	6			0	0	0	0	0	0	0	0	0	0	0	0	NN	System	6.0	nn	System	6.0	system	1.0	98.7713044296	98.7713044296	165.251046825	98.9348060095	5.13703028279	418.295050553	177.67052817	209.355598008	1349.32662095	1460318.75925	3491450.69735	202897.293777	487112.047192	86289.6755693	167483.454482	26995.0755041	394.153258713	192.711137173	0.0563417040567	0.236555493797	0.0	0.0	1.32436279735	1.2842575707	0.0	0.0	60.9206886781	5.56511613969	4.290561676025391	0.874585747718811	3.1238718032836914	0.94627583026886	4.772116661071777	4.503976345062256	6.146298408508301	4.266214370727539	4.345676898956299	2.5843892097473145
in	in	158	9	10	1035,1036	b1	1	biology	0	2			0	0	0	0	0	0	0	0	0	0	0	0	APPR	in	2.0	appr	in	2.0	in	1.0	13129.4221199	13165.4578681	14298.1641135	0.0	0.0	8527.89894355	19687.5208529	18583.5486983	15158.092107	842500.587604	1735372.30627	309490.415689	350022.68855	273957.116004	252232.89583	37971.7622471	15391.66268	-0.00817507899599	0.0682365415668	0.281559937821	0.0	0.0	9683.14399346	42.380499833	0.0	0.0	17389.6438116	75.7711966712	2.682406187057495	3.1230201721191406	3.214040756225586	3.5030357837677	3.31252384185791	3.5721511840820312	3.2773218154907227	3.711158037185669	0.08650796115398407	0.028809906914830208
ähnlicher	ähnlicher	159	10	10	1037,1045	b1	1	biology	0	9			0	0	0	0	0	0	0	0	0	0	0	0	ADJA	ähnlicher	9.0	adja	ähnlich	7.0	ähn-li-cher	3.0	15.4917746974	15.5653504084	166.183005831	50.7263651701	3.4246868552	120.269282166	29.4695024015	13516.4221845	41707.548866	2709854.78877	6051492.73538	541473.079093	983714.329746	290147.843606	313007.388762	700.923098037	152.596024539	150.560429869	0.00743678895746	0.184185012943	21.3696564955	0.428085856899	34.9157623919	2.5685151414	52.1570039944	0.856171713799	65.7521603648	4.28085856899	6.501809120178223	5.147221088409424	6.319708347320557	6.488156795501709	6.2977681159973145	5.0230865478515625	4.902507781982422	2.753380298614502	2.3724138736724854	4.383067607879639
Form	Form	160	11	10	1046,1049	b1	1	biology	0	4			0	0	0	0	0	0	0	0	0	0	0	0	NN	Form	4.0	nn	Form	4.0	form	1.0	215.388806307	215.388806307	309.688342526	226.416987873	5.13703028279	755.528100653	394.509578752	452.793100351	1914.39995205	575012.362559	1525818.28612	68999.301742	147089.016173	47313.752019	68723.6192091	11807.4546207	1269.80232013	933.847448791	0.0357256952858	0.207612779527	0.0	0.0	32.610390115	11.1302322794	0.0	0.0	47.9223130745	17.123434276	1.3498961925506592	0.858071506023407	0.9554829597473145	0.7513452172279358	1.0062543153762817	1.057755708694458	1.393136978149414	1.5190107822418213	0.5288791656494141	0.7213853597640991
ebenfalls	ebenfalls	161	12	10	1050,1058	b1	1	biology	0	9			0	0	0	0	0	0	0	0	0	0	0	0	ADV	ebenfalls	9.0	adv	ebenfalls	9.0	e-ben-falls	3.0	111.63070369	111.63070369	116.298673797	118.628571311	8.98980299489	615.340006556	210.771343663	13208.9656386	31941.6262126	3011319.34518	7035284.54867	407850.677146	798973.878201	141995.236104	177290.901463	45007.5949345	655.477833899	586.561917962	0.0179919402622	0.228798679957	0.0	0.0	4.6843202647	1.2842575707	0.0	0.0	4.74972089667	3.4246868552	5.206916332244873	4.39946985244751	4.0739946365356445	3.7767856121063232	5.18653678894043	4.519440650939941	5.389411926269531	4.497568130493164	1.925647497177124	2.724712610244751
vorhanden	vorhanden.	162	13	10	1059,1067	b1	1	biology	0	9		$.	0	0	0	0	0	1	0	0	0	0	0	0	ADJD	vorhanden	9.0	adjd	vorhanden	9.0	vor-han-den	3.0	73.6901620699	73.6901620699	117.140706934	251.11390152	156.679423625	390.686064396	138.051971229	30259.8341765	34327.7767789	2880210.03609	6255668.71292	660874.710399	1083845.32402	424581.156163	556276.166748	23102.1601118	13320.2529889	3635.39222889	0.0443927772247	0.347905628691	0.0	0.0	0.882908531567	3.4246868552	0.0	0.0	12.1236421511	5.56511613969	1.4091174602508545	2.220487117767334	1.5312037467956543	1.3494696617126465	3.1415462493896484	1.9603817462921143	1.9383275508880615	2.3936142921447754	31.650318145751953	30.49275779724121
