word	word_with_punct	word_index_in_text	word_index_in_sent	sent_index_in_text	word_limit_char_indices	text_id	text_id_numeric	text_domain	text_domain_numeric	word_length	STTS_punctuation_before	STTS_punctuation_after	is_in_quote	is_in_parentheses	is_clause_beginning	is_sent_beginning	is_clause_end	is_sent_end	is_abbreviation	is_expert_technical_term	is_general_technical_term	contains_symbol	contains_hyphen	contains_abbreviation	STTS_PoS_tag	type	type_length_chars	PoS_tag	lemma	lemma_length_chars	syllables	type_length_syllables	annotated_type_frequency_normalized	type_frequency_normalized	lemma_frequency_normalized	familiarity_normalized	regularity_normalized	document_frequency_normalized	sentence_frequency_normalized	cumulative_syllable_corpus_frequency_normalized	cumulative_syllable_lexicon_frequency_normalized	cumulative_character_corpus_frequency_normalized	cumulative_character_lexicon_frequency_normalized	cumulative_character_bigram_corpus_frequency_normalized	cumulative_character_bigram_lexicon_frequency_normalized	cumulative_character_trigram_corpus_frequency_normalized	cumulative_character_trigram_lexicon_frequency_normalized	initial_letter_frequency_normalized	initial_bigram_frequency_normalized	initial_trigram_frequency_normalized	avg_cond_prob_in_bigrams	avg_cond_prob_in_trigrams	neighbors_coltheart_higher_freq_cum_freq_normalized	neighbors_coltheart_higher_freq_count_normalized	neighbors_coltheart_all_cum_freq_normalized	neighbors_coltheart_all_count_normalized	neighbors_levenshtein_higher_freq_cum_freq_normalized	neighbors_levenshtein_higher_freq_count_normalized	neighbors_levenshtein_all_cum_freq_normalized	neighbors_levenshtein_all_count_normalized	sent_surprisal_llama-7b	text_surprisal_llama-7b	sent_surprisal_llama-13b	text_surprisal_llama-13b	sent_surprisal_gpt2-base	text_surprisal_gpt2-base	sent_surprisal_gpt2-large	text_surprisal_gpt2-large	sent_surprisal_bert-base	text_surprisal_bert-base
Ein	Ein	1	1	1	1,3	b5	5	biology	0	3			0	0	0	1	0	0	0	0	0	0	0	0	ART	Ein	3.0	art	eine	4.0	ein	1.0	562.600761425	562.682512215	17543.4333976	562.682512215	0.428085856899	1914.22304027	1063.64884892	11022.7206128	11717.9941609	859102.219201	1783188.21223	290087.985677	383818.354609	242134.778979	287624.465963	14903.9783425	3644.7281691	2977.8869754	0.0101295569273	0.0268804790931	4999.44503476	0.428085856899	5604.89138521	31.2502675537	18164.9029029	0.856171713799	19209.9723014	41.9524139761	14.406572341918944	14.522181510925291	17.72760581970215	17.89818572998047	4.330705642700195	4.330704212188721	4.394437789916992	4.394442558288574	0.7629261016845703	0.39327749609947205
Prion	Prion	2	2	1	4,8	b5	5	biology	0	5			0	0	0	0	0	0	0	1	0	0	0	0	NN	Prion	5.0	nn	Prion	5.0	pri-on	2.0	0.04087539498	0.04087539498	0.04087539498	41.1042971919	18.8357777036	0.504273719775	0.0775921600881	3574.03008594	12975.2823226	1309542.43372	3018939.37448	260640.500926	472893.175455	228289.669569	327622.668002	10343.3797233	3039.31451897	422.422681881	8.4866e-05	0.0935278122	3.84228712812	2.5685151414	3.92403791808	4.70894442589	3.91586283908	2.9966009983	4.10388965599	6.84937371039	15.47120189666748	15.493332862854004	16.417463302612305	16.34868621826172	16.24089813232422	16.24090003967285	17.18272590637207	17.18269920349121	5.967987656593323	0.002438717565382831
ist	ist	3	3	1	9,11	b5	5	biology	0	3			0	0	0	0	0	0	0	0	0	0	0	0	VAFIN	ist	3.0	vafin	sein	4.0	ist	1.0	6193.1128442	6201.98280491	17044.4184006	6201.98280491	0.428085856899	5647.61352462	10628.2947571	6392.98535058	321.920564388	917956.027182	2251465.76597	202181.475685	311508.232091	153618.244592	108375.49979	37971.7622471	6331.86028492	6216.50992029	0.0707295422332	0.285080866351	0.0	0.0	174.505236248	21.8323787019	0.0	0.0	350.048707529	42.380499833	5.567451477050781	5.529298782348633	4.1035685539245605	4.118714332580566	2.0143814086914062	2.0143814086914062	1.8231630325317383	1.8231477737426758	0.008548335172235966	0.00723764393478632
ein	ein	4	4	1	12,14	b5	5	biology	0	3			0	0	0	0	0	0	0	0	0	0	0	0	ART	ein	3.0	art	eine	4.0	ein	1.0	4621.55200817	4999.44503476	17543.4333976	4999.44503476	0.428085856899	5809.23325181	8404.82933604	11022.7206128	11717.9941609	1614569.79583	3344143.78548	401662.305848	493686.589782	324158.412201	289382.186491	45007.5949345	21503.4825387	20569.6023896	0.0272545875843	0.196343258894	0.0	0.0	1145.39396797	31.6783534106	13165.4578681	0.428085856899	22077.4630101	57.7915906814	0.5427090525627136	0.5572583675384521	0.3415191173553467	0.3386601209640503	0.7252448797225952	0.7252494096755981	0.5756654739379883	0.5756674408912659	0.00022635281493421644	0.0002694958820939064
infektiöses	infektiöses	5	5	1	15,25	b5	5	biology	0	11			0	0	0	0	0	0	0	0	1	0	0	0	ADJA	infektiöses	11.0	adja	infektiös	9.0	in-fek-ti-ö-ses	5.0			0.743932188635																										9.074477195739746	9.122780799865724	5.912279605865479	5.903136253356934	14.874714851379395	14.874717712402344	7.329275131225586	7.329329967498779	0.02361337114871276	0.0006037335742803407
Protein	Protein,	6	6	1	26,32	b5	5	biology	0	7		$,	0	0	0	0	0	0	0	0	1	0	0	0	NN	Protein	7.0	nn	Protein	7.0	pro-tein	2.0	0.915608847551	0.915608847551	4.20199060394	268.951923889	97.6035753731	3.40384760848	1.6759906579	2303.61463489	13104.9923373	2360039.05464	5380268.66668	462687.586487	799903.252596	277768.861037	343196.431476	10343.3797233	3039.31451897	1551.10678838	0.0747068283036	0.294451931339	0.0	0.0	0.138976342932	1.7123434276	1.97019403803	0.428085856899	2.58332496273	3.4246868552	1.6131539344787598	1.6195199489593506	0.7438603639602661	0.7402287125587463	7.497655391693115	7.49765157699585	1.7246979475021362	1.7247042655944824	31.000204133233638	30.783398956949895
das	das	7	7	1	34,36	b5	5	biology	0	3			0	0	1	0	0	0	0	0	0	0	0	0	PRELS	das	3.0	prels	die	3.0	das	1.0	865.29941141	7683.24989344	10789.1994813	7683.24989344	0.428085856899	6503.8703008	12246.2154424	9530.4416929	290.670296835	734069.119328	1662118.68252	216547.190476	169684.671958	215247.31204	124039.161294	110461.430317	19319.7963127	7903.50287175	0.0288325249482	0.178984875387	0.0	0.0	15300.9683536	34.6749544089	0.0	0.0	16474.0513142	50.942216971	0.3760481178760528	0.3844695687294006	0.2424220591783523	0.2490674555301666	0.26536864042282104	0.2653692960739136	0.19852681457996368	0.1985270082950592	0.10231763869524002	0.07948226481676102
von	von	8	8	1	37,39	b5	5	biology	0	3			0	0	0	0	0	0	0	0	0	0	0	0	APPR	von	3.0	appr	von	3.0	von	1.0	7955.34104766	7955.34104766	8265.3727435	7955.34104766	0.428085856899	7856.20634881	12401.4928732	8585.23905938	340.756342092	620899.645044	1436353.90714	258695.641457	333765.271963	253104.606831	264495.4152	23102.1601118	13320.2529889	7993.18348833	0.0874371201871	0.312235645495	0.0	0.0	3224.03042889	30.8221816968	0.0	0.0	3276.15473257	38.9558129779	3.5046632289886475	3.488579034805298	4.268767833709717	4.281632423400879	3.1709494590759277	3.170945167541504	2.614520311355591	2.6145241260528564	0.0012142435880377889	0.001647425931878388
einem	einem	9	9	1	40,44	b5	5	biology	0	5			0	0	0	0	0	0	0	0	0	0	0	0	ART	einem	5.0	art	eine	4.0	ei-nem	2.0	1782.61685047	1790.34230012	17543.4333976	7303.86082739	14.1268332777	3919.97176067	3153.9350864	17827.7708202	6388.75332837	2493277.74291	5201994.02392	301314.568235	387807.68671	171268.730649	89262.7505372	45007.5949345	21503.4825387	20569.6023896	0.0251622544387	0.156656778568	4450.57840605	0.856171713799	5459.35045384	11.5583181363	9052.86175303	1.2842575707	10785.1855175	20.9762069881	1.5397250652313232	1.5453109741210938	1.7639927864074707	1.7643036842346191	3.1758170127868652	3.175813674926758	1.9833672046661377	1.983379602432251	0.07324667274951935	0.06719288975000381
endogenen	endogenen,	10	10	1	45,53	b5	5	biology	0	9		$,	0	0	0	0	1	0	0	1	0	0	0	0	ADJA	endogenen	9.0	adja	endogen	7.0	en-do-ge-nen	4.0	0.498679818756	0.498679818756	1.29983756036	37.9650668574	11.9864039932	2.39530016893	0.931105921058	59012.6334156	127430.885538	4203366.37981	8764438.0517	949798.883655	1761562.59899	423605.40326	560661.478266	45007.5949345	2892.41652449	259.411606701	0.00348323985246	0.210025298639	0.0	0.0	0.171676658916	1.2842575707	0.0	0.0	0.425104107792	1.7123434276	11.39271354675293	11.357712745666504	12.081920623779297	12.050057411193848	14.058891296386719	14.05888843536377	13.635770797729492	13.635771751403809	29.458768606185913	29.870266914367676
zellulären	zellulären	11	11	1	55,64	b5	5	biology	0	10			0	0	1	0	0	0	0	0	1	0	0	0	ADJA	zellulären	10.0	adja	zellulär	8.0	zel-lu-lä-ren	4.0	0.310653001848	0.310653001848	0.686706635663	1.35706311333	8.13363128109	1.76495801921	0.58970041667	10499.4910318	26857.2504902	3114941.76601	7221323.38462	508148.571302	1001507.2903	365170.772454	485734.894991	19838.2434724	986.037153102	4.37366726286	0.0263639825	0.129394272474	0.0	0.0	0.147151421928	1.2842575707	0.0	0.0	0.351528396828	1.7123434276	4.963192939758301	4.95387601852417	6.254768371582031	6.259798049926758	5.792782306671143	5.792781829833984	4.767006874084473	4.767016887664795	0.0018558846786618233	0.0003260099558701768
Protein	Protein	12	12	1	65,71	b5	5	biology	0	7			0	0	0	0	0	0	0	0	1	0	0	0	NN	Protein	7.0	nn	Protein	7.0	pro-tein	2.0	0.915608847551	0.915608847551	4.20199060394	268.951923889	97.6035753731	3.40384760848	1.6759906579	2303.61463489	13104.9923373	2360039.05464	5380268.66668	462687.586487	799903.252596	277768.861037	343196.431476	10343.3797233	3039.31451897	1551.10678838	0.0747068283036	0.294451931339	0.0	0.0	0.138976342932	1.7123434276	1.97019403803	0.428085856899	2.58332496273	3.4246868552	1.5881714820861816	1.5836141109466553	1.6086504459381104	1.5645142793655396	1.523964524269104	1.5239661931991577	2.7498552799224854	2.749844789505005	0.005826116073876619	0.006474744513980113
abstammt	abstammt	13	13	1	72,79	b5	5	biology	0	8			0	0	0	0	0	0	0	0	0	0	0	0	VVFIN	abstammt	8.0	vvfin	abstammen	9.0	ab-stammt	2.0	0.4087539498	0.4087539498	1.66771611518	45.4697893757	57.3635048245	4.91666876781	0.729366304829	4186.63780559	11622.5310148	1606650.11448	4291007.2004	220143.693854	375480.526374	143289.441034	137017.012132	41334.1231877	4277.97796321	288.008033029	0.13086177946	0.41205912062	0.0	0.0	0.359703475824	0.856171713799	0.0	0.0	0.49050473976	2.1404292845	2.022111654281616	2.063174247741699	0.9512284398078918	0.9659096002578736	6.529307842254639	6.529311180114746	5.891087055206299	5.8910627365112305	0.007248292968142778	0.007278125267475843
und	und	14	14	1	80,82	b5	5	biology	0	3			0	0	0	0	0	0	0	0	0	0	0	0	KON	und	3.0	kon	und	3.0	und	1.0	22313.7473183	22313.7473183	23398.5884761	22313.7473183	0.428085856899	9064.0679761	29467.6401896	23513.5137367	723.037012303	869972.90787	1656300.13956	195202.966651	251153.263298	160187.509171	58920.0250002	32509.3788389	28906.6542257	22352.5789435	0.120238001286	0.419307858966	0.0	0.0	2201.34439665	22.6885504157	0.0	0.0	2454.42031712	42.8085856899	1.4064666032791138	1.3851959705352783	1.617771863937378	1.61934232711792	2.2763173580169678	2.2763161659240723	1.789204716682434	1.7892279624938965	1.831682562828064	2.576908588409424
dessen	dessen	15	15	1	83,88	b5	5	biology	0	6			0	0	0	0	0	0	0	0	0	0	0	0	PRELAT	dessen	6.0	prelat	die	3.0	des-sen	2.0	276.530222118	340.892619054	10789.1994813	342.625735801	12.842575707	1349.31040569	628.341312394	17810.1617	28489.9699484	2776463.95902	5935496.02308	684736.139147	979525.509636	518426.885572	500860.452572	110461.430317	53801.2331077	7725.99738151	0.0115689887806	0.141396491303	0.0	0.0	39.9516110534	13.2706615639	0.0	0.0	74.8837236033	16.2672625622	4.462037086486816	4.482008457183838	2.973177433013916	3.002249240875244	4.454122543334961	4.454129219055176	5.085334777832031	5.085364818572998	7.721939563751221	6.549727439880371
Primärstruktur	Primärstruktur	16	16	1	89,102	b5	5	biology	0	14			0	0	0	0	0	0	0	1	0	0	0	0	NN	Primärstruktur	14.0	nn	Primärstruktur	14.0	pri-mär-struk-tur	4.0	0.155326500924	0.155326500924	0.16350157992	20.43769749	145.977277203	0.630342149719	0.279331776317	1352.35426783	9298.45289771	3110958.45059	7856740.6399	274174.115301	612507.812567	141330.929184	175858.954272	10343.3797233	3039.31451897	422.422681881	2.24972105263e-05	0.131800910053	0.0	0.0	0.0	0.0	0.0	0.0	0.0	0.0	7.277886867523193	7.267913818359375	6.876937389373779	6.873587131500244	13.871598243713379	13.871588706970215	9.447714805603027	9.44774341583252	1.6667717659529444	0.8598389329408747
besitzt	besitzt,	17	17	1	103,109	b5	5	biology	0	7		$,	0	0	0	0	1	0	0	0	0	0	0	0	VVFIN	besitzt	7.0	vvfin	besitzen	8.0	be-sitzt	2.0	47.5953099147	47.5953099147	151.467863638	415.17956189	55.22307554	288.066362422	89.3706499895	22469.0165937	47179.7703747	2096428.29409	4940626.20399	269857.240312	430811.47955	132312.190211	119426.536186	20337.830725	14068.4280436	3126.49356139	0.0490108739682	0.328966693671	0.0	0.0	37.7688649615	2.9966009983	0.0	0.0	37.8669659094	5.13703028279	9.979137420654297	10.06879997253418	9.819948196411133	9.841469764709473	13.248942375183105	13.24893856048584	10.92820930480957	10.92827033996582	28.40851593017578	28.412211179733276
sich	sich	18	18	1	111,114	b5	5	biology	0	4			0	0	1	0	0	0	0	0	0	0	0	0	PRF	sich	4.0	prf	sich	4.0	sich	1.0	6557.46793998	6557.46793998	6566.55045274	6557.81946837	0.856171713799	6282.99841154	11211.8033194	6926.29480396	1064.22144025	990057.517976	2298056.06212	287477.77288	411907.636196	194753.386357	108862.23341	48925.779496	15113.3748159	6879.41072592	0.109257424523	0.373105981887	0.0	0.0	1254.85010065	21.404292845	0.0	0.0	4636.93750684	29.5379241261	4.3024067878723145	4.309666633605957	3.628199577331543	3.654789686203003	4.023468971252441	4.023468494415283	4.3611345291137695	4.361140251159668	0.0037335706874728203	0.003609453560784459
aber	aber	19	19	1	115,118	b5	5	biology	0	4			0	0	0	0	0	0	0	0	0	0	0	0	ADV	aber	4.0	adv	aber	4.0	a-ber	2.0	1779.47762014	2250.5583722	3054.51199083	2250.67282331	3.4246868552	3474.69806611	4177.90330465	20714.5138399	54431.1167048	1434600.66378	3336615.03951	373884.907984	550578.343993	257156.208682	193124.513052	41334.1231877	4277.97796321	2367.56010279	0.0153935707803	0.129025098264	0.0	0.0	3047.7512005	16.2672625622	0.0	0.0	3056.26145773	30.8221816968	0.915960133075714	0.928374171257019	0.5628869533538818	0.5794066190719604	0.9767693877220154	0.9767661690711975	1.042431116104126	1.0424139499664307	2.551290988922119	3.922023296356201
in	in	20	20	1	119,120	b5	5	biology	0	2			0	0	0	0	0	0	0	0	0	0	0	0	APPR	in	2.0	appr	in	2.0	in	1.0	13129.4221199	13165.4578681	14298.1641135	0.0	0.0	8527.89894355	19687.5208529	18583.5486983	15158.092107	842500.587604	1735372.30627	309490.415689	350022.68855	273957.116004	252232.89583	37971.7622471	15391.66268	-0.00817507899599	0.0682365415668	0.281559937821	0.0	0.0	9683.14399346	42.380499833	0.0	0.0	17389.6438116	75.7711966712	2.0275192260742188	2.0277552604675293	1.9041340351104736	1.9082039594650269	1.8855003118515015	1.8855034112930298	2.0393357276916504	2.039316177368164	1.6356732845306396	1.8465471267700195
Sekundär-	Sekundär-,	21	21	1	121,129	b5	5	biology	0	9		$,	0	0	0	0	1	0	0	0	0	0	0	0	TRUNC	Sekundär-	9.0	trunc	Sekundär-	9.0	se-kun-där-	3.0		0.0899258689559	0.0899258689559	10.5785522208	19.6919494174	1.26068429944	0.170702752194	9538.64947221	24894.4768363	2102449.95918	4637650.5792	170972.686513	377297.750837	64976.5252198	122133.323059	26995.0755041	2545.55609777	147.38032414	1.09441818182e-05	0.318794652636	0.277952685864	0.428085856899	0.28612776486	0.856171713799	0.277952685864	0.428085856899	0.32700315984	1.2842575707	6.802165508270264	6.727612495422363	5.89682149887085	5.979348182678223	17.124038696289062	17.12403106689453	17.659074783325195	17.6590576171875	51.09183186292648	51.02961193025112
Tertiär-	Tertiär-	22	22	1	131,138	b5	5	biology	0	8			0	0	1	0	0	0	0	0	0	0	0	0	TRUNC	Tertiär-	8.0	trunc	Tertiär-	8.0	ter-ti-är-	3.0	0.00817507899599	0.00817507899599	0.00817507899599	20.0698189352	40.6681564054	0.126068429944	0.0155184320176	21355.6689354	79056.3275371	2147948.41038	5069405.55998	227626.891389	558432.863295	25889.510521	78663.3447204	8191.78885746	1519.16675475	158.457556179	1.2e-07	0.5	0.212552053896	0.856171713799	0.212552053896	0.856171713799	0.858383294579	1.2842575707	0.858383294579	1.2842575707	0.1320275366306305	0.1269964128732681	0.1155697703361511	0.1214108690619468	8.471145629882812	8.471144676208496	2.6012935638427734	2.6012895107269287	25.455110281938687	25.252285642549396
und	und	23	23	1	139,141	b5	5	biology	0	3			0	0	0	0	0	0	0	0	0	0	0	0	KON	und	3.0	kon	und	3.0	und	1.0	22313.7473183	22313.7473183	23398.5884761	22313.7473183	0.428085856899	9064.0679761	29467.6401896	23513.5137367	723.037012303	869972.90787	1656300.13956	195202.966651	251153.263298	160187.509171	58920.0250002	32509.3788389	28906.6542257	22352.5789435	0.120238001286	0.419307858966	0.0	0.0	2201.34439665	22.6885504157	0.0	0.0	2454.42031712	42.8085856899	0.2710570394992828	0.2569760680198669	0.2943958938121795	0.2904278635978699	0.1229265108704567	0.12292714416980743	0.4056679904460907	0.40566933155059814	0.13641265034675598	0.1363382786512375
Quartärstrukturen	Quartärstrukturen	24	24	1	142,158	b5	5	biology	0	17			0	0	0	0	0	0	0	1	0	0	0	0	NN	Quartärstrukturen	17.0	nn	Quartärstruktur	15.0	quar-tär-struk-tu-ren	5.0																													2.388798713684082	2.423923969268799	2.4734737873077397	2.4510748386383057	13.27198600769043	13.271973609924316	7.953391075134277	7.953353404998779	5.66621689472322	7.5504612965564775
von	von	25	25	1	159,161	b5	5	biology	0	3			0	0	0	0	0	0	0	0	0	0	0	0	APPR	von	3.0	appr	von	3.0	von	1.0	7955.34104766	7955.34104766	8265.3727435	7955.34104766	0.428085856899	7856.20634881	12401.4928732	8585.23905938	340.756342092	620899.645044	1436353.90714	258695.641457	333765.271963	253104.606831	264495.4152	23102.1601118	13320.2529889	7993.18348833	0.0874371201871	0.312235645495	0.0	0.0	3224.03042889	30.8221816968	0.0	0.0	3276.15473257	38.9558129779	3.8599138259887695	3.8700764179229736	3.8956260681152335	3.889025211334229	4.516789436340332	4.516791343688965	4.494078636169434	4.494054794311523	0.0009972843108698726	0.0013385392958298326
diesem	diesem	26	26	1	162,167	b5	5	biology	0	6			0	0	0	0	0	0	0	0	0	0	0	0	PDS	diesem	6.0	pds	diese	5.0	die-sem	2.0	2.6487255947	601.244359839	4932.97346745	2820.73743186	17.5515201329	2128.03509745	1122.68096432	34359.8897205	2427.24680862	2509948.60925	5214937.62789	363411.029475	387338.50461	228840.996896	66551.5115712	110461.430317	29991.8223867	29048.3692201	0.01696057005	0.0965098083671	1140.7505231	0.428085856899	2144.02891781	2.9966009983	2278.23918968	0.856171713799	3281.60751026	5.56511613969	6.182178020477295	6.121752738952637	0.8847448825836182	0.9088095426559448	6.424912452697754	6.424911022186279	5.307622909545898	5.307648181915283	1.3205273151397705	1.1049097776412964
unterscheidet	unterscheidet.	27	27	1	168,180	b5	5	biology	0	13		$.	0	0	0	0	1	1	0	0	0	0	0	0	VVFIN	unterscheidet	13.0	vvfin	unterscheiden	13.0	un-ter-schei-det	4.0	30.2069168902	30.2069168902	99.1882334584	225.967358528	118.579782361	135.901767479	57.1233482569	20701.7607166	47510.2526563	5073532.79997	11138606.4949	884896.743479	1693866.38584	273790.712271	446692.180584	32509.3788389	28906.6542257	2137.73410698	0.0462793127065	0.250372945638	45.2899376378	0.428085856899	45.3553382698	0.856171713799	45.2899376378	0.428085856899	47.023054385	2.9966009983	1.6408321857452393	1.6163870096206665	0.7965942025184631	0.793510913848877	2.619373321533203	2.619370698928833	0.6127676963806152	0.6127611398696899	30.1788800470531	29.342978451400995
Seine	Seine	28	1	2	182,186	b5	5	biology	0	5			0	0	0	1	0	0	0	0	0	0	0	0	PPOSAT	Seine	5.0	pposat	seine	5.0	sei-ne	2.0	127.474006785	130.801263936	3604.53948076	446.334787944	20.9762069881	576.132724843	247.550027545	21247.1611118	23977.5169308	2415559.50686	5054908.86052	367172.195294	570441.099667	232769.310381	302491.459687	26995.0755041	2545.55609777	972.319370546	0.00329947827103	0.0190620620673	2477.04893579	1.7123434276	2804.04392055	22.2604645588	7214.90779283	2.5685151414	7581.26578296	28.2536665554	18.245365142822266	9.24359893798828	19.163898468017575	5.644821643829346	8.247633934020996	5.15335750579834	8.106992721557617	4.461627960205078	0.389069527387619	0.6365832090377808
strukturellen	strukturellen	29	2	2	187,199	b5	5	biology	0	13			0	0	0	0	0	0	0	0	0	0	0	0	ADJA	strukturellen	13.0	adja	strukturell	11.0	struk-tu-rel-len	4.0	4.04666410302	4.04666410302	11.3878850414	22.375191212	54.7949896831	22.8183858198	7.66610541671	7318.59231974	23037.440389	4267863.6819	10241168.1607	641257.087783	1325964.69148	406579.076309	544338.564543	48925.779496	4391.00660541	389.231861157	0.00585822460656	0.109362825387	0.0	0.0	1.16086121743	1.7123434276	0.0	0.0	4.66797010671	2.5685151414	14.152688026428224	8.175934791564941	15.11317253112793	6.352413177490234	12.587115287780762	8.702959060668945	12.02979564666748	8.271934509277344	0.7492222641594708	0.8625603197142482
Eigenschaften	Eigenschaften	30	3	2	200,212	b5	5	biology	0	13			0	0	0	0	0	0	0	0	0	0	0	0	NN	Eigenschaften	13.0	nn	Eigenschaft	11.0	ei-gen-schaf-ten	4.0	40.9898460859	40.9898460859	64.0844442496	45.9357688785	49.2298735434	157.58553743	75.4971717658	53751.6349034	98276.954426	4220040.77778	9501267.99031	949871.952511	2027516.9308	458910.781741	807339.532017	14903.9783425	3644.7281691	232.7117987	0.0348804801076	0.27041155966	0.0	0.0	0.0899258689559	2.1404292845	0.0	0.0	0.16350157992	3.4246868552	2.5975797176361084	2.143976926803589	2.1825549602508545	1.2869800329208374	3.4691169261932373	1.3127191066741943	3.014472007751465	0.7203316688537598	0.45851194858551025	0.4084702134132385
verleihen	verleihen	31	4	2	213,221	b5	5	biology	0	9			0	0	0	0	0	0	0	0	0	0	0	0	VVFIN	verleihen	9.0	vvfin	verleihen	9.0	ver-lei-hen	3.0	0.907433768555	10.6112525368	41.2269233768	1957.40821448	792.815006978	111.69662893	20.0498141668	20444.8752093	48294.5059461	3908880.66761	8459200.42124	749697.033616	1380405.65416	395643.657365	538683.550373	23102.1601118	7335.96436261	7300.98319958	0.014698496765	0.301285400977	0.0	0.0	10.6276026948	3.4246868552	0.0	0.0	11.2816090145	5.13703028279	4.495192527770996	6.76776933670044	4.84535551071167	3.3913016319274902	6.90084171295166	7.676932334899902	5.512754917144775	8.302661895751953	0.9772698283195496	0.963805079460144
dem	dem	32	5	2	222,224	b5	5	biology	0	3			0	0	0	0	0	0	0	0	0	0	0	0	ART	dem	3.0	art	d	1.0	dem	1.0	5100.87323987	5616.24656993	80100.3069113	5616.24656993	0.428085856899	6562.36605229	9206.65119996	6667.98683292	1002.148991	1098350.78654	2107258.1957	260311.257794	170837.935256	214520.302265	48324.4719561	110461.430317	53801.2331077	5810.24119451	0.0776634434188	0.228051977566	43473.0753814	1.2842575707	43630.2003997	29.966009983	43473.0753814	1.2842575707	43925.3698019	41.0962422623	1.6196473836898804	1.732647180557251	1.079798936843872	1.2157459259033203	1.1154813766479492	1.3865580558776855	0.9854556322097778	1.9167383909225464	0.15846668183803558	0.23632307350635529
Prion	Prion	33	6	2	225,229	b5	5	biology	0	5			0	0	0	0	0	0	0	1	0	0	0	0	NN	Prion	5.0	nn	Prion	5.0	pri-on	2.0	0.04087539498	0.04087539498	0.04087539498	41.1042971919	18.8357777036	0.504273719775	0.0775921600881	3574.03008594	12975.2823226	1309542.43372	3018939.37448	260640.500926	472893.175455	228289.669569	327622.668002	10343.3797233	3039.31451897	422.422681881	8.4866e-05	0.0935278122	3.84228712812	2.5685151414	3.92403791808	4.70894442589	3.91586283908	2.9966009983	4.10388965599	6.84937371039	14.197412490844728	0.1389063596725464	12.2357816696167	0.5729921460151672	13.440659523010254	1.9245188236236572	13.392711639404297	0.7037393450737	0.4399482198059559	0.01241125508386176
die	die	34	7	2	230,232	b5	5	biology	0	3			0	0	0	0	0	0	0	0	0	0	0	0	ART	die	3.0	art	d	1.0	die	1.0	20527.116504	24520.1275636	80100.3069113	24520.1275636	0.428085856899	9091.29875697	30440.211361	33694.5118659	1928.95487119	1361337.08551	2613060.47141	356516.797331	303924.26305	343523.065172	189343.230678	110461.430317	29991.8223867	29048.3692201	0.0938387928357	0.266249299869	0.0	0.0	15201.9436218	35.5311261227	0.0	0.0	15852.8515865	58.2196765383	4.633272171020508	2.7315833568573	4.822538375854492	0.6767177581787109	3.7934646606445312	2.564966917037964	3.446584701538086	2.3369922637939453	0.005660694558173418	0.0028892699629068375
Fähigkeit	Fähigkeit,	35	8	2	233,241	b5	5	biology	0	9		$,	0	0	0	0	0	0	0	0	0	0	0	0	NN	Fähigkeit	9.0	nn	Fähigkeit	9.0	fä-hig-keit	3.0	27.7952685864	27.7952685864	44.3743287902	29.1359815417	10.2740605656	165.275711656	51.2728993862	2745.01167512	7605.37333368	2225408.44473	5026724.11579	263142.353051	463716.727027	134763.626624	176056.301852	11807.4546207	258.651324354	62.0243243426	0.00621262472353	0.0991584686217	0.0	0.0	3.27820667739	1.2842575707	0.0	0.0	3.28638175639	1.7123434276	2.162355661392212	0.4922513961791992	1.1871588230133057	0.2517558634281158	3.7539844512939453	2.059770107269287	0.8765183091163635	0.6470748782157898	30.38249334692955	31.38924750685692
sich	sich	36	9	2	243,246	b5	5	biology	0	4			0	0	1	0	0	0	0	0	0	0	0	0	PRF	sich	4.0	prf	sich	4.0	sich	1.0	6557.46793998	6557.46793998	6566.55045274	6557.81946837	0.856171713799	6282.99841154	11211.8033194	6926.29480396	1064.22144025	990057.517976	2298056.06212	287477.77288	411907.636196	194753.386357	108862.23341	48925.779496	15113.3748159	6879.41072592	0.109257424523	0.373105981887	0.0	0.0	1254.85010065	21.404292845	0.0	0.0	4636.93750684	29.5379241261	1.981338262557984	2.54239821434021	1.6769638061523438	2.8898987770080566	2.3573317527770996	1.7067511081695557	1.3246926069259644	1.2819072008132935	1.3648641109466553	0.7707364559173584
durch	durch	37	10	2	247,251	b5	5	biology	0	5			0	0	0	0	0	0	0	0	0	0	0	0	APPR	durch	5.0	appr	durch	5.0	durch	1.0	2265.55146708	2302.17582098	2421.46657369	2302.66632572	6.84937371039	4479.71558962	3888.06554986	3354.08776063	2913.1242562	1088066.18564	2327777.207	307334.132327	365429.926626	203764.587907	61067.3036584	110461.430317	3873.65490622	2945.03133291	0.0339580104325	0.23931799428	0.0	0.0	119.413378894	9.41788885179	0.0	0.0	139.7284502	15.8391767053	4.061692714691162	4.207971572875977	3.781440258026123	3.9798836708068848	4.054496765136719	4.083767890930176	4.0703125	4.017635345458984	0.6061597466468811	0.3969280421733856
Autokatalyse	Autokatalyse	38	11	2	252,263	b5	5	biology	0	12			0	0	0	0	0	0	0	1	0	0	0	0	NN	Autokatalyse	12.0	nn	Autokatalyse	12.0	au-to-ka-taly-se	5.0	0.0572255529719	0.0572255529719	0.0654006319679	5.95963258808	68.4937371039	0.378205289831	0.108629024123	16480.6322528	60428.5995599	2627618.23562	6828480.12397	273483.2312	575319.566092	164995.534731	247833.029392	19822.5963712	5396.67212318	243.396626948	1.33122857143e-05	0.0131222994286	0.0	0.0	0.0	0.0	0.0	0.0	0.00817507899599	0.428085856899	7.472489833831787	4.0681633949279785	5.1955766677856445	3.667083978652954	26.917678833007812	24.08028793334961	16.536319732666016	16.664043426513672	6.132880300283432	7.408277079463005
von	von	39	12	2	264,266	b5	5	biology	0	3			0	0	0	0	0	0	0	0	0	0	0	0	APPR	von	3.0	appr	von	3.0	von	1.0	7955.34104766	7955.34104766	8265.3727435	7955.34104766	0.428085856899	7856.20634881	12401.4928732	8585.23905938	340.756342092	620899.645044	1436353.90714	258695.641457	333765.271963	253104.606831	264495.4152	23102.1601118	13320.2529889	7993.18348833	0.0874371201871	0.312235645495	0.0	0.0	3224.03042889	30.8221816968	0.0	0.0	3276.15473257	38.9558129779	4.1740312576293945	3.626510858535767	3.8510048389434814	3.503259658813477	3.3961551189422607	3.2689785957336426	3.595767021179199	3.414409637451172	0.04405722767114639	0.11497699469327927
einem	einem	40	13	2	267,271	b5	5	biology	0	5			0	0	0	0	0	0	0	0	0	0	0	0	ART	einem	5.0	art	eine	4.0	ei-nem	2.0	1782.61685047	1790.34230012	17543.4333976	7303.86082739	14.1268332777	3919.97176067	3153.9350864	17827.7708202	6388.75332837	2493277.74291	5201994.02392	301314.568235	387807.68671	171268.730649	89262.7505372	45007.5949345	21503.4825387	20569.6023896	0.0251622544387	0.156656778568	4450.57840605	0.856171713799	5459.35045384	11.5583181363	9052.86175303	1.2842575707	10785.1855175	20.9762069881	2.7988667488098145	1.8510159254074097	2.3626575469970703	1.5749832391738892	3.5906128883361816	3.482670783996582	3.8488051891326904	2.2944281101226807	0.2932770550251007	0.21907511353492737
Wildtypprotein	Wildtypprotein	41	14	2	272,285	b5	5	biology	0	14			0	0	0	0	0	0	0	1	0	0	0	0	NN	Wildtypprotein	14.0	nn	Wildtypprotein	14.0	wild-typ-pro-te-in	5.0																													20.110570907592773	19.165151596069336	15.075380325317385	13.598516464233398	56.80443572998047	53.04146957397461	40.088096618652344	35.388824462890625	13.683588356943801	0.012066497045452707
zum	zum	42	15	2	286,288	b5	5	biology	0	3			0	0	0	0	0	0	0	0	0	0	0	0	APPRART	zum	3.0	apprart	zum	3.0	zum	1.0	1651.97908812	1651.97908812	1753.17839101	1651.97908812	0.428085856899	4157.73681955	2949.09178377	1759.48955199	40.6681564054	334500.075158	796971.292562	79591.3101428	74215.1045814	74055.9396294	41125.3521006	19838.2434724	15326.7362026	1754.61720491	0.0446728863733	0.258942942311	1694.48949889	0.428085856899	1814.22988095	26.9694089847	12615.7737315	1.2842575707	12735.6694401	30.8221816968	2.3777847290039062	4.352021217346191	3.467863082885742	5.0600409507751465	2.867225170135498	3.205244541168213	3.436755657196045	4.404274940490723	0.12373928725719452	0.16314539313316345
Prionenprotein	Prionenprotein	43	16	2	289,302	b5	5	biology	0	14			0	0	0	0	0	0	0	1	0	0	0	0	NN	Prionenprotein	14.0	nn	Prionenprotein	14.0	pri-o-nen-pro-te-in	6.0																													8.837505340576172	6.18062686920166	5.89732551574707	8.190689086914062	17.047805786132812	9.918976783752441	9.538552284240723	9.450826644897461	1.4660262633133243	0.22192672269011382
umzuwandeln	umzuwandeln.	44	17	2	303,313	b5	5	biology	0	11		$.	0	0	0	0	1	1	0	0	0	0	0	0	VVIZU	umzuwandeln	11.0	vvizu	umwandeln	9.0	um-zu-wan-deln	4.0	2.26449688189	2.26449688189	12.9002746557	7.37392125439	16.6953484191	30.6346284763	4.29860566888	20549.5897962	22955.2479045	2920460.49533	6313109.70128	502507.505193	723837.960941	265694.75169	343062.440603	32509.3788389	2649.44500165	34.0573790973	0.0850915900906	0.413779260975	0.0	0.0	0.0	0.0	0.0	0.0	0.0	0.0	2.1997525691986084	1.824313282966613	1.762762427330017	1.8599936962127688	3.9364402294158936	3.5070080757141113	2.3189425468444824	2.157475471496582	28.762181644306565	29.60034408918
Dieses	Dieses	45	1	3	315,320	b5	5	biology	0	6			0	0	0	1	0	0	0	0	0	0	0	0	PDAT	Dieses	6.0	pdat	diese	5.0	die-ses	2.0	72.1614222976	84.7755691884	4932.97346745	345.527888845	26.9694089847	509.442525403	160.817510999	34799.6190446	5123.75962123	2473910.67011	5495608.26719	308329.807899	536669.406416	133900.935063	192849.253846	19121.5915224	6400.40832231	5199.86527143	0.0035875798776	0.0175299729625	647.180128718	0.856171713799	679.013886328	8.56171713799	1019.66125301	1.2842575707	1051.59311157	11.5583181363	13.770069122314451	4.295218467712402	17.81528091430664	3.5685977935791016	5.41286563873291	4.14390230178833	5.444886207580566	4.634235382080078	0.93163001537323	0.49492591619491577
Ereignis	Ereignis	46	2	3	321,328	b5	5	biology	0	8			0	0	0	0	0	0	0	0	0	0	0	0	NN	Ereignis	8.0	nn	Ereignis	8.0	e-reig-nis	3.0	21.9746123412	21.9746123412	77.7777015679	23.3889010075	9.84597470869	154.812031971	40.7358840463	6976.4489136	27889.3654911	2744442.23181	6107452.54668	283586.68053	589794.433172	104238.527484	200848.466168	14903.9783425	4656.05084154	87.4488200201	0.0379581775103	0.214856203607	0.0	0.0	0.188026816908	0.856171713799	0.0	0.0	0.28612776486	2.9966009983	6.001227378845215	4.725714206695557	8.779001235961914	3.430382490158081	7.704677104949951	7.738867282867432	7.815420627593994	6.920087814331055	2.7714498043060303	4.931049823760986
kann	kann	47	3	3	329,332	b5	5	biology	0	4			0	0	0	0	0	0	0	0	0	0	0	0	VMFIN	kann	4.0	vmfin	können	6.0	kann	1.0	1325.79343618	1325.79343618	3346.01895766	1326.12861441	3.8527727121	2506.87072943	2422.9859015	1631.77846792	157.107509482	1243505.69068	2838879.6137	271586.114193	396834.305088	224930.07998	258268.906412	11052.747678	2573.61296889	1463.46994155	0.0336937487676	0.238078476838	0.0	0.0	1934.49346806	19.6919494174	0.0	0.0	1937.19124413	26.1132372709	4.632169246673584	2.7418696880340576	3.3000588417053223	2.884369373321533	3.5778887271881104	2.449155807495117	4.140670299530029	2.27655029296875	0.017245693132281303	0.005055620335042477
spontan	spontan	48	4	3	333,339	b5	5	biology	0	7			0	0	0	0	0	0	0	0	0	0	0	0	ADJD	spontan	7.0	adjd	spontan	7.0	spon-tan	2.0	5.5100032433	5.5100032433	12.7367730758	9.1806137125	10.2740605656	43.2414714707	10.3352757237	512.291325284	1826.64235139	1883498.25724	4672885.46991	355033.25757	595519.225336	258139.16383	284954.922559	48925.779496	1656.81873488	34.4334327311	0.0156029789896	0.166074843999	0.0	0.0	0.196201895904	0.428085856899	0.0	0.0	2.99207891253	1.2842575707	9.80409812927246	4.924904823303223	9.70513916015625	4.075201034545898	8.418941497802734	7.823516368865967	8.942303657531738	6.146553993225098	0.0004771374224219471	0.0003674775653053075
oder	oder	49	5	3	340,343	b5	5	biology	0	4			0	0	0	0	0	0	0	0	0	0	0	0	KON	oder	4.0	kon	oder	4.0	o-der	2.0	2382.24254467	2382.24254467	2440.80063552	2382.26706991	1.2842575707	3195.07828849	3786.12496993	46489.2135514	49053.0740845	1447738.97221	3094476.83627	387480.767411	538964.374695	245168.738822	173303.709792	5492.20609632	2385.56980182	2382.69217401	0.0664484844681	0.385688126346	0.0	0.0	81.66903917	10.7021464225	26530.3631386	0.428085856899	26614.3539002	24.4008938433	2.0410940647125244	0.9420359134674072	1.2371234893798828	0.9427638649940492	2.495774269104004	2.4588887691497803	1.436741590499878	0.6529600024223328	0.07011739909648895	0.09316788613796234
durch	durch	50	6	3	344,348	b5	5	biology	0	5			0	0	0	0	0	0	0	0	0	0	0	0	APPR	durch	5.0	appr	durch	5.0	durch	1.0	2265.55146708	2302.17582098	2421.46657369	2302.66632572	6.84937371039	4479.71558962	3888.06554986	3354.08776063	2913.1242562	1088066.18564	2327777.207	307334.132327	365429.926626	203764.587907	61067.3036584	110461.430317	3873.65490622	2945.03133291	0.0339580104325	0.23931799428	0.0	0.0	119.413378894	9.41788885179	0.0	0.0	139.7284502	15.8391767053	3.5236740112304688	1.2351291179656982	2.623906373977661	0.6579548120498657	3.4041123390197754	2.4752626419067383	2.0418195724487305	1.15553879737854	0.26371002197265625	0.4933231472969055
die	die	51	7	3	349,351	b5	5	biology	0	3			0	0	0	0	0	0	0	0	0	0	0	0	ART	die	3.0	art	d	1.0	die	1.0	20527.116504	24520.1275636	80100.3069113	24520.1275636	0.428085856899	9091.29875697	30440.211361	33694.5118659	1928.95487119	1361337.08551	2613060.47141	356516.797331	303924.26305	343523.065172	189343.230678	110461.430317	29991.8223867	29048.3692201	0.0938387928357	0.266249299869	0.0	0.0	15201.9436218	35.5311261227	0.0	0.0	15852.8515865	58.2196765383	3.1647257804870605	2.4673173427581787	2.983284473419189	2.6847527027130127	2.587526321411133	2.576080322265625	3.104788303375244	2.671189785003662	0.03228610381484032	0.04437896981835365
Aufnahme	Aufnahme	52	8	3	352,359	b5	5	biology	0	8			0	0	0	0	0	0	0	0	0	0	0	0	NN	Aufnahme	8.0	nn	Aufnahme	8.0	auf-nah-me	3.0	43.4914202587	43.4914202587	49.8352815596	261.283699791	67.2094795332	345.805703336	81.006215132	13704.8904557	26681.7352888	2072137.83719	4650347.60572	214931.892967	367185.506725	164623.44601	235064.512539	19822.5963712	5396.67212318	1676.8558535	0.0107749507092	0.134480251329	0.0	0.0	40.6710180051	1.7123434276	0.0	0.0	47.2764818338	4.28085856899	6.865958213806152	4.621520519256592	5.129775524139404	6.246459484100342	5.268238544464111	4.048599720001221	5.064645767211914	4.231500625610352	2.0218069553375244	2.6206650733947754
eines	eines	53	9	3	360,364	b5	5	biology	0	5			0	0	0	0	0	0	0	0	0	0	0	0	ART	eines	5.0	art	eine	4.0	ei-nes	2.0	964.814648028	996.591180085	17543.4333976	7303.86082739	14.1268332777	2911.67645798	1770.37376144	17195.1259819	8521.04898158	2656542.58071	5696942.18272	367047.786942	545487.118897	215066.422067	203192.664321	45007.5949345	21503.4825387	20569.6023896	0.0495844122944	0.245308794672	6240.92070617	1.2842575707	6269.57435805	14.9830049915	10843.2040532	1.7123434276	11254.5822033	25.685151414	1.4731301069259644	1.291609764099121	2.6961119174957275	1.1225148439407349	1.2499278783798218	2.343381404876709	1.265857219696045	2.391493797302246	0.06031154468655586	0.016796709969639778
anderen	anderen	54	10	3	365,371	b5	5	biology	0	7			0	0	0	0	0	0	0	0	0	0	0	0	ADJA	anderen	7.0	adja	ander	5.0	an-de-ren	3.0	552.13666031	619.581062027	1102.139625	911.341456315	20.1200352743	1895.94311792	1144.60850876	36966.1621299	73729.6552197	3294494.98274	6949437.49518	826669.040274	1418217.62173	467734.226253	600490.158306	41334.1231877	8435.34898599	1916.32026745	0.00754697456277	0.0962284664744	0.0	0.0	297.041495319	6.42128785349	0.0	0.0	890.05355061	10.7021464225	4.702254295349121	2.5228869915008545	4.503189086914063	2.9749622344970703	3.918733596801758	4.265552520751953	3.807596445083618	2.784090518951416	4.305778503417969	1.9935569763183594
Prions	Prions	55	11	3	372,377	b5	5	biology	0	6			0	0	0	0	0	0	0	1	0	0	0	0	NN	Prions	4.0	nn	Prion	5.0	pri-ons	2.0			0.04087539498																										14.862570762634276	2.052384853363037	14.194390296936035	0.4042235910892486	19.712377548217773	6.653849124908447	20.72785186767578	7.117513656616211	10.61647915840149	0.1745588704943657
erfolgen	erfolgen.	56	12	3	378,385	b5	5	biology	0	8		$.	0	0	0	0	0	1	0	0	0	0	0	0	VVINF	erfolgen	8.0	vvinf	erfolgen	8.0	er-fol-gen	3.0	40.4748161092	40.5647419781	139.64669941	251.130251678	32.1064392675	356.143314591	76.583462007	38130.710308	64583.600887	2841118.15722	6503128.45144	671135.211171	1207009.47782	411223.927292	503277.42532	45007.5949345	12349.7403108	736.043237404	0.0469163033988	0.312186085989	0.0	0.0	5.3056262684	1.2842575707	0.0	0.0	40.0006615274	4.28085856899	2.089214563369751	1.6066919565200806	4.650516033172607	2.292677640914917	2.723421335220337	2.2795615196228027	3.3639206886291504	2.6190221309661865	29.3428213596344	30.724090099334717
Die	Die	57	1	4	387,389	b5	5	biology	0	3			0	0	0	1	0	0	0	0	0	0	0	0	ART	Die	3.0	art	d	1.0	die	1.0	4044.09712821	4092.99227569	80100.3069113	4092.99227569	0.428085856899	7006.50513099	7668.65043956	33694.5118659	1928.95487119	1162034.30857	2398782.95191	235702.357048	295575.732669	203871.746843	202066.798517	19121.5915224	6400.40832231	5199.86527143	0.05895410862	0.0848217844714	29483.8638533	0.856171713799	35483.8322812	32.5345251244	29483.8638533	0.856171713799	35649.500257	46.661358402	14.877184867858888	2.3893465995788574	15.74546241760254	1.7405574321746826	2.596067428588867	3.1015658378601074	2.6906278133392334	2.7441823482513428	0.008173232898116112	0.03508025407791138
Ausbildung	Ausbildung	58	2	4	390,399	b5	5	biology	0	10			0	0	0	0	0	0	0	0	0	0	0	0	NN	Ausbildung	10.0	nn	Ausbildung	10.0	aus-bil-dung	3.0	53.6039929767	53.6039929767	53.9636964525	300.712105789	250.002140429	289.327046721	97.9833797593	9331.58289632	17716.3331878	2086939.62705	4730798.20889	199178.066113	520036.558532	101279.745669	255158.00649	19822.5963712	5396.67212318	2004.56207013	0.0245731339407	0.153625653254	0.0	0.0	0.188026816908	2.1404292845	0.0	0.0	0.351528396828	4.28085856899	7.666297912597656	7.673720359802246	7.1493306159973145	5.3131513595581055	6.48974609375	7.811873912811279	6.561080455780029	7.32578182220459	2.051262378692627	2.5808119773864746
amyloider	amyloider	59	3	4	400,408	b5	5	biology	0	9			0	0	0	0	0	0	0	1	0	0	0	0	ADJA	amyloider	9.0	adja	amyloid	7.0	a-my-lo-i-der	5.0																													24.85588264465332	12.593405723571776	27.12567138671875	9.940614700317385	28.67022705078125	27.90332794189453	26.316747665405273	19.506649017333984	4.563920229673386	0.7082135278687929
Fasern	Fasern	60	4	4	409,414	b5	5	biology	0	6			0	0	0	0	0	0	0	0	1	0	0	0	NN	Fasern	6.0	nn	Faser	5.0	fa-sern	2.0	5.86970671912	5.86970671912	8.11785344302	13.8404087402	13.2706615639	25.9700965684	10.3197572917	978.581481057	5650.73331107	2112157.66111	4895235.8325	440931.878236	768989.888612	225704.480688	323971.523729	11807.4546207	1447.17700911	128.275164526	0.0768758644123	0.355069625398	0.0	0.0	1.90479340607	3.4246868552	0.0	0.0	4.32461678888	5.56511613969	11.55038070678711	8.003181457519531	9.836403846740724	3.8987770080566406	12.268187522888184	7.908910274505615	7.460620403289795	8.041471481323242	0.017515356885269284	0.006658075959421694
und	und	61	5	4	415,417	b5	5	biology	0	3			0	0	0	0	0	0	0	0	0	0	0	0	KON	und	3.0	kon	und	3.0	und	1.0	22313.7473183	22313.7473183	23398.5884761	22313.7473183	0.428085856899	9064.0679761	29467.6401896	23513.5137367	723.037012303	869972.90787	1656300.13956	195202.966651	251153.263298	160187.509171	58920.0250002	32509.3788389	28906.6542257	22352.5789435	0.120238001286	0.419307858966	0.0	0.0	2201.34439665	22.6885504157	0.0	0.0	2454.42031712	42.8085856899	3.184140682220459	3.053896427154541	2.98230504989624	2.546527862548828	3.6536896228790283	3.527446985244751	3.0612239837646484	2.860910177230835	0.05428259074687958	0.060584791004657745
der	der	62	6	4	418,420	b5	5	biology	0	3			0	0	0	0	0	0	0	0	0	0	0	0	ART	der	3.0	art	d	1.0	der	1.0	24738.5901996	26530.3631386	80100.3069113	26530.3631386	0.428085856899	9372.80956103	30912.3596552	38163.5169	19310.096833	1332151.97174	2710999.66609	487983.455471	535760.152056	398226.025843	178781.068331	110461.430317	53801.2331077	27238.2432288	0.129811235347	0.318759302208	0.0	0.0	25590.4497812	36.8153836934	0.0	0.0	33289.1996244	55.22307554	2.3234903812408447	2.625852584838867	2.6794097423553467	2.874633312225342	3.822150468826294	2.2118477821350098	3.1032817363739014	2.2338924407958984	0.11732824146747589	0.287907212972641
infektiöse	infektiöse	63	7	4	421,430	b5	5	biology	0	10			0	0	0	0	0	0	0	1	0	0	0	0	ADJA	infektiöse	10.0	adja	infektiös	9.0	in-fek-ti-ö-se	5.0	0.212552053896	0.212552053896	0.743932188635	12.6550222858	29.5379241261	1.38675272938	0.403479232458	38737.9388257	89115.4890025	3437812.75042	7636724.20141	331208.600327	547332.16894	194869.578755	205500.903261	37971.7622471	15391.66268	108.123594801	0.00313013007692	0.327036710923	0.0	0.0	0.024525236988	0.428085856899	0.261602527872	0.428085856899	0.515029976748	2.1404292845	12.3064603805542	5.7931318283081055	13.754071235656738	7.306852340698242	12.75135326385498	9.672924041748047	11.095772743225098	8.782879829406738	0.025652197713498026	0.0008447933232673677
Charakter	Charakter	64	8	4	431,439	b5	5	biology	0	9			0	0	0	0	0	0	0	0	0	0	0	0	NN	Charakter	9.0	nn	Charakter	9.0	cha-rak-ter	3.0	81.0640833243	81.0640833243	99.0002066415	107.894692589	101.884433942	385.265121908	151.335749036	11390.2966897	33043.0911224	2486978.77914	6095992.68829	432745.002601	894947.730717	218806.136479	235225.044735	2901.18020918	1099.78520225	351.634672855	0.0522443077267	0.328449779374	0.0	0.0	0.588605687711	1.2842575707	0.0	0.0	18.6800555058	6.42128785349	9.0032320022583	0.6946223974227905	3.3030850887298584	1.8535866737365725	5.596168041229248	3.6221282482147217	5.1759419441223145	2.077052593231201	4.949549198150635	2.569291830062866
sind	sind	65	9	4	440,443	b5	5	biology	0	4			0	0	0	0	0	0	0	0	0	0	0	0	VAFIN	sind	4.0	vafin	sein	4.0	sind	1.0	2296.19983824	2298.63601178	17044.4184006	2302.62545033	5.99320199659	4304.10226671	4116.7606825	2333.22477101	26.1132372709	1332047.00373	2728807.18157	249282.495798	286785.417683	144872.038227	66814.7843732	48925.779496	15113.3748159	2467.07533941	0.0559257789967	0.326343386708	0.0	0.0	259.885761283	20.9762069881	0.0	0.0	267.325083169	26.5413231278	4.782248497009277	2.7697577476501465	5.8275980949401855	2.942868232727051	2.1519131660461426	2.556849956512451	3.291254997253418	2.351193904876709	0.0426974855363369	0.0799485445022583
eng	eng	66	10	4	444,446	b5	5	biology	0	3			0	0	0	0	0	0	0	0	0	0	0	0	ADJD	eng	3.0	adjd	eng	3.0	eng	1.0	32.700315984	32.700315984	136.164115757	32.700315984	0.428085856899	222.762915711	61.7478409981	226.335237083	327.913766385	1378247.02386	2953027.42318	288540.369648	586589.782447	94092.9683227	113245.404498	45007.5949345	2892.41652449	312.525094938	0.0147950468239	0.199523816146	0.0	0.0	6.71991493471	14.1268332777	33.3297970667	0.428085856899	64.9019521492	29.5379241261	6.766200065612793	4.610050678253174	6.594156265258789	4.633899211883545	4.3245744705200195	4.607623100280762	4.795985221862793	4.517033100128174	0.051495347172021866	0.08594026416540146
miteinander	miteinander	67	11	4	447,457	b5	5	biology	0	11			0	0	0	0	0	0	0	0	0	0	0	0	ADV	miteinander	11.0	adv	miteinander	11.0	mi-tei-nan-der	4.0	59.9723795146	59.9723795146	60.1358810945	133.646191426	192.210549748	279.241572325	112.260337216	43363.5374979	40574.8336886	4418811.20993	9460836.1373	805487.729423	1338509.31943	352335.170849	321749.330046	21052.512481	9522.82251927	6974.74032209	0.0250124247131	0.257379110088	0.0	0.0	1.64319087819	0.428085856899	0.0	0.0	1.65954103619	1.2842575707	0.7418202757835388	1.067487359046936	0.3228415548801422	0.625522255897522	0.725310206413269	0.8623063564300537	0.1654040664434433	0.29992392659187317	0.005954503081738949	0.002160359639674425
verknüpft	verknüpft.	68	12	4	458,466	b5	5	biology	0	9		$.	0	0	0	0	0	1	0	0	0	0	0	0	VVPP	verknüpft	9.0	vvpp	verknüpfen	10.0	ver-knüpft	2.0	12.8512241817	13.5951563703	17.4864939724	1957.40821448	792.815006978	103.754317844	25.7916340133	15323.7522988	39550.4242331	2075485.55657	4893129.222	306544.059993	544930.607283	133565.903976	147172.492915	23102.1601118	7335.96436261	7300.98319958	0.0466598378611	0.36365178164	0.0	0.0	0.12262618494	2.1404292845	0.0	0.0	1.35706311333	3.4246868552	0.8851114511489868	1.392202854156494	2.03516173362732	1.430961847305298	1.2005548477172852	1.4278229475021362	1.4836094379425049	1.442267656326294	29.031429767608643	29.009356021881104
Der	Der	69	1	5	468,470	b5	5	biology	0	3			0	0	0	1	0	0	0	0	0	0	0	0	ART	Der	3.0	art	d	1.0	der	1.0	2141.38019221	2185.87714719	80100.3069113	2185.87714719	0.428085856899	5425.85915635	4106.146075	38163.5169	19310.096833	1132849.1948	2496722.14659	301670.887228	455146.876258	217819.682397	167619.157698	19121.5915224	4739.26497064	2226.87516835	0.0321666594225	0.0561990820768	26530.3631386	0.428085856899	27381.593239	33.8187826951	31474.0214343	0.856171713799	32362.4890195	46.2332725451	15.986560821533203	3.986765861511232	15.557666778564451	3.4178595542907715	3.3578548431396484	3.792160987854004	3.4370763301849365	4.36956787109375	0.0021208669058978558	0.005933290813118219
Begriff	Begriff	70	2	5	471,477	b5	5	biology	0	7			0	0	0	0	0	0	0	0	0	0	0	0	NN	Begriff	7.0	nn	Begriff	7.0	be-griff	2.0	105.916323472	106.047124736	176.426379813	113.494621701	18.8357777036	323.743728096	191.109490297	22693.103684	47737.1381604	1768223.31589	4021919.70822	83032.1273165	230921.497616	41324.1495913	86204.0770897	17498.1271098	8127.15668292	507.361752649	0.0158042936262	0.145913948133	0.0	0.0	14.7233172718	1.7123434276	0.0	0.0	68.0084821677	5.56511613969	4.595151901245117	3.101157188415528	4.957806587219238	1.641301512718201	4.826431751251221	3.8986260890960693	4.864977836608887	3.114595413208008	0.040942683815956116	0.04276430606842041
Amyloid	Amyloid	71	3	5	478,484	b5	5	biology	0	7			0	0	0	0	0	0	0	1	0	0	0	0	NN	Amyloid	7.0	nn	amyloid	7.0	a-my-lo-id	3.0		0.0572255529719		0.621306003695	5.99320199659	0.504273719775	0.108629024123	2373.19273222	13289.4973416	1004965.42853	2250952.06295	69231.8663893	112035.205781	59522.76652	66620.0053083	19822.5963712	778.349271208	2.55062464675	9.18524285714e-05	0.00157975828571	0.0	0.0	0.0	0.0	0.0	0.0	0.00817507899599	0.428085856899	12.711997985839844	7.697800159454346	14.43557357788086	7.579352855682373	13.72856330871582	10.910563468933105	12.932332038879395	10.626093864440918	1.5742460060864687	0.43548984674089297
ist	ist	72	4	5	485,487	b5	5	biology	0	3			0	0	0	0	0	0	0	0	0	0	0	0	VAFIN	ist	3.0	vafin	sein	4.0	ist	1.0	6193.1128442	6201.98280491	17044.4184006	6201.98280491	0.428085856899	5647.61352462	10628.2947571	6392.98535058	321.920564388	917956.027182	2251465.76597	202181.475685	311508.232091	153618.244592	108375.49979	37971.7622471	6331.86028492	6216.50992029	0.0707295422332	0.285080866351	0.0	0.0	174.505236248	21.8323787019	0.0	0.0	350.048707529	42.380499833	2.666574001312256	2.921485185623169	5.351634979248047	2.260438919067383	1.9169209003448486	1.5226914882659912	3.9959259033203125	2.3042216300964355	0.02689593844115734	0.06399472057819366
allgemein	allgemein	73	5	5	488,496	b5	5	biology	0	9			0	0	0	0	0	0	0	0	0	0	0	0	ADJD	allgemein	9.0	adjd	allgemein	9.0	all-ge-mein	3.0	54.2007737434	54.2007737434	322.171688153	91.1521308053	57.3635048245	339.502281839	102.018172084	45087.849685	96959.7342443	3206173.25231	7260778.34571	549719.886232	868474.901326	322471.550051	324132.055925	41334.1231877	9001.42415599	3625.86826186	0.0107651622105	0.154299885422	0.0	0.0	3.65426031121	0.428085856899	64.9101272282	0.428085856899	68.6379632504	2.9966009983	5.940546035766602	5.082917213439941	5.42606782913208	5.429535388946533	5.308876037597656	4.919804096221924	5.606038570404053	5.674874782562256	0.9468189477920532	1.0109145641326904
gehalten	gehalten	74	6	5	497,504	b5	5	biology	0	8			0	0	0	0	0	0	0	0	0	0	0	0	VVPP	gehalten	8.0	vvpp	halten	6.0	ge-hal-ten	3.0	71.384789793	71.384789793	581.566944696	159.651117713	50.942216971	418.547187413	134.808618937	63681.3065791	146930.19632	3050561.78448	6955348.5047	615496.637234	1171583.23273	402749.337927	539421.57039	23747.2147199	15623.9820749	1423.42022955	0.0372346236532	0.323297085543	0.0	0.0	35.8558964764	7.70554542419	0.0	0.0	39.7308839205	10.2740605656	5.659263610839844	5.295822143554688	8.201272964477539	6.65506649017334	5.7512078285217285	5.281984329223633	6.227622032165527	6.1663923263549805	2.2722973823547363	4.256800174713135
und	und	75	7	5	505,507	b5	5	biology	0	3			0	0	0	0	0	0	0	0	0	0	0	0	KON	und	3.0	kon	und	3.0	und	1.0	22313.7473183	22313.7473183	23398.5884761	22313.7473183	0.428085856899	9064.0679761	29467.6401896	23513.5137367	723.037012303	869972.90787	1656300.13956	195202.966651	251153.263298	160187.509171	58920.0250002	32509.3788389	28906.6542257	22352.5789435	0.120238001286	0.419307858966	0.0	0.0	2201.34439665	22.6885504157	0.0	0.0	2454.42031712	42.8085856899	0.7806292176246643	0.3020558655261993	0.4743350148200989	0.448979914188385	1.0145574808120728	1.07004714012146	0.844711184501648	0.9431688189506531	0.0028484982904046774	0.033831216394901276
umfasst	umfasst	76	8	5	508,514	b5	5	biology	0	7			0	0	0	0	0	0	0	0	0	0	0	0	VVFIN	umfasst	7.0	vvfin	umfassen	8.0	um-fasst	2.0	0.465979502772	0.670356477671	50.7835907231	9.71199384724	8.13363128109	7.94231108646	1.27251142545	3898.6134224	7298.86386014	1414090.25714	3776639.35479	210366.650903	353361.758234	138306.06003	114806.633618	32509.3788389	2649.44500165	143.619787802	0.0683628709878	0.300821940902	1.23443692839	0.428085856899	1.25078708639	0.856171713799	1.23443692839	0.428085856899	1.44698898229	2.1404292845	3.0263142585754395	2.288094520568848	2.331033945083618	1.877901315689087	3.6367383003234863	3.1500113010406494	2.335836887359619	1.9316692352294922	3.0125808715820312	1.8070210218429565
Proteinaggregate	Proteinaggregate,	77	9	5	515,530	b5	5	biology	0	16		$,	0	0	0	0	0	0	0	1	0	0	0	0	NN	Proteinaggregate	16.0	nn	Proteinaggregat	15.0	pro-te-in-ag-gre-ga-te	7.0																													6.524864196777344	4.144041061401367	7.250440120697021	5.410391807556152	21.67881202697754	17.921241760253906	15.721258163452148	13.666169166564941	30.79098678380251	30.604622148443013
die	die	78	10	5	532,534	b5	5	biology	0	3			0	0	1	0	0	0	0	0	0	0	0	0	PRELS	die	3.0	prels	die	3.0	die	1.0	3918.55244007	24520.1275636	10789.1994813	24520.1275636	0.428085856899	9091.29875697	30440.211361	33694.5118659	1928.95487119	1361337.08551	2613060.47141	356516.797331	303924.26305	343523.065172	189343.230678	110461.430317	29991.8223867	29048.3692201	0.0938387928357	0.266249299869	0.0	0.0	15201.9436218	35.5311261227	0.0	0.0	15852.8515865	58.2196765383	0.1908810436725616	0.2172076553106308	0.1892170757055282	0.1101928278803825	0.47549504041671753	0.37821605801582336	0.2572316825389862	0.33822381496429443	0.044841501861810684	0.008580955676734447
auf	auf	79	11	5	535,537	b5	5	biology	0	3			0	0	0	0	0	0	0	0	0	0	0	0	APPR	auf	3.0	appr	auf	3.0	auf	1.0	5092.06867979	5591.37797963	5914.8658555	5591.37797963	0.428085856899	6569.04767908	9351.09676518	8980.91288279	7572.83880855	489216.952266	1286948.94648	95233.9886234	112163.203452	83805.1382611	46267.0913278	41334.1231877	16266.7803613	7317.89743803	0.0692951484301	0.289895292654	0.0	0.0	3235.89246851	19.2638635605	0.0	0.0	3376.16047392	32.5345251244	4.749106407165527	4.432705879211426	4.667550086975098	4.643302917480469	3.7484829425811768	3.9567277431488037	4.25667667388916	3.996011972427368	0.003417368046939373	0.0075496830977499485
eine	eine	80	12	5	538,541	b5	5	biology	0	4			0	0	0	0	0	0	0	0	0	0	0	0	ART	eine	4.0	art	eine	4.0	ei-ne	2.0	4544.81254164	4602.28334698	17543.4333976	4654.20327368	7.70554542419	6231.56249212	7847.29862895	30417.7276523	27062.3036156	2386639.00405	4952915.26469	382524.871022	493577.855975	268757.733063	229873.543438	45007.5949345	21503.4825387	20569.6023896	0.0243873860821	0.18682983564	0.0	0.0	517.016520944	29.1098382692	4999.44503476	0.428085856899	15385.972825	53.5107321124	3.3348259925842285	3.350138902664185	2.380034685134888	2.8153176307678223	3.247750759124756	2.977313756942749	3.553762197494507	3.342949151992798	0.15851876139640808	0.2280122935771942
besondere	besondere	81	13	5	542,550	b5	5	biology	0	9			0	0	0	0	0	0	0	0	0	0	0	0	ADJA	besondere	9.0	adja	besondere	9.0	be-son-de-re	4.0	87.4079446252	87.4079446252	235.311473821	744.357292743	148.117706487	514.107057311	163.843605242	51038.9720159	116693.636076	3812225.3434	8242877.50751	652767.66441	1120563.10414	253739.058362	307489.362066	20337.830725	14068.4280436	3126.49356139	0.00790956526043	0.153562929304	297.450249269	0.428085856899	310.849203744	2.9966009983	297.450249269	0.428085856899	442.484325737	6.84937371039	6.143970012664795	5.616388320922852	7.734925746917725	6.729193687438965	5.623007774353027	5.972045421600342	5.773809432983398	5.97536563873291	3.6280338764190674	3.935483455657959
physikalisch-chemische	physikalisch-chemische	82	14	5	551,572	b5	5	biology	0	22			0	0	0	0	0	0	0	0	0	0	1	0	ADJA	physikalisch-chemische	22.0	adja	physikalisch-chemisch	21.0	physi-ka-lisch-che-mi-sche	6.0	0.269777606868	0.269777606868	0.956484242531	0.400578870804	4.28085856899	1.89102644916	0.512108256582	14673.4656401	51631.8632865	5340460.32088	12534653.5501	877715.966641	1969774.56999	307661.46249	698405.380183	3420.10969861	166.926938019	55.059157038	0.000183075333333	0.135092985939	0.0	0.0	0.016350157992	0.428085856899	0.457804423776	0.428085856899	0.678531556667	2.9966009983	8.623578071594238	7.56273889541626	7.16426420211792	7.266955375671387	9.289254188537598	7.7647786140441895	10.25662612915039	9.025917053222656	30.079915314912796	29.992308735847473
Weise	Weise	83	15	5	573,577	b5	5	biology	0	5			0	0	0	0	0	0	0	0	0	0	0	0	NN	Weise	5.0	nn	Weise	5.0	wei-se	2.0	252.49548987	253.280297454	262.232008954	356.122791223	26.1132372709	1066.79105418	475.267498972	11970.5719719	27927.8932183	2197230.98302	4749440.0637	305363.995515	514439.335953	162274.124509	237654.431973	13240.8075713	4570.94826919	968.428032944	0.086811184636	0.446280519315	0.0	0.0	214.448672223	15.4110908484	0.0	0.0	227.01376864	21.404292845	1.831997275352478	3.4198482036590576	3.098213195800781	1.5985987186431885	3.321629524230957	3.994844436645508	3.600581169128418	4.316115856170654	0.3990997076034546	0.2906211316585541
angeordnet	angeordnet	84	16	5	578,587	b5	5	biology	0	10			0	0	0	0	0	0	0	0	0	0	0	0	VVPP	angeordnet	10.0	vvpp	anordnen	8.0	an-ge-ord-net	4.0	16.6689860728	16.6689860728	23.7649546414	353.997270684	190.49820632	149.391089483	31.4868985638	57154.3398588	116595.604414	3821811.66176	8449237.151	371010.697361	702035.976335	162994.152767	173893.184017	41334.1231877	8435.34898599	1078.74254892	0.0632391135032	0.347109537347	0.0	0.0	0.874733452571	2.1404292845	0.0	0.0	2.73865146366	2.5685151414	3.0689079761505127	3.197721242904663	3.2249696254730225	3.327719688415528	6.234580993652344	6.466352462768555	3.473088026046753	3.169616222381592	4.894372463226318	5.533810615539551
sind	sind:	85	17	5	588,591	b5	5	biology	0	4		$.	0	0	0	0	1	0	0	0	0	0	0	0	VAFIN	sind	4.0	vafin	sein	4.0	sind	1.0	2296.19983824	2298.63601178	17044.4184006	2302.62545033	5.99320199659	4304.10226671	4116.7606825	2333.22477101	26.1132372709	1332047.00373	2728807.18157	249282.495798	286785.417683	144872.038227	66814.7843732	48925.779496	15113.3748159	2467.07533941	0.0559257789967	0.326343386708	0.0	0.0	259.885761283	20.9762069881	0.0	0.0	267.325083169	26.5413231278	3.9209816455841056	4.222057342529297	4.422009468078613	4.034121036529541	4.489807605743408	4.926255226135254	5.093619346618652	5.7730607986450195	29.659038707613945	22.744323886930943
eine	eine	86	1	6	593,596	b5	5	biology	0	4			0	0	1	0	0	0	0	0	0	0	0	0	ART	eine	4.0	art	eine	4.0	ei-ne	2.0	4544.81254164	4602.28334698	17543.4333976	4654.20327368	7.70554542419	6231.56249212	7847.29862895	30417.7276523	27062.3036156	2386639.00405	4952915.26469	382524.871022	493577.855975	268757.733063	229873.543438	45007.5949345	21503.4825387	20569.6023896	0.0243873860821	0.18682983564	0.0	0.0	517.016520944	29.1098382692	4999.44503476	0.428085856899	15385.972825	53.5107321124	16.499271392822266	3.154834032058716	18.439502716064453	3.216423749923706	8.206774711608887	4.195557594299316	8.047924041748047	5.257803916931152	0.984897792339325	0.5989061594009399
Fadenform	Fadenform,	87	2	6	597,605	b5	5	biology	0	9		$,	0	0	0	0	1	0	0	0	1	0	0	0	NN	Fadenform	9.0	nn	Fadenform	9.0	fa-den-form	3.0	0.00817507899599	0.00817507899599	0.00817507899599	0.719406951647	8.13363128109	0.126068429944	0.0155184320176	24644.2906634	29145.3693953	2351362.39367	5225037.02943	357271.504273	681261.397786	76680.2217379	115943.629654	11807.4546207	1447.17700911	16.0068046742	6.2e-07	0.5	0.0	0.0	0.00817507899599	0.428085856899	0.0	0.0	0.00817507899599	0.428085856899	21.587024688720703	13.022347450256348	23.433807373046875	12.287622451782228	23.69400405883789	20.035356521606445	21.525541305541992	14.977506637573242	26.138990331441164	27.061610266566277
in	in	88	3	6	607,608	b5	5	biology	0	2			0	0	1	0	0	0	0	0	0	0	0	0	APPR	in	2.0	appr	in	2.0	in	1.0	13129.4221199	13165.4578681	14298.1641135	0.0	0.0	8527.89894355	19687.5208529	18583.5486983	15158.092107	842500.587604	1735372.30627	309490.415689	350022.68855	273957.116004	252232.89583	37971.7622471	15391.66268	-0.00817507899599	0.0682365415668	0.281559937821	0.0	0.0	9683.14399346	42.380499833	0.0	0.0	17389.6438116	75.7711966712	3.1217193603515625	3.318026542663574	3.653989791870117	2.6846513748168945	2.5568010807037354	4.370186805725098	2.9610836505889893	3.216095209121704	0.04278029501438141	0.02959905005991459
der	der	89	4	6	609,611	b5	5	biology	0	3			0	0	0	0	0	0	0	0	0	0	0	0	PRELS	der	3.0	prels	die	3.0	der	1.0	1728.17899944	26530.3631386	10789.1994813	26530.3631386	0.428085856899	9372.80956103	30912.3596552	38163.5169	19310.096833	1332151.97174	2710999.66609	487983.455471	535760.152056	398226.025843	178781.068331	110461.430317	53801.2331077	27238.2432288	0.129811235347	0.318759302208	0.0	0.0	25590.4497812	36.8153836934	0.0	0.0	33289.1996244	55.22307554	0.3521360456943512	0.2875101566314697	0.6824955940246582	0.233080506324768	0.3134165108203888	0.5368194580078125	0.2879237234592438	0.18351922929286957	0.008751963265240192	0.015194620005786419
zum	zum	90	5	6	612,614	b5	5	biology	0	3			0	0	0	0	0	0	0	0	0	0	0	0	APPRART	zum	3.0	apprart	zum	3.0	zum	1.0	1651.97908812	1651.97908812	1753.17839101	1651.97908812	0.428085856899	4157.73681955	2949.09178377	1759.48955199	40.6681564054	334500.075158	796971.292562	79591.3101428	74215.1045814	74055.9396294	41125.3521006	19838.2434724	15326.7362026	1754.61720491	0.0446728863733	0.258942942311	1694.48949889	0.428085856899	1814.22988095	26.9694089847	12615.7737315	1.2842575707	12735.6694401	30.8221816968	7.405029773712158	8.140341758728027	7.238750457763672	8.444013595581055	7.007643699645996	6.9571099281311035	7.091923713684082	8.063592910766602	0.1798650622367859	0.45593446493148804
Großteil	Großteil	91	6	6	615,622	b5	5	biology	0	8			0	0	0	0	0	0	0	0	0	0	0	0	NN	Großteil	8.0	nn	Großteil	8.0	groß-teil	2.0	4.67614518571	4.67614518571	4.95409787157	25.1792433077	82.1924845247	55.5961776052	8.86102468207	1415.49040292	3305.67898698	2077547.26244	4941466.96461	221161.842717	507100.232023	43191.5747113	99205.4726496	15129.6759234	2639.29972862	437.432126918	0.00200665461538	0.0633123758374	0.0	0.0	0.0	0.0	0.0	0.0	0.261602527872	0.856171713799	7.488034248352051	6.2822585105896	7.99709939956665	4.979794025421143	7.993445873260498	7.789858341217041	6.001707077026367	5.396554470062256	6.711031436920166	6.832517147064209
β-Faltblattstrukturen	β-Faltblattstrukturen	92	7	6	623,643	b5	5	biology	0	21			0	0	0	0	0	0	0	1	0	1	1	0	NN	β-Faltblattstrukturen	21.0	nn	β-Faltblattstruktur	19.0																															31.47992897033692	9.59348487854004	26.104507446289062	4.162107467651367	38.86166000366211	36.15142822265625	41.190067291259766	33.12358856201172	41.146879494190216	40.917236030101776
zu	zu	93	8	6	644,645	b5	5	biology	0	2			0	0	0	0	0	0	0	0	0	0	0	0	PTKZU	zu	2.0	ptkzu	zu	2.0	zu	1.0	5677.21630908	8897.95218113	9058.93583672	0.0	0.0	7088.44961045	13807.9438853	16158.8284432	13822.8923193	227861.336305	547892.533326	51760.5780638	28442.4524183	57219.5279387	16021.5412803	19838.2434724	15326.7362026	-0.00817507899599	0.0592554444736	0.308475260123	0.0	0.0	1383.3868677	35.9592119796	0.0	0.0	4752.13254498	50.5141311141	3.535515785217285	3.485345363616944	3.164585590362549	3.773362636566162	3.138477325439453	4.32080078125	3.0451793670654297	3.486046314239502	6.794698856538162e-05	7.4741430580616e-05
finden	finden	94	9	6	646,651	b5	5	biology	0	6			0	0	0	0	0	0	0	0	0	0	0	0	VVINF	finden	6.0	vvinf	finden	6.0	fin-den	2.0	136.564694628	207.753282525	684.180536254	343.508644333	16.2672625622	915.508938252	391.545558237	24279.9273925	23573.4038819	2374327.91552	4765907.24236	627046.773069	956842.096251	390042.673667	519570.373034	12864.091756	837.021813163	498.876020651	0.0281130423236	0.267115631873	0.0	0.0	213.721090192	11.5583181363	0.0	0.0	237.649546414	14.9830049915	0.6466543078422546	0.5872790217399597	0.2780985832214355	0.5873247981071472	1.3999114036560059	1.1197633743286133	0.5083270072937012	0.09011709690093994	0.7020625472068787	0.602749228477478
sind	sind	95	10	6	652,655	b5	5	biology	0	4			0	0	0	0	0	0	0	0	0	0	0	0	VAFIN	sind	4.0	vafin	sein	4.0	sind	1.0	2296.19983824	2298.63601178	17044.4184006	2302.62545033	5.99320199659	4304.10226671	4116.7606825	2333.22477101	26.1132372709	1332047.00373	2728807.18157	249282.495798	286785.417683	144872.038227	66814.7843732	48925.779496	15113.3748159	2467.07533941	0.0559257789967	0.326343386708	0.0	0.0	259.885761283	20.9762069881	0.0	0.0	267.325083169	26.5413231278	0.0331347845494747	0.0086076669394969	0.0439887829124927	0.0055849468335509	0.015700770542025566	0.007096205838024616	0.01592078246176243	0.008537815883755684	0.006927993148565292	0.013448241166770458
und	und	96	11	6	656,658	b5	5	biology	0	3			0	0	0	0	0	0	0	0	0	0	0	0	KON	und	3.0	kon	und	3.0	und	1.0	22313.7473183	22313.7473183	23398.5884761	22313.7473183	0.428085856899	9064.0679761	29467.6401896	23513.5137367	723.037012303	869972.90787	1656300.13956	195202.966651	251153.263298	160187.509171	58920.0250002	32509.3788389	28906.6542257	22352.5789435	0.120238001286	0.419307858966	0.0	0.0	2201.34439665	22.6885504157	0.0	0.0	2454.42031712	42.8085856899	3.316066026687622	3.049517869949341	3.424495220184326	3.0375285148620605	3.5605995655059814	2.7802059650421143	3.8442466259002686	2.9457340240478516	0.3421352803707123	0.5728193521499634
in	in	97	12	6	659,660	b5	5	biology	0	2			0	0	0	0	0	0	0	0	0	0	0	0	APPR	in	2.0	appr	in	2.0	in	1.0	13129.4221199	13165.4578681	14298.1641135	0.0	0.0	8527.89894355	19687.5208529	18583.5486983	15158.092107	842500.587604	1735372.30627	309490.415689	350022.68855	273957.116004	252232.89583	37971.7622471	15391.66268	-0.00817507899599	0.0682365415668	0.281559937821	0.0	0.0	9683.14399346	42.380499833	0.0	0.0	17389.6438116	75.7711966712	1.9768617153167725	2.5565648078918457	2.7661221027374268	2.3844685554504395	2.790802001953125	3.20971941947937	2.779111385345459	3.1116349697113037	0.41179215908050537	0.24975311756134033
der	der	98	13	6	661,663	b5	5	biology	0	3			0	0	0	0	0	0	0	0	0	0	0	0	PRELS	der	3.0	prels	die	3.0	der	1.0	1728.17899944	26530.3631386	10789.1994813	26530.3631386	0.428085856899	9372.80956103	30912.3596552	38163.5169	19310.096833	1332151.97174	2710999.66609	487983.455471	535760.152056	398226.025843	178781.068331	110461.430317	53801.2331077	27238.2432288	0.129811235347	0.318759302208	0.0	0.0	25590.4497812	36.8153836934	0.0	0.0	33289.1996244	55.22307554	0.3384870290756225	0.7104609608650208	0.5246186256408691	0.6459256410598755	0.6093547940254211	0.8683989644050598	0.2315974235534668	0.5644142031669617	0.027314892038702965	0.05542448163032532
eine	eine	99	14	6	664,667	b5	5	biology	0	4			0	0	0	0	0	0	0	0	0	0	0	0	ART	eine	4.0	art	eine	4.0	ei-ne	2.0	4544.81254164	4602.28334698	17543.4333976	4654.20327368	7.70554542419	6231.56249212	7847.29862895	30417.7276523	27062.3036156	2386639.00405	4952915.26469	382524.871022	493577.855975	268757.733063	229873.543438	45007.5949345	21503.4825387	20569.6023896	0.0243873860821	0.18682983564	0.0	0.0	517.016520944	29.1098382692	4999.44503476	0.428085856899	15385.972825	53.5107321124	4.354195594787598	4.13468074798584	3.959252834320069	3.562852144241333	3.300527572631836	2.9946134090423584	3.44370174407959	3.176767349243164	0.1636895388364792	0.1682392656803131
Doppelbrechung	Doppelbrechung	100	15	6	668,681	b5	5	biology	0	14			0	0	0	0	0	0	0	0	1	0	0	0	NN	Doppelbrechung	14.0	nn	Doppelbrechung	14.0	dop-pel-bre-chung	4.0	0.670356477671	0.670356477671	0.670356477671	4.91322247659	69.7779946746	1.38675272938	1.19491926536	1051.07808159	5535.57821557	3458383.669	8104597.6421	371167.977705	941517.05066	104778.26255	262005.667857	19121.5915224	954.693900231	49.9170323495	0.00899715853659	0.175461687634	0.0	0.0	0.0	0.0	0.0	0.0	0.0	0.0	14.853078842163086	11.98351764678955	15.04179859161377	19.326784133911133	18.913658142089844	17.493621826171875	18.80708122253418	15.9550142288208	6.824592266231775	8.160367865115404
von	von	101	16	6	682,684	b5	5	biology	0	3			0	0	0	0	0	0	0	0	0	0	0	0	APPR	von	3.0	appr	von	3.0	von	1.0	7955.34104766	7955.34104766	8265.3727435	7955.34104766	0.428085856899	7856.20634881	12401.4928732	8585.23905938	340.756342092	620899.645044	1436353.90714	258695.641457	333765.271963	253104.606831	264495.4152	23102.1601118	13320.2529889	7993.18348833	0.0874371201871	0.312235645495	0.0	0.0	3224.03042889	30.8221816968	0.0	0.0	3276.15473257	38.9558129779	3.06559157371521	2.925398588180542	2.844071626663208	3.7231969833374015	2.9828619956970215	2.772683620452881	3.0959653854370117	3.13401198387146	0.5876503586769104	0.5150719285011292
polarisiertem	polarisiertem	102	17	6	685,697	b5	5	biology	0	13			0	0	0	0	0	0	0	0	1	0	0	0	ADJA	polarisiertem	13.0	adja	polarisiert	11.0	pol-a-ri-sier-tem	5.0	0.0572255529719	0.0572255529719	0.703056793655	7.59464838728	32.1064392675	0.504273719775	0.108629024123	14607.1493992	61911.0608824	4176189.5069	9907095.09499	525032.398451	1175146.61941	84314.4947331	165551.931095	3420.10969861	724.84337918	531.085831896	0.010833588	0.440098261143	0.457804423776	0.856171713799	0.465979502772	1.2842575707	0.694881714659	1.2842575707	0.703056793655	1.7123434276	9.687623023986816	5.1982197761535645	9.071672439575195	5.186917781829834	13.945147514343262	11.978504180908203	11.826356887817383	9.972490310668945	0.12021394295152277	0.12548431230243295
Licht	Licht	103	18	6	698,702	b5	5	biology	0	5			0	0	0	0	0	0	0	0	0	0	0	0	NN	Licht	5.0	nn	Licht	5.0	licht	1.0	115.636492398	115.636492398	135.959738782	116.797353616	3.8527727121	305.968079474	211.252415056	326.169301782	1196.49997003	1008327.92845	2342297.02309	297606.213426	485976.335414	178725.988659	203883.166808	8934.00427951	1490.48857763	222.811778036	0.0521339792319	0.263952238756	6860.1502398	0.856171713799	6935.41819212	10.2740605656	6860.1502398	0.856171713799	6955.16918297	15.4110908484	0.0713193342089653	0.0141665181145071	0.0230850186198949	0.007555803284049	2.3616557121276855	5.137304306030273	0.20177718997001648	1.2572232484817505	2.7650763988494873	4.497176647186279
nach	nach	104	19	6	703,706	b5	5	biology	0	4			0	0	0	0	0	0	0	0	0	0	0	0	APPR	nach	4.0	appr	nach	4.0	nach	1.0	2391.39045807	2502.6941586	2810.50223295	2502.74320907	2.1404292845	4686.84602002	4309.48408973	3967.0388336	3346.34714338	1067927.15648	2448323.1877	213866.982652	365842.601392	118034.496495	66628.5670254	21439.2836433	4139.62292628	3075.39114258	0.0451554294378	0.247249102273	0.0	0.0	2812.17812415	22.2604645588	0.0	0.0	2844.01188176	30.8221816968	3.4318885803222656	3.407756805419922	2.6623189449310303	2.8652262687683105	5.402096748352051	6.5741095542907715	5.815635681152344	6.704961776733398	5.674851894378662	5.415048599243164
Färbung	Färbung	105	20	6	707,713	b5	5	biology	0	7			0	0	0	0	0	0	0	0	0	0	0	0	NN	Färbung	7.0	nn	Färbung	7.0	fär-bung	2.0	6.76079032969	6.76079032969	7.27582030643	7.22676983246	2.9966009983	46.1410453594	12.7095958224	385.920954164	1238.02429815	1241008.5147	2953331.36414	150983.351231	386425.397478	81660.3899364	210351.544106	11807.4546207	258.651324354	12.6877226018	0.0699348325526	0.333496850213	0.0	0.0	0.016350157992	0.856171713799	0.0	0.0	0.016350157992	0.856171713799	15.865294456481934	13.900694847106934	15.906758308410645	13.916051864624023	11.98680305480957	12.394563674926758	11.704243659973145	11.196830749511719	0.21002326160669327	0.29515422880649567
mit	mit	106	21	6	714,716	b5	5	biology	0	3			0	0	0	0	0	0	0	0	0	0	0	0	APPR	mit	3.0	adv	mit	3.0	mit	1.0	0.228902211888	6389.55999248	6727.32973136	6389.55999248	0.428085856899	6848.28925141	10606.5379154	9545.0750843	6105.78857696	754691.189375	1756517.60717	154872.35076	192565.004837	138846.449102	106042.43187	21052.512481	9522.82251927	6974.74032209	0.0635514315396	0.282257671036	0.0	0.0	1501.70478601	30.3940958399	0.0	0.0	1518.70077524	44.5209291175	4.3259477615356445	0.7010441422462463	0.6665806770324707	0.1517708152532577	4.1744842529296875	4.9130353927612305	4.246576309204102	4.802868366241455	1.2220593690872192	1.498719573020935
Kongorot	Kongorot	107	22	6	717,724	b5	5	biology	0	8			0	0	0	0	0	0	0	1	0	0	0	0	NN	Kongorot	8.0	nn	Kongorot	8.0	kon-go-rot	3.0	0.032700315984	0.032700315984	0.04087539498	81.636338854	61.6443633935	0.378205289831	0.0620737280705	2465.9880539	14408.0856857	1585867.42865	4155803.13188	199999.743303	476901.343333	104869.995111	147564.61956	13511.0511576	3068.45867559	1065.98942568	8.9395e-06	0.13136589225	0.0	0.0	0.0	0.0	0.0	0.0	0.00817507899599	0.428085856899	9.741397857666016	5.712509632110596	7.07282829284668	1.7364506721496582	26.890844345092773	28.38287353515625	30.28826332092285	30.82457733154297	15.395244598388672	15.74551773071289
auftritt	auftritt.	108	23	6	725,732	b5	5	biology	0	8		$.	0	0	0	0	1	1	0	0	0	0	0	0	VVFIN	auftritt	8.0	vvfin	auftreten	9.0	auf-tritt	2.0	10.243373982	10.243373982	49.7535307696	175.96040031	164.384969049	68.2030205996	19.4290768861	9224.54658702	7726.94971704	2034564.15224	5152323.65003	254764.507571	449758.131491	161925.269363	145728.131234	41334.1231877	16266.7803613	7317.89743803	0.0701435636526	0.415301620339	0.0	0.0	6.03320829904	1.2842575707	0.0	0.0	6.04955845703	2.1404292845	4.013000965118408	2.2968556880950928	3.61272931098938	2.6424803733825684	11.576337814331055	9.705781936645508	5.183197975158691	4.055996894836426	26.641154408454895	30.03326988220215
Das	Das	109	1	7	734,736	b5	5	biology	0	3			0	0	0	1	0	0	0	0	0	0	0	0	ART	Das	3.0	art	d	1.0	das	1.0	1025.44103386	1740.04103906	80100.3069113	1740.04103906	0.428085856899	4030.78591059	3283.94850984	9530.4416929	290.670296835	534766.342386	1447841.16302	107744.769815	172544.285482	102628.919831	139156.585245	19121.5915224	4160.8290812	1825.47061457	0.0254258224001	0.0443506865775	7683.24989344	0.428085856899	9528.85572757	34.246868552	7683.24989344	0.428085856899	9963.39387652	44.0928432606	13.845934867858888	3.5941975116729736	16.33158302307129	2.991032600402832	3.379636764526367	4.5341033935546875	3.4460103511810303	4.566357612609863	1.3636226654052734	0.5861045122146606
Prion	Prion	110	2	7	737,741	b5	5	biology	0	5			0	0	0	0	0	0	0	1	0	0	0	0	NN	Prion	5.0	nn	Prion	5.0	pri-on	2.0	0.04087539498	0.04087539498	0.04087539498	41.1042971919	18.8357777036	0.504273719775	0.0775921600881	3574.03008594	12975.2823226	1309542.43372	3018939.37448	260640.500926	472893.175455	228289.669569	327622.668002	10343.3797233	3039.31451897	422.422681881	8.4866e-05	0.0935278122	3.84228712812	2.5685151414	3.92403791808	4.70894442589	3.91586283908	2.9966009983	4.10388965599	6.84937371039	12.669536590576172	0.843672513961792	13.98276710510254	2.4744386672973637	15.773838996887207	2.41416072845459	15.118955612182617	2.7435123920440674	6.8201600313186646	0.057759812130825594
bringt	bringt	111	3	7	742,747	b5	5	biology	0	6			0	0	0	0	0	0	0	0	0	0	0	0	VVFIN	bringt	6.0	vvfin	bringen	7.0	bringt	1.0	89.5334651641	89.5334651641	535.434973922	116.543926167	14.5549191346	471.49592799	168.359468959	109.071903965	32.1064392675	1672239.01851	3910854.54499	251733.433531	428986.549542	120606.989478	121775.871369	20337.830725	1265.33055192	463.862157312	0.0300125477746	0.207762266131	0.0	0.0	22.9065713468	4.70894442589	0.0	0.0	29.8308632564	8.13363128109	11.869424819946287	7.92162561416626	11.018339157104492	7.227861404418945	9.174017906188965	9.546302795410156	10.055078506469727	8.473142623901367	0.11559641361236572	0.3786502778530121
keine	keine	112	4	7	748,752	b5	5	biology	0	5			0	0	0	0	0	0	0	0	0	0	0	0	PIAT	keine	5.0	piat	keine	5.0	kei-ne	2.0	690.336370738	690.336370738	1610.00005747	694.660987526	5.99320199659	2106.3513275	1242.70051754	17007.1727407	23043.8616769	2439870.89196	5162128.5285	361735.816812	534857.74707	219660.546685	230458.736804	11052.747678	1953.97468131	1637.88525193	0.0138213898568	0.156099711928	1148.15714467	0.428085856899	1973.77472263	19.6919494174	5750.44049165	0.856171713799	7584.25786187	24.8289797002	5.986955642700195	4.345197677612305	7.056675910949707	4.910712242126465	6.0503926277160645	4.361433982849121	5.412528991699219	5.139659881591797	1.2099058628082275	0.974177896976471
genetische	genetische	113	5	7	753,762	b5	5	biology	0	10			0	0	0	0	0	0	0	0	0	0	0	0	ADJA	genetische	10.0	adja	genetisch	9.0	ge-ne-ti-sche	4.0	2.32989751386	2.32989751386	6.80984080366	30.1169910212	52.2264745417	12.2286377045	4.34516096494	72542.3564536	175236.08935	4190870.37099	9221184.25671	726190.207094	1529786.64201	291113.475762	513754.398582	23747.2147199	15623.9820749	967.185420937	0.00171342442958	0.125073959673	0.0	0.0	0.277952685864	1.2842575707	0.0	0.0	4.57804423776	3.4246868552	8.700860977172852	5.155458450317383	9.195150375366213	5.562768459320068	12.380169868469238	7.537893295288086	7.924381256103516	4.736994743347168	0.005797932702989783	0.0035793591669062153
Veränderung	Veränderung	114	6	7	763,773	b5	5	biology	0	11			0	0	0	0	0	0	0	0	0	0	0	0	NN	Veränderung	11.0	nn	Veränderung	11.0	ver-än-de-rung	4.0	29.0378805938	29.0378805938	63.5775893518	639.659056041	584.765280525	162.124000908	52.9799269082	34228.4262751	81804.2106525	3739285.92336	8036574.37136	658751.969387	1310054.02444	165749.710294	344286.338068	10632.1480387	5672.28673645	5517.81044374	0.0127161278505	0.146491823292	0.0	0.0	0.0899258689559	1.2842575707	0.0	0.0	0.114451105944	2.1404292845	1.8855018615722656	0.7748625874519348	3.076582193374634	4.309386730194092	1.520122766494751	2.0814096927642822	0.6062198877334595	3.0185294151306152	0.45197319984436035	0.3996795415878296
mit	mit	115	7	7	774,776	b5	5	biology	0	3			0	0	0	0	0	0	0	0	0	0	0	0	PTKVZ	mit	3.0	ptkvz	mit	3.0	mit	1.0	78.3090817026	6389.55999248	6727.32973136	6389.55999248	0.428085856899	6848.28925141	10606.5379154	9545.0750843	6105.78857696	754691.189375	1756517.60717	154872.35076	192565.004837	138846.449102	106042.43187	21052.512481	9522.82251927	6974.74032209	0.0635514315396	0.282257671036	0.0	0.0	1501.70478601	30.3940958399	0.0	0.0	1518.70077524	44.5209291175	1.2722331285476685	0.9679177403450012	0.9610466957092284	0.6631924510002136	1.058088779449463	0.6026421785354614	0.9671735763549805	0.5234681367874146	0.002308325143530965	0.0018744770204648376
sich	sich,	116	8	7	777,780	b5	5	biology	0	4		$,	0	0	0	0	0	0	0	0	0	0	0	0	PRF	sich	4.0	prf	sich	4.0	sich	1.0	6557.46793998	6557.46793998	6566.55045274	6557.81946837	0.856171713799	6282.99841154	11211.8033194	6926.29480396	1064.22144025	990057.517976	2298056.06212	287477.77288	411907.636196	194753.386357	108862.23341	48925.779496	15113.3748159	6879.41072592	0.109257424523	0.373105981887	0.0	0.0	1254.85010065	21.404292845	0.0	0.0	4636.93750684	29.5379241261	0.8353183269500732	0.9378331303596495	0.6630489826202393	0.636888325214386	1.3080604076385498	1.0471686124801636	1.2017831802368164	1.257103681564331	27.55694066362048	30.44421303179479
denn	denn	117	9	7	782,785	b5	5	biology	0	4			0	0	1	0	0	0	0	0	0	0	0	0	KON	denn	4.0	kon	denn	4.0	denn	1.0	383.337629201	664.960925534	854.590057925	671.762591259	5.56511613969	1372.25485994	1238.51054089	855.620117879	17.5515201329	1937463.14725	3819161.97913	599919.596463	762064.743705	397025.351991	283430.508823	110461.430317	53801.2331077	11287.0372669	0.0152404944839	0.109033613454	2742.96790537	0.856171713799	3506.15240504	22.2604645588	12584.6021553	1.2842575707	13785.2351321	26.9694089847	4.861228942871094	4.834713935852051	4.326493740081787	4.145442485809326	4.121390342712402	4.627508163452148	5.1392412185668945	5.613230228424072	2.323537826538086	2.5484619140625
das	das	118	10	7	786,788	b5	5	biology	0	3			0	0	0	0	0	0	0	0	0	0	0	0	ART	das	3.0	art	d	1.0	das	1.0	5535.50948977	7683.24989344	80100.3069113	7683.24989344	0.428085856899	6503.8703008	12246.2154424	9530.4416929	290.670296835	734069.119328	1662118.68252	216547.190476	169684.671958	215247.31204	124039.161294	110461.430317	19319.7963127	7903.50287175	0.0288325249482	0.178984875387	0.0	0.0	15300.9683536	34.6749544089	0.0	0.0	16474.0513142	50.942216971	2.184478998184204	2.970820665359497	2.918576240539551	3.2778093814849854	2.3821849822998047	2.977583408355713	2.48425555229187	3.2124712467193604	0.05089382082223892	0.040680840611457825
verantwortliche	verantwortliche	119	11	7	789,803	b5	5	biology	0	15			0	0	0	0	0	0	0	0	0	0	0	0	ADJA	verantwortliche	15.0	adja	verantwortlich	14.0	ve-rant-wort-li-che	5.0	3.30273191438	3.30273191438	46.0338698264	140.627708889	241.440423291	41.9807871713	6.20737280705	18220.1500868	54281.2866549	4593969.43062	10689257.6135	722226.454642	1489719.94623	289043.161531	433031.532804	23102.1601118	7335.96436261	7300.98319958	0.0102593095099	0.114793307913	0.0	0.0	0.825682978595	0.428085856899	40.0987624753	0.856171713799	42.7229628331	2.9966009983	8.516357421875	9.981016159057615	8.408792495727539	7.997559547424316	9.955394744873047	8.447783470153809	9.630667686462402	9.508068084716797	5.364259102381766	4.417462570592761
Gen	Gen	120	12	7	804,806	b5	5	biology	0	3			0	0	0	0	0	0	0	0	1	0	0	0	NN	Gen	3.0	nn	Gen	3.0	gen	1.0	2.77135177964	2.77135177964	7.21041967447	2.77135177964	0.428085856899	11.0940218351	5.05900883775	18942.7616694	41430.5773166	1260815.18601	2638378.32516	396798.558949	686136.86761	348244.925399	480776.37651	15129.6759234	8582.12435428	817.982054181	0.0115723300328	0.209397561728	10047.5072643	4.70894442589	10071.1822931	33.8187826951	10110.6433994	6.42128785349	10142.2809551	45.3771008313	1.2390691041946411	0.8164173364639282	3.8074560165405273	1.1755329370498655	2.5103416442871094	4.281368732452393	0.8005481958389282	1.1791696548461914	0.3966914713382721	1.081174373626709
führt	führt	121	13	7	807,811	b5	5	biology	0	5			0	0	0	0	0	0	0	0	0	0	0	0	VVFIN	führt	5.0	vvfin	führen	6.0	führt	1.0	115.546566529	115.546566529	495.79401587	170.785575305	4.28085856899	542.976727768	217.273566679	429.281573159	86.4733430937	925325.517544	2318250.58434	148483.5674	192682.300362	115769.084005	103404.138734	12864.091756	5154.69795998	618.542826995	0.0444310020418	0.258882563818	0.0	0.0	80.7043798484	7.27745956729	0.0	0.0	195.081910081	10.7021464225	7.340106010437012	7.4825439453125	6.736818313598633	7.097095966339111	6.035231113433838	6.111666679382324	7.296205997467041	6.91834020614624	0.5493797659873962	0.611140251159668
weiterhin	weiterhin	122	14	7	812,820	b5	5	biology	0	9			0	0	0	0	0	0	0	0	0	0	0	0	ADV	weiterhin	9.0	adv	weiterhin	9.0	wei-ter-hin	3.0	55.7213384367	55.7213384367	62.3922028974	90.3100976687	50.0860452572	476.538665187	105.028747895	15625.3146128	38524.3024341	3643876.32587	7861038.19382	704509.17819	1198883.98017	314508.892307	380293.067578	34258.3961147	9994.2302745	2505.75163814	0.0142348238942	0.197457434247	0.0	0.0	6.67086446073	0.856171713799	0.0	0.0	6.68721461872	1.7123434276	8.460749626159668	7.453653812408447	7.744765758514404	2.0501675605773926	7.231154441833496	6.249415874481201	8.256372451782227	7.399601936340332	5.526959419250488	5.207101821899414
zur	zur	123	15	7	821,823	b5	5	biology	0	3			0	0	0	0	0	0	0	0	0	0	0	0	APPRART	zur	3.0	apprart	zur	3.0	zur	1.0	1694.48949889	1694.48949889	1790.59572757	1694.48949889	0.428085856899	4293.00824488	2973.92127499	1805.646048	102.740605656	568301.260359	1400712.76295	166723.967158	135076.927028	153939.647823	92110.8057432	19838.2434724	15326.7362026	2405.29626744	0.0478070617353	0.273718659164	2374.50074486	0.428085856899	4321.90266265	25.685151414	11272.452926	0.856171713799	13220.8522034	30.8221816968	1.8405110836029053	1.8005969524383545	4.0581889152526855	0.8183122873306274	2.8896589279174805	3.0873899459838867	2.7089743614196777	2.71708345413208	0.012077183462679386	0.0548701174557209
Expression	Expression	124	16	7	824,833	b5	5	biology	0	10			0	0	0	0	0	0	0	0	1	0	0	0	NN	Expression	10.0	nn	Expression	10.0	ex-press-i-on	4.0	0.400578870804	0.400578870804	0.515029976748	22.0154877362	27.8255806985	4.41239504803	0.760403168864	7341.8831198	26226.6800229	2658579.15639	6293212.69874	375351.435405	716602.453788	238243.351451	345382.237862	14903.9783425	367.894904978	136.989798736	0.0160605609388	0.236153720184	0.0	0.0	0.16350157992	0.428085856899	0.0	0.0	0.188026816908	1.2842575707	4.147833824157715	1.9934806823730469	6.3796706199646	3.5998339653015137	9.632272720336914	7.944586753845215	9.252758979797363	8.54578971862793	0.09047601220663637	0.09700163587694988
von	von	125	17	7	834,836	b5	5	biology	0	3			0	0	0	0	0	0	0	0	0	0	0	0	APPR	von	3.0	appr	von	3.0	von	1.0	7955.34104766	7955.34104766	8265.3727435	7955.34104766	0.428085856899	7856.20634881	12401.4928732	8585.23905938	340.756342092	620899.645044	1436353.90714	258695.641457	333765.271963	253104.606831	264495.4152	23102.1601118	13320.2529889	7993.18348833	0.0874371201871	0.312235645495	0.0	0.0	3224.03042889	30.8221816968	0.0	0.0	3276.15473257	38.9558129779	1.955249786376953	2.484100818634033	0.8666827082633972	2.4203438758850098	1.5950477123260498	1.4608651399612427	1.6526975631713867	1.914605736732483	0.00944491196423769	0.0074604712426662445
Proteinen	Proteinen	126	18	7	837,845	b5	5	biology	0	9			0	0	0	0	0	0	0	0	1	0	0	0	NN	Proteinen	9.0	nn	Protein	7.0	pro-tei-nen	3.0	0.866558373575	0.866558373575	4.20199060394	296.853468502	171.23434276	2.0170948791	1.5828800658	16232.2161273	39219.9419516	3604983.81265	7969531.41722	685351.608145	1261275.78147	415166.947744	553276.569149	10343.3797233	3039.31451897	1551.10678838	0.038937126566	0.282889803396	0.0	0.0	0.253427448876	0.428085856899	1.97019403803	0.428085856899	2.22362148691	0.856171713799	4.011110782623291	3.651418685913086	3.295983076095581	3.60504961013794	4.5697174072265625	2.6219003200531006	3.277501106262207	2.5143954753875732	0.038742183707654476	0.05347223725402728
mit	mit	127	19	7	846,848	b5	5	biology	0	3			0	0	0	0	0	0	0	0	0	0	0	0	APPR	mit	3.0	appr	mit	3.0	mit	1.0	6311.02200856	6389.55999248	6727.32973136	6389.55999248	0.428085856899	6848.28925141	10606.5379154	9545.0750843	6105.78857696	754691.189375	1756517.60717	154872.35076	192565.004837	138846.449102	106042.43187	21052.512481	9522.82251927	6974.74032209	0.0635514315396	0.282257671036	0.0	0.0	1501.70478601	30.3940958399	0.0	0.0	1518.70077524	44.5209291175	3.0481035709381104	1.5028457641601562	3.095732450485229	2.169674873352051	5.549957275390625	4.552860260009766	4.493344783782959	4.100388050079346	0.6541770696640015	0.8643354773521423
normaler	normaler	128	20	7	849,856	b5	5	biology	0	8			0	0	0	0	0	0	0	0	0	0	0	0	ADJA	normaler	8.0	adja	normal	6.0	nor-ma-ler	3.0	6.51553795981	6.51553795981	61.280392154	37.1720841948	17.5515201329	65.8077204306	12.2595612939	6903.55990927	28852.5586692	2560108.31882	6109310.86739	396371.223045	722818.688516	226546.669151	182531.100438	21439.2836433	2874.48040118	157.468371621	0.0092827238394	0.130208697991	23.2744499016	0.428085856899	28.9970051988	3.4246868552	38.1857939903	0.856171713799	44.0963761044	5.56511613969	3.1314151287078857	2.0930700302124023	2.712186813354492	2.6743741035461426	7.292895317077637	7.372764587402344	7.200723171234131	5.781420707702637	4.071317350259051	4.368144859850872
Primärstruktur	Primärstruktur.	129	21	7	857,870	b5	5	biology	0	14		$.	0	0	0	0	1	1	0	1	0	0	0	0	NN	Primärstruktur	14.0	nn	Primärstruktur	14.0	pri-mär-struk-tur	4.0	0.155326500924	0.155326500924	0.16350157992	20.43769749	145.977277203	0.630342149719	0.279331776317	1352.35426783	9298.45289771	3110958.45059	7856740.6399	274174.115301	612507.812567	141330.929184	175858.954272	10343.3797233	3039.31451897	422.422681881	2.24972105263e-05	0.131800910053	0.0	0.0	0.0	0.0	0.0	0.0	0.0	0.0	9.408703804016112	1.1264095306396484	7.982749462127685	3.16503381729126	17.17459487915039	8.9014310836792	11.959539413452148	7.612184047698975	25.412605290322972	26.891294206763632
Die	Die	130	1	8	872,874	b5	5	biology	0	3			0	0	0	1	0	0	0	0	0	0	0	0	ART	Die	3.0	art	d	1.0	die	1.0	4044.09712821	4092.99227569	80100.3069113	4092.99227569	0.428085856899	7006.50513099	7668.65043956	33694.5118659	1928.95487119	1162034.30857	2398782.95191	235702.357048	295575.732669	203871.746843	202066.798517	19121.5915224	6400.40832231	5199.86527143	0.05895410862	0.0848217844714	29483.8638533	0.856171713799	35483.8322812	32.5345251244	29483.8638533	0.856171713799	35649.500257	46.661358402	14.98300552368164	2.292677879333496	15.728561401367188	2.027510166168213	2.596067428588867	3.468604803085327	2.6906278133392334	3.5203235149383545	0.03791218623518944	0.1492481380701065
Prionenform	Prionenform	131	2	8	875,885	b5	5	biology	0	11			0	0	0	0	0	0	0	1	0	0	0	0	NN	Prionenform	11.0	nn	Prionenform	11.0	pri-o-nen-form	4.0																													23.204275131225582	9.406606674194336	22.970088958740234	9.887979507446287	24.130016326904297	15.372997283935547	25.337419509887695	11.714187622070312	9.130232095718384	1.0901864398038015
vermehrt	vermehrt	132	3	8	886,893	b5	5	biology	0	8			0	0	0	0	0	0	0	0	0	0	0	0	VVFIN	vermehrt	8.0	vvfin	vermehren	9.0	ver-mehrt	2.0	0.0899258689559	11.0854071186	9.11521308053	1263.26225693	486.305533438	98.0812384963	20.8567726317	15308.4158506	39539.2940008	2852281.67722	6456345.51666	366358.791284	670733.054221	143119.832671	156180.275516	23102.1601118	7335.96436261	7300.98319958	0.0285428334509	0.302745340998	0.0	0.0	16.9469387587	3.4246868552	0.0	0.0	26.9941108448	5.56511613969	8.980384826660156	7.917995929718018	10.867231369018556	9.011075973510742	13.690048217773438	11.553938865661621	8.927388191223145	10.561983108520508	7.231562614440918	6.7169952392578125
sich	sich	133	4	8	894,897	b5	5	biology	0	4			0	0	0	0	0	0	0	0	0	0	0	0	PRF	sich	4.0	prf	sich	4.0	sich	1.0	6557.46793998	6557.46793998	6566.55045274	6557.81946837	0.856171713799	6282.99841154	11211.8033194	6926.29480396	1064.22144025	990057.517976	2298056.06212	287477.77288	411907.636196	194753.386357	108862.23341	48925.779496	15113.3748159	6879.41072592	0.109257424523	0.373105981887	0.0	0.0	1254.85010065	21.404292845	0.0	0.0	4636.93750684	29.5379241261	0.224351704120636	0.0488384813070297	0.2291157096624374	0.0219985544681549	0.10719790309667587	0.17776848375797272	0.012222157791256905	0.12481007725000381	0.0028481415938585997	0.0012465096078813076
somit	somit	134	5	8	898,902	b5	5	biology	0	5			0	0	0	0	0	0	0	0	0	0	0	0	ADV	somit	5.0	adv	somit	5.0	so-mit	2.0	38.4146962022	38.4146962022	44.2108272103	38.5454974661	2.9966009983	270.416782229	72.6572987065	17105.0611366	14530.9463266	1140181.7665	2884021.69539	201703.397065	239695.117253	165772.044609	118415.825478	48925.779496	8037.09183762	48.985073344	0.00284890741051	0.207550296933	0.0	0.0	30.9917244738	2.9966009983	0.0	0.0	31.4822292136	3.8527727121	8.459285736083984	5.962493896484375	6.911092758178711	5.752354621887207	8.156608581542969	5.9380693435668945	8.508380889892578	5.976911544799805	4.701452255249023	3.271423101425171
über	über	135	6	8	903,906	b5	5	biology	0	4			0	0	0	0	0	0	0	0	0	0	0	0	APPR	über	4.0	appr	über	4.0	ü-ber	2.0	2108.70440146	2127.76868568	2237.96057547	2158.5887335	1.7123434276	4705.63021608	3662.52065891	16754.4973991	24846.1031344	1219536.24461	2729799.48458	331123.824758	515246.277793	217997.727442	172072.534868	4201.6554257	4185.99197435	3864.02466317	0.061186912624	0.29530401917	2250.5583722	0.428085856899	3200.9440058	10.7021464225	2250.5583722	0.428085856899	3226.96528225	19.2638635605	3.605549097061157	3.7395169734954834	3.935356855392456	3.4178152084350586	4.677412033081055	3.898347854614258	4.0749711990356445	3.859980821609497	2.8519911766052246	3.8576371669769287
die	die	136	7	8	907,909	b5	5	biology	0	3			0	0	0	0	0	0	0	0	0	0	0	0	ART	die	3.0	art	d	1.0	die	1.0	20527.116504	24520.1275636	80100.3069113	24520.1275636	0.428085856899	9091.29875697	30440.211361	33694.5118659	1928.95487119	1361337.08551	2613060.47141	356516.797331	303924.26305	343523.065172	189343.230678	110461.430317	29991.8223867	29048.3692201	0.0938387928357	0.266249299869	0.0	0.0	15201.9436218	35.5311261227	0.0	0.0	15852.8515865	58.2196765383	1.9875855445861816	1.2844127416610718	1.2431811094284058	1.0180330276489258	1.1423561573028564	1.4208382368087769	1.2416961193084717	1.2450121641159058	0.31954699754714966	0.6941593289375305
Umwandlung	Umwandlung	137	8	8	910,919	b5	5	biology	0	10			0	0	0	0	0	0	0	0	0	0	0	0	NN	Umwandlung	10.0	nn	Umwandlung	10.0	um-wand-lung	3.0	12.8430491027	12.8430491027	14.1101863471	13.9466847672	8.13363128109	102.997907264	24.1001249234	6228.46188578	13172.2018168	2059897.88819	4539397.59758	258054.674389	579257.955976	91966.2950976	235094.050463	5614.22732542	736.574617539	99.6787381981	0.00312947154876	0.0965986052078	0.0	0.0	0.0	0.0	0.0	0.0	0.130801263936	0.856171713799	6.97433614730835	4.816928386688232	8.910151481628418	3.5424113273620605	10.271535873413086	7.244358062744141	9.799333572387695	8.414921760559082	2.4276130199432373	2.153733730316162
vom	vom	138	9	8	920,922	b5	5	biology	0	3			0	0	0	0	0	0	0	0	0	0	0	0	APPRART	vom	3.0	apprart	vom	3.0	vom	1.0	1070.10149042	1070.10149042	1120.19019943	1070.10149042	0.428085856899	3414.4373566	1889.72602208	1121.14668367	17.123434276	254662.834113	704941.395046	76489.2682427	70161.1315165	70068.4549232	40004.1952414	23102.1601118	13320.2529889	1070.7309715	0.0456636596419	0.247575195203	9646.86299288	0.856171713799	9801.78073985	21.404292845	9646.86299288	0.856171713799	9809.30998761	24.4008938433	5.458010673522949	5.454909324645996	5.118832111358643	5.277139663696289	5.724736213684082	5.826741695404053	7.143529415130615	5.283066749572754	0.3530121445655823	0.298053503036499
Wildtypprotein	Wildtypprotein	139	10	8	923,936	b5	5	biology	0	14			0	0	0	0	0	0	0	1	0	0	0	0	NN	Wildtypprotein	14.0	nn	Wildtypprotein	14.0	wild-typ-pro-te-in	5.0																													26.37124824523925	2.6498119831085205	19.077899932861328	0.9752382636070251	47.52826690673828	8.086661338806152	35.9298095703125	3.5977370738983154	13.969162404537201	0.010546266967139672
zum	zum	140	11	8	937,939	b5	5	biology	0	3			0	0	0	0	0	0	0	0	0	0	0	0	APPRART	zum	3.0	apprart	zum	3.0	zum	1.0	1651.97908812	1651.97908812	1753.17839101	1651.97908812	0.428085856899	4157.73681955	2949.09178377	1759.48955199	40.6681564054	334500.075158	796971.292562	79591.3101428	74215.1045814	74055.9396294	41125.3521006	19838.2434724	15326.7362026	1754.61720491	0.0446728863733	0.258942942311	1694.48949889	0.428085856899	1814.22988095	26.9694089847	12615.7737315	1.2842575707	12735.6694401	30.8221816968	3.6163735389709473	2.944197654724121	2.0980982780456543	0.7178723216056824	2.182194948196411	0.8829953670501709	1.662899136543274	0.6104128360748291	0.013630060479044914	0.011012254282832146
amyloiden	amyloiden	141	12	8	940,948	b5	5	biology	0	9			0	0	0	0	0	0	0	1	0	0	0	0	ADJA	amyloiden	9.0	adja	amyloid	7.0	a-my-lo-i-den	5.0																													12.01292610168457	6.380361080169678	8.707685470581055	6.856725215911865	19.292081832885742	9.66724967956543	13.418654441833496	8.871760368347168	4.731617331504822	0.08325170125863224
Typ	Typ.	142	13	8	949,951	b5	5	biology	0	3		$.	0	0	0	0	0	1	0	0	0	0	0	0	NN	Typ	3.0	nn	Typ	3.0	typ	1.0	19.9226675132	19.9226675132	27.9342449293	19.9226675132	0.428085856899	114.848339679	35.195803816	34.1718302032	319.780135104	42797.15985	237182.253273	9107.82280912	33354.3095403	8845.29649732	31065.3344635	8191.78885746	105.646545865	87.767648101	0.0371739543426	0.340077052867	0.0	0.0	2.25632180289	6.84937371039	0.0	0.0	13.0147257616	10.2740605656	5.479693412780762	5.869488716125488	8.360644340515137	8.180965423583984	7.758863925933838	7.7972941398620605	6.379480838775635	6.579739570617676	28.490622520446777	31.113024711608887
Eine	Eine	143	1	9	953,956	b5	5	biology	0	4			0	0	0	1	0	0	0	0	0	0	0	0	ART	Eine	4.0	art	eine	4.0	ei-ne	2.0	400.881348726	402.745266738	17543.4333976	418.752071412	4.70894442589	1664.85968584	762.932673283	30417.7276523	27062.3036156	1631171.42743	3391959.69144	270950.550852	383709.620802	186734.099841	228115.822909	14903.9783425	3644.7281691	2977.8869754	0.0084152481915	0.0257485807386	4602.28334698	0.428085856899	4693.80335634	24.4008938433	5164.96585919	0.856171713799	5388.77499687	31.6783534106	14.744372367858888	4.462108612060547	16.51499366760254	4.111884117126465	4.816530227661133	5.8040666580200195	4.840551376342773	5.73014497756958	0.24898725748062134	0.6723328232765198
Deletion	Deletion	144	2	9	957,964	b5	5	biology	0	8			0	0	0	0	0	0	0	0	1	0	0	0	NN	Deletion	8.0	nn	Deletion	8.0	de-let-i-on	4.0	0.171676658916	0.171676658916	0.269777606868	16.407383545	37.6715554072	0.252136859888	0.32588707237	22485.7673305	59333.555938	2968528.74992	6637248.60658	349342.96931	700253.426827	247278.080879	345844.570587	19121.5915224	4739.26497064	119.781257449	5.87652380952e-06	0.159282127619	0.0	0.0	0.0	0.0	0.0	0.0	0.016350157992	0.856171713799	16.327899932861328	9.31126880645752	15.521395683288574	8.115950584411621	18.35588836669922	12.593128204345703	17.224136352539062	10.101147651672363	1.1395713090896606	1.8956366181373596
des	des	145	3	9	965,967	b5	5	biology	0	3			0	0	0	0	0	0	0	0	0	0	0	0	ART	des	3.0	art	d	1.0	des	1.0	7101.07799289	7101.07799289	80100.3069113	7101.07799289	0.428085856899	7430.34719246	10967.4656073	9589.02430898	7300.14811771	1261615.62435	2602206.35451	326044.476501	328517.367443	261724.107647	165779.244685	110461.430317	53801.2331077	7725.99738151	0.121698304848	0.352013185599	44055.247282	1.2842575707	49782.1108458	35.9592119796	44055.247282	1.2842575707	54875.2749862	52.2264745417	1.4821254014968872	0.8474795818328857	2.9796128273010254	2.174283504486084	3.6486544609069824	2.373161792755127	3.5025792121887207	1.8079304695129395	0.014410589821636677	0.008547035045921803
codierenden	codierenden	146	4	9	968,978	b5	5	biology	0	11			0	0	0	0	0	0	0	0	1	0	0	0	ADJA	codierenden	11.0	adja	codierend	9.0	co-die-ren-den	4.0	0.016350157992	0.016350157992	0.032700315984	0.0572255529719	2.1404292845	0.252136859888	0.0310368640353	66375.6409395	47469.156414	4667665.10269	9617299.37756	1041301.69265	1830032.79138	439851.140968	622684.697643	922.345112644	273.775220497	2.22362148691	1.19685e-05	0.000349839	0.0572255529719	0.428085856899	0.0654006319679	0.856171713799	0.0572255529719	0.428085856899	0.0735757109639	1.2842575707	7.066840648651123	3.993005990982056	7.949480533599853	2.4261035919189453	15.80006217956543	15.87110424041748	13.664709091186523	10.68043327331543	0.8613280393183231	0.669379286468029
Gens	Gens	147	5	9	979,982	b5	5	biology	0	4			0	0	0	0	0	0	0	0	1	0	0	0	NN	Gens	4.0	nn	Gen	3.0	gens	1.0	1.09546058546	1.11998582245	7.21041967447	32.9619185118	5.56511613969	2.52136859888	1.97084086624	234.82914416	868.158117792	1530718.76267	3382405.2432	285323.565989	636684.817507	100775.506796	211835.289686	15129.6759234	8582.12435428	817.982054181	0.00781865764964	0.220184499993	39.6900085255	2.5685151414	43.6140464436	21.404292845	47.9304881535	3.8527727121	52.5003573123	26.9694089847	0.3025666177272796	0.101210243999958	1.816848993301392	0.6590894460678101	7.790482521057129	4.205324172973633	4.610769271850586	2.3073112964630127	2.7390927970409393	0.5009883604943752
des	des	148	6	9	983,985	b5	5	biology	0	3			0	0	0	0	0	0	0	0	0	0	0	0	ART	des	3.0	art	d	1.0	des	1.0	7101.07799289	7101.07799289	80100.3069113	7101.07799289	0.428085856899	7430.34719246	10967.4656073	9589.02430898	7300.14811771	1261615.62435	2602206.35451	326044.476501	328517.367443	261724.107647	165779.244685	110461.430317	53801.2331077	7725.99738151	0.121698304848	0.352013185599	44055.247282	1.2842575707	49782.1108458	35.9592119796	44055.247282	1.2842575707	54875.2749862	52.2264745417	2.9464402198791504	3.957066535949707	4.515164375305176	3.787835121154785	3.5590946674346924	5.406930923461914	5.21979284286499	5.008939743041992	0.5581344366073608	0.23333457112312317
zellulären	zellulären	149	7	9	986,995	b5	5	biology	0	10			0	0	0	0	0	0	0	0	1	0	0	0	ADJA	zellulären	10.0	adja	zellulär	8.0	zel-lu-lä-ren	4.0	0.310653001848	0.310653001848	0.686706635663	1.35706311333	8.13363128109	1.76495801921	0.58970041667	10499.4910318	26857.2504902	3114941.76601	7221323.38462	508148.571302	1001507.2903	365170.772454	485734.894991	19838.2434724	986.037153102	4.37366726286	0.0263639825	0.129394272474	0.0	0.0	0.147151421928	1.2842575707	0.0	0.0	0.351528396828	1.7123434276	8.400262832641602	7.669037342071533	7.727463722229004	5.396864414215088	8.012292861938477	7.526307582855225	8.000043869018555	6.744503974914551	0.002904344946728088	0.0004248221166562871
Proteins	Proteins	150	8	9	996,1003	b5	5	biology	0	8			0	0	0	0	0	0	0	0	1	0	0	0	NN	Proteins	8.0	nn	Protein	7.0	pro-teins	2.0	0.44962934478	0.44962934478	4.20199060394	257.122584582	133.99087321	1.00854743955	0.791440032899	2266.60605227	12864.8361715	2629942.6313	6124295.58472	351212.593526	750451.202493	129099.196139	227520.783568	10343.3797233	3039.31451897	1551.10678838	0.0234083255636	0.403798131982	1.97019403803	0.428085856899	2.03559467	1.2842575707	2.88580288559	0.856171713799	2.95120351755	1.7123434276	5.746360301971436	0.8458212614059448	4.804977416992188	0.8581061363220215	4.585914134979248	0.6002070307731628	3.657338857650757	0.4986155033111572	0.16831134259700775	0.03236822494363878
würde	würde	151	9	9	1004,1008	b5	5	biology	0	5			0	0	0	0	0	0	0	0	0	0	0	0	VAFIN	würde	5.0	vafin	werden	6.0	wür-de	2.0	443.089281583	444.299193274	8998.09689884	447.307622345	5.99320199659	1406.41940445	795.536898952	16404.2688399	36257.5878218	1420595.0367	2861591.70883	288691.494158	302915.264685	185049.346861	195289.771317	34258.3961147	864.784381433	703.236645393	0.017095306751	0.266364239142	1350.62932616	0.428085856899	1772.47975252	9.41788885179	1350.62932616	0.428085856899	1973.18611695	13.2706615639	13.364835739135742	5.930141448974609	11.552533149719238	4.236973762512207	7.34827995300293	6.383258819580078	9.277732849121094	5.517079830169678	1.8621277809143066	2.6113102436065674
somit	somit	152	10	9	1009,1013	b5	5	biology	0	5			0	0	0	0	0	0	0	0	0	0	0	0	ADV	somit	5.0	adv	somit	5.0	so-mit	2.0	38.4146962022	38.4146962022	44.2108272103	38.5454974661	2.9966009983	270.416782229	72.6572987065	17105.0611366	14530.9463266	1140181.7665	2884021.69539	201703.397065	239695.117253	165772.044609	118415.825478	48925.779496	8037.09183762	48.985073344	0.00284890741051	0.207550296933	0.0	0.0	30.9917244738	2.9966009983	0.0	0.0	31.4822292136	3.8527727121	6.0595293045043945	3.401801824569702	4.996864318847656	3.614105463027954	5.637335777282715	2.8935768604278564	5.9596848487854	3.7279295921325684	2.7385342121124268	1.297249674797058
eine	eine	153	11	9	1014,1017	b5	5	biology	0	4			0	0	0	0	0	0	0	0	0	0	0	0	ART	eine	4.0	art	eine	4.0	ei-ne	2.0	4544.81254164	4602.28334698	17543.4333976	4654.20327368	7.70554542419	6231.56249212	7847.29862895	30417.7276523	27062.3036156	2386639.00405	4952915.26469	382524.871022	493577.855975	268757.733063	229873.543438	45007.5949345	21503.4825387	20569.6023896	0.0243873860821	0.18682983564	0.0	0.0	517.016520944	29.1098382692	4999.44503476	0.428085856899	15385.972825	53.5107321124	2.633862495422364	2.711637258529663	2.209678649902344	3.817115068435669	2.891204833984375	2.8731889724731445	2.6711015701293945	2.534914493560791	0.3124307692050934	0.34594202041625977
Prioneninfektion	Prioneninfektion	154	12	9	1018,1033	b5	5	biology	0	16			0	0	0	0	0	0	0	1	0	0	0	0	NN	Prioneninfektion	16.0	nn	Prioneninfektion	16.0	pri-o-nen-in-fek-ti-on	7.0																													14.7521390914917	6.373628616333008	13.829740524291992	4.871033191680908	22.463478088378906	19.346195220947266	13.517657279968262	9.823710441589355	3.762521266937256	1.9345307039329782
verhindern	verhindern.	155	13	9	1034,1043	b5	5	biology	0	10		$.	0	0	0	0	0	1	0	0	0	0	0	0	VVINF	verhindern	10.0	vvinf	verhindern	10.0	ver-hin-dern	3.0	41.3004990878	42.1425322243	72.7827283013	1355.77962593	1024.40945556	378.709563551	79.3922982022	18986.5637426	45295.7645185	4002234.50252	8419980.47928	825414.697028	1365564.77367	322415.387258	423281.021242	23102.1601118	7335.96436261	7300.98319958	0.0160117080258	0.207681804801	0.0	0.0	29.7164121504	2.9966009983	0.0	0.0	29.7654626244	4.70894442589	1.5946658849716189	1.7971463203430176	1.5467467308044434	1.9280552864074707	3.582406997680664	3.201948881149292	5.836452484130859	5.716561317443848	30.15164566040039	29.88288640975952
